4th query was erroneous: got "Bold Street Social Club", but expected "The Peel Park Hotel"
6th query was erroneous: got "East dulwich tavern", but expected "The actress"
12th query was erroneous: got "The Nottingham Castle", but expected "Nolan's Freehouse"
18th query was erroneous: got "Jamie's Bar", but expected "Masonic Lodge"
19th query was erroneous: got "Snooker Club 147", but expected "St. Andrews Tavern"
24th query was erroneous: got "Kislingbury Bowls Club", but expected "The Olde Red Lion"
25th query was erroneous: got "East Cowes Conservative Club", but expected "White Hart Inn"
26th query was erroneous: got "Clowns & Jesters Nightclub", but expected "The Guide Dog Alehouse Ltd"
29th query was erroneous: got "Masonic Hall", but expected "The City & County"
32th query was erroneous: got "Harehills Labour Club", but expected "Harehills WMC"
36th query was erroneous: got "Dog & Duck", but expected "Linton Granta Football Club"
37th query was erroneous: got "Co-Op Sports and Social Club", but expected "Barrow Cricket Club"
42th query was erroneous: got "The Green Man", but expected "Greene King @ The Boars Head"
58th query was erroneous: got "Admiral Casino", but expected "The Royal Air Forces Association"
64th query was erroneous: got "Ahir Lorenzo's Bar Restaurant", but expected "The King Of Prussia"
66th query was erroneous: got "Pickwicks", but expected "Columba Club"
68th query was erroneous: got "Island Social Club", but expected "Seaham Harbour Cricket Club"
76th query was erroneous: got "The Prince of Wales", but expected "The Waterloo Pub"
79th query was erroneous: got "White Cross Inn", but expected "Bradley & Colnebridge WMC"
80th query was erroneous: got "Angel Inn", but expected "Ynysowen Rugby Club"
95th query was erroneous: got "Boro' of Bethnal Green Working Mens Club", but expected "Kings Arms"
99th query was erroneous: got "The Darnley Arms", but expected "The Ship"
100th query was erroneous: got "Shaldon Conservative Club & Association", but expected "The Ferry Boat Inn"
109th query was erroneous: got "Norwich Puppet Theatre", but expected "The Adam & Eve Public House"
110th query was erroneous: got "Brewdog", but expected "Compton Cross"
114th query was erroneous: got "Grosvenor Bar", but expected "Scottish Arts Club"
118th query was erroneous: got "Blundell Park Hotel", but expected "New Clee Constitutional Club Limited"
137th query was erroneous: got "Drapers' Bar and Restaurant", but expected "Ivy House"
157th query was erroneous: got "Ales Of The Unexpected", but expected "Westbrook Aqua Club"
158th query was erroneous: got "Corporation Pop (Hyde) Limited", but expected "Last Orders"
162th query was erroneous: got "Strathspey Bar", but expected "Elders Bar"
166th query was erroneous: got "Broadway Cafe", but expected "Broadway Bar Cafe"
172th query was erroneous: got "Moat House", but expected "Raf Association Club"
180th query was erroneous: got "Clarendon Hotel", but expected "Barley Mow"
182th query was erroneous: got "The Dead Crafty Beer Company", but expected "Rose And Crown"
190th query was erroneous: got "Ayya", but expected "RENDEZVOUS"
194th query was erroneous: got "Class 6", but expected "Showmans Sports Bar"
196th query was erroneous: got "Miners Arms", but expected "Rising Sun"
198th query was erroneous: got "Shelley Sports and Social Club", but expected "The Flying Ferret"
203th query was erroneous: got "Clarence Hotel", but expected "Mere Park Hotel"
219th query was erroneous: got "Albert Bar", but expected "Ross's Bar"
221th query was erroneous: got "Vane Arms", but expected "St Leonards Catholic Club"
229th query was erroneous: got "Albert Road Sports And Social Club", but expected "Horley & District Constitutional Club"
246th query was erroneous: got "Goodhart-Rendel Community Hall", but expected "King William IV"
251th query was erroneous: got "Red Lion", but expected "Cholmondeley Arms"
261th query was erroneous: got "Churchill Inn", but expected "The Stag and Hounds"
265th query was erroneous: got "The Villager", but expected "Wilsden Conservative Club"
269th query was erroneous: got "Fanny's Ale House", but expected "Ring O Bells"
270th query was erroneous: got "THE GATEHOUSE", but expected "The Town Wall Tavern"
273th query was erroneous: got "Brittle Star LTD", but expected "Kings Arms"
282th query was erroneous: got "The Bishop", but expected "The Gazebo"
284th query was erroneous: got "Free Haus", but expected "Wellington Inn"
287th query was erroneous: got "Jameson's Bar", but expected "The 19 Club"
298th query was erroneous: got "The Boars Head Volare", but expected "Welcome Tavern"
302th query was erroneous: got "333 Mother", but expected "Chicago Deep Dish Ltd"
303th query was erroneous: got "Envy", but expected "9 Bar"
306th query was erroneous: got "Shipley Conservative Club", but expected "Old House At Home (Bar Only)"
309th query was erroneous: got "The Broadwater", but expected "The Cricketers"
328th query was erroneous: got "Doc Ferry's Bar", but expected "YMCA"
329th query was erroneous: got "Foresters Arms", but expected "Junction Tavern"
330th query was erroneous: got "Dolphin Hotel", but expected "Bay Hotel"
343th query was erroneous: got "Bricklayers Arms", but expected "Duke Of York Public House"
357th query was erroneous: got "The Royal British Legion", but expected "Corsham Bowls Club"
375th query was erroneous: got "Willington WMC & Institute", but expected "Willington Football Club"
382th query was erroneous: got "Kennedy's Public House", but expected "Meltdown"
386th query was erroneous: got "Black Bull Hotel", but expected "Blaydon Staffs Club"
387th query was erroneous: got "Queens Head", but expected "The Oak"
388th query was erroneous: got "Oak Tree Inn", but expected "The Commercial"
395th query was erroneous: got "Sutton Residents Association", but expected "The Rose & Crown"
406th query was erroneous: got "Long Valley Sport And Social Club", but expected "The Railway Tavern"
409th query was erroneous: got "Balmoral Hotel", but expected "The Alma"
411th query was erroneous: got "Leigh Park Bowling Club", but expected "The Heron"
416th query was erroneous: got "Bar Serengeti", but expected "Volunteer Inn"
419th query was erroneous: got "Green Room, Lounge Bar", but expected "Lakeside Inn"
428th query was erroneous: got "The Anchor Inn", but expected "The Moon Pub"
438th query was erroneous: got "Fox & Grapes", but expected "The Nottingham Legend"
458th query was erroneous: got "Earlston Bowling Club", but expected "Ericildome Masonic Club"
463th query was erroneous: got "Anchor Bar", but expected "The Abbey Bar"
465th query was erroneous: got "The Mitre Public House", but expected "The Swan Public House"
475th query was erroneous: got "Auld Hoose", but expected "Buckhaven Bowling Club"
481th query was erroneous: got "Suttoners Sports and Social Club", but expected "Kinson Conservative Club"
484th query was erroneous: got "Panton Arms", but expected "The Alma"
492th query was erroneous: got "Bohemian Lounge Bar", but expected "St Peters Social Club"
507th query was erroneous: got "Alibi", but expected "Ridley Road Market Bar"
513th query was erroneous: got "Dirty Mac (At The Exchange)", but expected "The Poets Corner"
515th query was erroneous: got "Be At One", but expected "Sample Restaurant and Tilt Bar"
520th query was erroneous: got "The Robin", but expected "The Robin (kitchen)"
528th query was erroneous: got "Enderby Conservative Club", but expected "The New Inn"
529th query was erroneous: got "Cheers Sports Bar", but expected "The Lorne"
552th query was erroneous: got "Cochranes Sports & Social Club", but expected "The Master Cooper"
570th query was erroneous: got "Loons", but expected "King Johns Tavern"
579th query was erroneous: got "Crowd Of Favours", but expected "The Wardrobe"
583th query was erroneous: got "Taste of Cyprus in The Sun", but expected "The Queens Arms"
584th query was erroneous: got "Royal Air Force Association", but expected "The Three Horseshoes"
587th query was erroneous: got "Dee Inn", but expected "Flint Town United F.C"
589th query was erroneous: got "Affinity brew co.", but expected "Ancient foresters"
590th query was erroneous: got "Blends & The Academy Bar", but expected "Jonty Farmer"
601th query was erroneous: got "Foundry Arms", but expected "The Royal Mortar"
603th query was erroneous: got "19 Hospitality At Southwold Golf Club", but expected "The William Godell Pavilion"
605th query was erroneous: got "Dugdale Arms", but expected "Ighten Mount Bowling Club"
608th query was erroneous: got "Alfredo's Bar", but expected "Intermezzo"
609th query was erroneous: got "ADMIRAL CASINO", but expected "Obriens Cafe"
613th query was erroneous: got "Blackfriars", but expected "Black Isle Bar and Rooms"
616th query was erroneous: got "Duke of Edinburgh", but expected "Hope and Anchor"
620th query was erroneous: got "Derby Hotel", but expected "Swan Inn"
625th query was erroneous: got "The Great Food Factory Ltd @ Railway Bell", but expected "The Wheatsheaf"
628th query was erroneous: got "Bacup Conservative Club", but expected "Bacup Cricket Supporters Club"
638th query was erroneous: got "Fashion Cafe Bar", but expected "Roberts Club"
640th query was erroneous: got "Hedley Verity", but expected "The Dry Dock"
643th query was erroneous: got "Red Lion Public House", but expected "Wheatsheaf Inn"
645th query was erroneous: got "CASTLE MONA", but expected "LONDON ROAD BOWLING CLUB"
649th query was erroneous: got "18 Seven", but expected "Osborne Working Mens Club Ltd"
656th query was erroneous: got "Newcastle Companions Club", but expected "Nine"
659th query was erroneous: got "The Quay", but expected "The Oddfellows Arms"
665th query was erroneous: got "Greyhound", but expected "Builders Arms"
666th query was erroneous: got "Shh! Bar", but expected "St Pauls Working Men Club"
667th query was erroneous: got "Margrettes Pool & Snooker Bar", but expected "The Old Comical"
680th query was erroneous: got "Georgios Sports Bar", but expected "The Untraditional Pub"
686th query was erroneous: got "Kings Arms", but expected "The Inn at Bromyard"
687th query was erroneous: got "The Ram", but expected "Henrys Cafe & Bar"
688th query was erroneous: got "Cavendish Hotel", but expected "The Volunteers"
701th query was erroneous: got "Headland Social Club", but expected "The Cosmopolitan Hotel"
720th query was erroneous: got "Babble City", but expected "Slug and Lettuce"
721th query was erroneous: got "Miller & Carter", but expected "Brewhouse and Kitchen"
735th query was erroneous: got "Chip N Ern (Bar Only)", but expected "Ferrands Arms (Bar only)"
736th query was erroneous: got "Oli & Joes", but expected "Prudhoe & District United Services Club"
759th query was erroneous: got "Cross Keys Inn", but expected "Douglas Victoria Bowling Club"
760th query was erroneous: got "Clansman Bar", but expected "Dunoon Argyll Masonic Lodge No. 335"
769th query was erroneous: got "Kiss Nightclub", but expected "Time Restaurant And Cocktail Bar"
771th query was erroneous: got "Hillingdon Manor Cricket Club", but expected "Prince of Wales Sahara City"
772th query was erroneous: got "The Beehive P.H", but expected "The Two Brewers"
774th query was erroneous: got "The Boot Inn", but expected "The Coach House Inn"
781th query was erroneous: got "The Potters Wheel", but expected "The Travellers Rest"
783th query was erroneous: got "KINGS ARMS HOTEL", but expected "ROYAL OAK HOTEL"
784th query was erroneous: got "Phoenix Sports Club", but expected "VCD Athletic Club"
792th query was erroneous: got "Betty Nicols", but expected "Kirk And Bear"
808th query was erroneous: got "JUNIPER GREEN BOWLING CLUB", but expected "Juniper Green Inn"
810th query was erroneous: got "The Greyhound", but expected "The Windsor Castle"
814th query was erroneous: got "The Loft, Holme House", but expected "The Tipsy Toad"
819th query was erroneous: got "THE BLUE RADDLE", but expected "TOM BROWNS"
826th query was erroneous: got "Darlington Junior Unionist Club", but expected "Darlington Snooker Club"
838th query was erroneous: got "Cellar Bar", but expected "Airdrie Bowling Club"
842th query was erroneous: got "St Cuthberts RC Social Club", but expected "The Distillery"
847th query was erroneous: got "The Cheshire Cheese", but expected "The Joshua Bradley"
849th query was erroneous: got "Ardingly Inn", but expected "The Royal British Legion"
850th query was erroneous: got "Art School Cellars", but expected "Truth Grill"
851th query was erroneous: got "101 Nightclub", but expected "Royal No 1 Club"
857th query was erroneous: got "Kings Arms Public House", but expected "Royal British Legion Mitcham Club Lt"
871th query was erroneous: got "Pleasley Miners Institute", but expected "The Nag's Head"
872th query was erroneous: got "Dexter Burger At The Pendleton", but expected "The Plough Public House"
874th query was erroneous: got "Stobswell Bar", but expected "Balmore Bar"
878th query was erroneous: got "Darwen Tap", but expected "Hollins Grove Conservative Club"
886th query was erroneous: got "Culcheth Sports Club", but expected "The Pack Horse"
902th query was erroneous: got "The Eldon Arms", but expected "The Raven"
909th query was erroneous: got "VILLAGE TAVERN", but expected "WOLSTANTON CONSERVATIVE CLUB"
913th query was erroneous: got "Bridge Inn", but expected "The Cherry Orchard"
924th query was erroneous: got "Builders Arms", but expected "Hopetown & Whessoe WMC"
941th query was erroneous: got "Royal Maritime Club", but expected "The Ship And Castle"
945th query was erroneous: got "Cross Keys Hotel", but expected "Darfield Village Club WMC"
952th query was erroneous: got "Imperial Bar", but expected "Watts"
963th query was erroneous: got "Hykeham Bowls Club", but expected "Hykeham PFA Sports & Social Club"
964th query was erroneous: got "WEST KILBRIDE BOWLING CLUB", but expected "West Kilbride Masonic Club"
973th query was erroneous: got "Bradford Moor Golf Club (bar only)", but expected "Northcote Conservative Club (Bar only)"
974th query was erroneous: got "Bradley House Club", but expected "The Smithfield Hotel"
978th query was erroneous: got "Burley in Wharfedale Sports Club", but expected "The Burley Tap (Bar Only)"
987th query was erroneous: got "Clarendon Arms", but expected "The Elm Tree"
991th query was erroneous: got "Kings Head", but expected "Chalford Sports & Social Club"
998th query was erroneous: got "Brouge Bistros Ltd", but expected "Prince Of Wales"
1001th query was erroneous: got "Cask Tavern", but expected "The Kingfisher Wetherspoons"
1007th query was erroneous: got "Coopers", but expected "Jug & Glass"
1021th query was erroneous: got "Hockley Bowling Club", but expected "White Hart Inn Hockley Ltd"
1023th query was erroneous: got "Prohibition 144", but expected "Rita's Pantry"
1024th query was erroneous: got "RnR Wine Bar", but expected "Wishing Well"
1028th query was erroneous: got "The Spring Tavern", but expected "Wheatsheaf Inn"
1030th query was erroneous: got "Brixton Jamm", but expected "Crown \\& Anchor"
1035th query was erroneous: got "The King's Arms", but expected "The Willow House"
1041th query was erroneous: got "Boteco Do Brasil", but expected "The African Caribbean Centre"
1046th query was erroneous: got "All Bar One", but expected "Bills Produce Store"
1050th query was erroneous: got "Girdwood's Bar", but expected "Imperial Bar"
1052th query was erroneous: got "St Crispin Inn", but expected "The Blue Pigeons At Worth"
1055th query was erroneous: got "Divers Arms", but expected "Lyfe Lounge"
1056th query was erroneous: got "The Park (Bar only)", but expected "Wibsey Conservative Club (Bar only)"
1058th query was erroneous: got "Auld Hoose", but expected "Golfers Rest"
1075th query was erroneous: got "The Tavern", but expected "Fair Isle Bowling Club"
1078th query was erroneous: got "St James Wmc", but expected "Jimmy's Sports Bar"
1086th query was erroneous: got "Prince Of Wales Masonic Temple", but expected "Renfrew Bowling Club"
1095th query was erroneous: got "Royal British Legion Club", but expected "Wearside Masonic Temple"
1097th query was erroneous: got "Hawthorne Hotel", but expected "147 Snooker Club"
1101th query was erroneous: got "Wootton Working Mens Club", but expected "Yeoman Of England"
1105th query was erroneous: got "Arctic Bar", but expected "Number 57"
1106th query was erroneous: got "Dubmire R.B.L. Social Club", but expected "Free Gardeners Arms"
1107th query was erroneous: got "Cheema's American Pool And Snooker", but expected "The Stumble Inn"
1109th query was erroneous: got "Midland Hotel", but expected "Ole Int Wall"
1110th query was erroneous: got "All Bar One", but expected "Harry's Bar"
1114th query was erroneous: got "Grappenhall Ex Servicemens League", but expected "Springbrook"
1138th query was erroneous: got "RED LION", but expected "The 3 Horseshoes"
1139th query was erroneous: got "Plaistow Park Community Centre", but expected "The Lamb Public House"
1141th query was erroneous: got "Railway Sports & Social Club", but expected "Abbey Vaults"
1146th query was erroneous: got "The Quarry Stone", but expected "The Tannery"
1153th query was erroneous: got "Furnace Inn", but expected "Little Chester Ale House"
1166th query was erroneous: got "Breakwater Brewery", but expected "The Diamond"
1173th query was erroneous: got "O'Neills", but expected "Star And Garter"
1187th query was erroneous: got "FLEETWOOD WORKING MENS CLUB", but expected "J D WETHERSPOON PLC"
1194th query was erroneous: got "The Anchor Inn", but expected "The Catherines Inn"
1202th query was erroneous: got "Basement Complex", but expected "Downstairs At Sids"
1208th query was erroneous: got "Woodland Creatures", but expected "Abode Cafe Bar"
1211th query was erroneous: got "Cinema Bar", but expected "Turks Head"
1212th query was erroneous: got "Clayton & Keymer Royal British Legion", but expected "The Hassocks Hotel"
1226th query was erroneous: got "The Little Crown", but expected "Royal Albert"
1237th query was erroneous: got "Bare Gentleman's Club", but expected "Galante Cafe Restaurant and Bar"
1238th query was erroneous: got "New Adelphi Club", but expected "St Vincent's Social Club"
1239th query was erroneous: got "Stewarts Dockside Tap", but expected "The Fly Half"
1251th query was erroneous: got "R.A.F.A Albatross Club", but expected "Bexhill Sailing Club"
1255th query was erroneous: got "The Angel", but expected "The Kings Arms"
1258th query was erroneous: got "Teddington Arms", but expected "The Clock House Pub"
1268th query was erroneous: got "Elbow Room", but expected "The Dining Room"
1273th query was erroneous: got "Halo", but expected "Truth and Funki Griller"
1277th query was erroneous: got "The Mars Public House", but expected "The Painter's Arms"
1281th query was erroneous: got "The Black Lion PH", but expected "The Old Ship"
1282th query was erroneous: got "The Apple Tree", but expected "The Barley Mow"
1287th query was erroneous: got "Crosskeys Rugby Football Club Bar", but expected "Solar Strand Hotel"
1296th query was erroneous: got "Brewhouse and Kitchen Bristol", but expected "The Vittoria"
1297th query was erroneous: got "East Midlands Bridge Academy Limited", but expected "Malt Shovel"
1304th query was erroneous: got "Airlie Arms", but expected "Troll Inn"
1316th query was erroneous: got "The Mossy Well", but expected "The Venue N10"
1318th query was erroneous: got "Dodworth Miners Welfare Sports & Social Club", but expected "Travellers Inn"
1353th query was erroneous: got "The Albany", but expected "The Dittons Skiff & Punting Club"
1354th query was erroneous: got "The Kingfisher", but expected "Tom Metcalfe Centre"
1355th query was erroneous: got "Bacup Conservative Club", but expected "Welcome Arms"
1357th query was erroneous: got "Agricultural Hotel", but expected "The Station Hotel"
1375th query was erroneous: got "The Feathers", but expected "The Oddys"
1382th query was erroneous: got "Queens Head", but expected "The Gordon Arms"
1392th query was erroneous: got "Kings Head", but expected "Waltham British Legion Club"
1402th query was erroneous: got "Jane's Kitchen At Staines Conservative Club", but expected "The George"
1406th query was erroneous: got "Baxters", but expected "Man I The Rock"
1408th query was erroneous: got "Frodingham Road Club", but expected "Scunthorpe Polish Social Centre Ltd"
1415th query was erroneous: got "Broadway Casino", but expected "Bowlplex"
1418th query was erroneous: got "KINGS ARMS", but expected "LYMINGTON CONSERVATIVE CLUB LTD"
1422th query was erroneous: got "Boom Battle Bar", but expected "Gardeners Arms & Murderers Cafe Bar"
1426th query was erroneous: got "FUGGLE AND NUGGET", but expected "Burton Bridge Inn"
1427th query was erroneous: got "The Chaumer", but expected "Panda & Sons"
1445th query was erroneous: got "256 Wilmslow Road", but expected "Revolution"
1451th query was erroneous: got "Prince Regent Public House", but expected "The Albion"
1454th query was erroneous: got "The Boathouse", but expected "The Spotted Horse"
1457th query was erroneous: got "Seven Stars", but expected "Wyre Villa"
1459th query was erroneous: got "The Dolphin", but expected "Hillingdon Canal Club"
1470th query was erroneous: got "Todmorden Cricket Club - Clubhouse", but expected "Todmorden Cricket Club Tearoom"
1481th query was erroneous: got "Bar Forty Two", but expected "The Wandering Goose"
1494th query was erroneous: got "Dew Drop Inn", but expected "Kings Arms"
1502th query was erroneous: got "Marsden Cricket Club", but expected "Puleside Working Mens Club"
1508th query was erroneous: got "Civil Service Sports Association", but expected "The Yard Social Club"
1513th query was erroneous: got "Spyglass And Kettle", but expected "Wigmore & District Smallholders Club"
1529th query was erroneous: got "Hexham Ex Servicemens Club", but expected "Heart Of Northumberland"
1534th query was erroneous: got "Old Sharlston Cricket Club", but expected "Sharlston Villa Club And Institute"
1536th query was erroneous: got "The Lock", but expected "Leigh Arms"
1545th query was erroneous: got "Coach & Horses", but expected "Greyhound Vaults"
1547th query was erroneous: got "Earl of Clarendon", but expected "Sandgate Hotel"
1559th query was erroneous: got "Ambrose Hotel", but expected "Cunningham's"
1560th query was erroneous: got "Brewhouse", but expected "Clothiers Arms"
1563th query was erroneous: got "Avalon Constitutional Club", but expected "Beckets Inn"
1573th query was erroneous: got "Maerdy Hotel and Wine Bar", but expected "Maerdy Social Club & Institute"
1577th query was erroneous: got "Plough Inn", but expected "Y Goron Fach"
1579th query was erroneous: got "'Oswaldtwistle Social Club'", but expected "The Civic Arts Centre & Theatre (Wet Sales)"
1595th query was erroneous: got "Abbey Church Centre", but expected "The Crown"
1606th query was erroneous: got "Hornsea Ex Servicemen's Club", but expected "Stackhouse Bar"
1610th query was erroneous: got "Caffeine and Cocktails Reading at Kings Walk", but expected "The Great Expectations"
1618th query was erroneous: got "Union Tavern Public House", but expected "Crowne Plaza Kings Cross"
1621th query was erroneous: got "Sky Lounge", but expected "Victoria"
1624th query was erroneous: got "Old Cock", but expected "Northbar (Otley)"
1637th query was erroneous: got "Aberdour Bowling Club", but expected "Forester Arms"
1642th query was erroneous: got "Cross Keys", but expected "James Davie Catering"
1646th query was erroneous: got "Two Broomsticks", but expected "The Crook Hotel"
1669th query was erroneous: got "Charles XII", but expected "Deramore Arms"
1678th query was erroneous: got "SCOTT'S BAR", but expected "ABERDEEN INDOOR BOWLING CLUB"
1680th query was erroneous: got "Melrose Sports and Social Club", but expected "Masonic Hall"
1683th query was erroneous: got "The Normanby", but expected "The Miniature"
1691th query was erroneous: got "Ansdell Institute and Social Club", but expected "Lytham Bridge Club"
1710th query was erroneous: got "Cross Keys", but expected "The Paper Mills"
1718th query was erroneous: got "Barton Corn Exchange Club", but expected "The Old Mill"
1719th query was erroneous: got "Hednesford Town Football & Social Club", but expected "Littleworth Victory Working Mens Club"
1726th query was erroneous: got "Golf Club At Spital Dene And", but expected "Tynemouth Lodge Hotel"
1730th query was erroneous: got "Masonic Hall", but expected "Haworth Conservative Club (Bar Only)"
1736th query was erroneous: got "Bitter-Suite Micropub Ltd", but expected "Lichfield Conservative Club"
1744th query was erroneous: got "Barley Mow", but expected "Newbold R.F.Club"
1754th query was erroneous: got "Halstead Conservative Club", but expected "The Co-operative Food"
1758th query was erroneous: got "Royal Oak Inn", but expected "Rustic Inns"
1759th query was erroneous: got "Keighley Liberal Club (Bar Only)", but expected "The Livery Rooms"
1777th query was erroneous: got "Camis Lounge", but expected "Unicorn Inn"
1793th query was erroneous: got "Bell Foundry", but expected "Swan In The Rushes"
1804th query was erroneous: got "Bowling Green Inn", but expected "The Plough"
1808th query was erroneous: got "Silverhill Club", but expected "The Clarence Hotel"
1810th query was erroneous: got "The Darnley Arms", but expected "The Prince Albert"
1812th query was erroneous: got "Crosskeys Inn", but expected "Lodge St. Mary No 31"
1813th query was erroneous: got "The Grand Junction", but expected "The Wheatsheaf"
1817th query was erroneous: got "Cresswell Arms", but expected "Queens Head Hotel"
1834th query was erroneous: got "Black Bull", but expected "Childers"
1846th query was erroneous: got "Wisbech Rugby Union FC", but expected "Kennedys Sports Bar"
1868th query was erroneous: got "Blyth United Services Club", but expected "Blyth & Tyne Hotel"
1881th query was erroneous: got "The Crown", but expected "Brewdog"
1884th query was erroneous: got "Bacchus Bar", but expected "Jolly Brewers"
1887th query was erroneous: got "Fish On The Green", but expected "The White Horse"
1893th query was erroneous: got "The Bradford Arms Hotel", but expected "Dolphin Inn"
1894th query was erroneous: got "Brancaster 71 Club", but expected "The Ship Hotel"
1909th query was erroneous: got "Blue Posts Public House", but expected "Lockets"
1912th query was erroneous: got "Macclesfield Masonic Club", but expected "Chester Road Tavern"
1919th query was erroneous: got "Old Edwardians R F C", but expected "Weddington Social Club"
1922th query was erroneous: got "Kingsthorpe Bowls Club", but expected "Whitehills Public House"
1927th query was erroneous: got "Birtley Snooker Club", but expected "The Railway Hotel"
1943th query was erroneous: got "Queen Elizabeth Hostel", but expected "The Sands End"
1956th query was erroneous: got "Esher War Memorial Club", but expected "Hummings"
1959th query was erroneous: got "FERRANTI RECREATION CLUB", but expected "INVERLEITH RUGBY CLUB"
1971th query was erroneous: got "Bellslea Bar", but expected "Blacksands Bar"
1974th query was erroneous: got "City Arms", but expected "The Royal Oak"
1976th query was erroneous: got "Butlers Bistro", but expected "Mushroom Bar"
1977th query was erroneous: got "King William IV Hotel", but expected "Lord Nelson"
1980th query was erroneous: got "The Three Tuns", but expected "The Bull Inn"
1984th query was erroneous: got "Bodega", but expected "Malt Dog"
1986th query was erroneous: got "Mosborough Miners Welfare", but expected "Queens Hotel"
1991th query was erroneous: got "Bentinck Sports & Social Club", but expected "Newcastle Dance Centre"
2003th query was erroneous: got "Allan Leonard Lewis VC (Amber Taverns Ltd)", but expected "Neath Masonic Hall"
2016th query was erroneous: got "Postern Gate", but expected "Warrington & District Society for Deaf"
2027th query was erroneous: got "Old Original Bar", but expected "The Parkville Hotel"
2034th query was erroneous: got "Cleethorpes Home Guard Association", but expected "No 1 Refreshment Rooms"
2035th query was erroneous: got "Collycroft W M C", but expected "Miners Arms"
2038th query was erroneous: got "Bridge Inn", but expected "Flying Dutchman"
2039th query was erroneous: got "Liquorice Gardens", but expected "The Salvation Army"
2041th query was erroneous: got "The Old Anchor", but expected "Kings Head & Bell"
2043th query was erroneous: got "Last Orders", but expected "Red Lion Restaurant"
2048th query was erroneous: got "Ivy Leaf Club", but expected "The New Crown Public House"
2051th query was erroneous: got "Eston Institute & Working Mens Club", but expected "The Foundry North East Limited"
2055th query was erroneous: got "First And Last", but expected "The Rams Head"
2056th query was erroneous: got "The Bell", but expected "New Inn"
2063th query was erroneous: got "The Gate Public House", but expected "The White Lion"
2078th query was erroneous: got "Dartmoor Lodge No.4604", but expected "Packhorse"
2090th query was erroneous: got "Kings Arms", but expected "The Harefield"
2096th query was erroneous: got "Yardley Ex Servicemens Club", but expected "New Inn"
2097th query was erroneous: got "Bacchus", but expected "Bierex Smoke And Tap Bar"
2100th query was erroneous: got "Littleover Club", but expected "White Swan"
2115th query was erroneous: got "Morpeth Conservative Club", but expected "The Electrical Wizard"
2117th query was erroneous: got "Golden Lion", but expected "Leadgate Bowling Club"
2120th query was erroneous: got "Keith Royal British Legion", but expected "Railway Staff Association Keith Club"
2121th query was erroneous: got "The Jolly Botanist", but expected "Malones"
2130th query was erroneous: got "Auberge", but expected "Kings Arms"
2134th query was erroneous: got "Raikes Hall", but expected "Talbot Club"
2136th query was erroneous: got "Red Lion Hotel", but expected "Swan Hotel"
2141th query was erroneous: got "Crawley Eagles Cricket Clubhouse", but expected "Dr Samuel Johnson"
2144th query was erroneous: got "SOUTH CAERNARFONSHIRE YACHT CLUB", but expected "ST TUDWALS INN"
2150th query was erroneous: got "The Cosmopolitan Hotel", but expected "The Pot House"
2154th query was erroneous: got "The Full Moon", but expected "The Little Barrel"
2161th query was erroneous: got "Caley Sample Room", but expected "TYNECASTLE ARMS"
2164th query was erroneous: got "The Griffin", but expected "The Stamford Arms"
2165th query was erroneous: got "The Corner Bar", but expected "The Strand"
2175th query was erroneous: got "Bunk", but expected "Tangs Kitchen"
2178th query was erroneous: got "The Telegraph", but expected "The Boiler Shop"
2185th query was erroneous: got "Royal British Legion", but expected "Severn Vale Bowling Club"
2206th query was erroneous: got "Gravity", but expected "The Black Dog"
2209th query was erroneous: got "Ship Inn", but expected "The Match Room Sports & Social Club"
2227th query was erroneous: got "Astley Community Club", but expected "Astley Labour Club"
2231th query was erroneous: got "Red Lion Public House", but expected "St Stephens Tavern"
2238th query was erroneous: got "Barnsley Conservative Club", but expected "Belvedere"
2240th query was erroneous: got "All Bar One", but expected "Coeur De Lion Public House"
2256th query was erroneous: got "George & Dragon", but expected "The Last Post"
2272th query was erroneous: got "Blacksmiths Arms Ph", but expected "The Golden Lion Ph"
2283th query was erroneous: got "Banktop Tavern", but expected "Jacksons Pit"
2288th query was erroneous: got "Sutton Residents Association", but expected "The White Horse"
2296th query was erroneous: got "Maerdy Ex Servicemens Club", but expected "The Club House Maerdy Con"
2299th query was erroneous: got "The Black Horse", but expected "The Red Lion Inn"
2301th query was erroneous: got "Bannatyne Health Club", but expected "Queens Arms Public House"
2304th query was erroneous: got "Warwick Conservative Club", but expected "Alderson House (Warwick) Ltd"
2322th query was erroneous: got "Dunfermline West End Bowling Club", but expected "Rumblingwell"
2337th query was erroneous: got "Polish White Eagle Club", but expected "United Services Club Ltd"
2342th query was erroneous: got "Coton Sports & Social Club", but expected "The Rose Inn"
2359th query was erroneous: got "Airdrie Bowling Club", but expected "West End Bar"
2365th query was erroneous: got "Hurricane Room", but expected "Kings Head"
2378th query was erroneous: got "Morton Collins Brewing Co @ Star Inn", but expected "Walnut Tree Inn"
2395th query was erroneous: got "Ship Inn", but expected "The Sussex Arms"
2403th query was erroneous: got "The Albion Inn", but expected "The Four Candles Alehouse"
2406th query was erroneous: got "Angel Inn", but expected "Mansfield Woodhouse Ex-Service"
2410th query was erroneous: got "Fanny By Gas Light", but expected "Loudoun Arms"
2424th query was erroneous: got "Royal Bar", but expected "Ashton Bar"
2427th query was erroneous: got "Kings Head", but expected "Red Cow"
2434th query was erroneous: got "Anglers Rest", but expected "Sword Dancer"
2437th query was erroneous: got "Easterford Lodge Masonic Hall", but expected "The Angel PH"
2442th query was erroneous: got "Fiddlers Green", but expected "Overdraught"
2447th query was erroneous: got "(The) Taproom SE18", but expected "Dial Arch"
2449th query was erroneous: got "Seven Stars", but expected "The Portwall Tavern"
2457th query was erroneous: got "Surtees Hotel", but expected "Crook Masonic Hall"
2466th query was erroneous: got "The Southbank Bar", but expected "Trent Bridge Inn"
2468th query was erroneous: got "Diggle Band Club", but expected "The Gate Inn"
2500th query was erroneous: got "The Brampton Halt", but expected "The Spencer Arms"
2501th query was erroneous: got "Station Hotel", but expected "The Green Tree"
2513th query was erroneous: got "The Font Bar", but expected "The Cambridge"
2522th query was erroneous: got "The Berkeley Arms", but expected "The Crown"
2523th query was erroneous: got "The Dog And Duck", but expected "Mix"
2531th query was erroneous: got "Branwell House Social & Sport Club", but expected "Great Northern Hotel (Bar Only)"
2535th query was erroneous: got "Al's Juke Bar", but expected "Nightrain"
2542th query was erroneous: got "FOX AND HOUNDS", but expected "STAG HOTEL"
2545th query was erroneous: got "ABERDEEN GRAMMAR SCHOOL FORMER PUPILS CLUB", but expected "GORDONIANS F.P. CLUB"
2552th query was erroneous: got "The Crown Hotel", but expected "The Flat Tops"
2564th query was erroneous: got "The Flying Duck", but expected "The Station Bar"
2567th query was erroneous: got "Bar Republiq", but expected "FYEO"
2574th query was erroneous: got "Northwood Cricket Club", but expected "The Gate P H"
2578th query was erroneous: got "Old Cock Kitchen", but expected "The Old Cock Inn"
2580th query was erroneous: got "Cox's Yard", but expected "Red Lion"
2595th query was erroneous: got "The Dog at Wingham", but expected "The Anchor Inn"
2598th query was erroneous: got "Jenkins", but expected "Sherwood Manor"
2599th query was erroneous: got "Crystals", but expected "The Fat Walrus"
2600th query was erroneous: got "Bar Fever", but expected "The Horseshoe"
2607th query was erroneous: got "Morris Street Club", but expected "The Even Swindon Working Mens Club & Institute Ltd"
2613th query was erroneous: got "Malden Bowling Club", but expected "The Glasshouse"
2617th query was erroneous: got "Caledonian Bar", but expected "Invergordon Social & Rec Club"
2619th query was erroneous: got "Harlow Cricket Club", but expected "The Chequers Pub (Bar)"
2621th query was erroneous: got "Harbour Tavern", but expected "The George Hotel"
2623th query was erroneous: got "Higham Ferrers Town Bowls Club", but expected "Higham Town Band Club"
2626th query was erroneous: got "Old Hall Tavern", but expected "Royal British Legion Club"
2629th query was erroneous: got "Distillers", but expected "Old Suffolk Punch"
2631th query was erroneous: got "Four Sisters Public House", but expected "The Smokehouse"
2632th query was erroneous: got "Jamaica Wine House", but expected "The Counting House"
2633th query was erroneous: got "Malones", but expected "The Mercat Bar & Kitchen"
2634th query was erroneous: got "Bar One", but expected "The White Horse Inn"
2650th query was erroneous: got "Goldies Bar", but expected "John Walker Tavern"
2657th query was erroneous: got "Tap & T'Ales", but expected "The Grapes Inn"
2665th query was erroneous: got "Old England", but expected "Prince Of Wales"
2666th query was erroneous: got "The Byron", but expected "Wheatsheaf Hotel"
2668th query was erroneous: got "Birdies", but expected "Bush Inn"
2679th query was erroneous: got "Corner Pocket", but expected "High Society"
2684th query was erroneous: got "Coach & Horses", but expected "The Red Lantern"
2688th query was erroneous: got "Moon & Sixpence", but expected "Royal Oak"
2690th query was erroneous: got "Mill Inn", but expected "Forth Social & Leisure Club Ltd"
2695th query was erroneous: got "Waggon & Horses", but expected "Cue Ball Snooker"
2697th query was erroneous: got "Bottle & Cork", but expected "Ye Olde Foundry"
2708th query was erroneous: got "The Anchor 1774", but expected "Champagne Charlie's"
2712th query was erroneous: got "Kings Head Public House", but expected "The Cavendish"
2727th query was erroneous: got "Miners Arms", but expected "The Cricketers Inn"
2737th query was erroneous: got "Cross Keys", but expected "Wymondham Town Football Club"
2756th query was erroneous: got "Sabden Bowling Club", but expected "White Hart Inn"
2761th query was erroneous: got "Gunmakers", but expected "Union"
2770th query was erroneous: got "The Franklin Arms", but expected "Martha Gunn"
2773th query was erroneous: got "Frequency", but expected "The Mint Restaurant & Bar"
2774th query was erroneous: got "The Langley Park Hotel", but expected "The Rams Head"
2781th query was erroneous: got "Harrington Arms", but expected "The White Lion - Wet Sales"
2792th query was erroneous: got "Barton Corn Exchange Club", but expected "Wheatsheaf"
2800th query was erroneous: got "Stapenhill Football Club", but expected "The Crown"
2810th query was erroneous: got "Kingswinford Conservative Club", but expected "Swan Inn P H"
2812th query was erroneous: got "City Hotel", but expected "Service Station"
2819th query was erroneous: got "Prince Of Wales", but expected "The White Bear"
2824th query was erroneous: got "Thames Motor Yacht Club", but expected "Molesey Boat Club"
2826th query was erroneous: got "How Do You Do", but expected "The Staith House"
2827th query was erroneous: got "Phoenix", but expected "George canning"
2844th query was erroneous: got "Earl St Vincent", but expected "Camden Arms"
2845th query was erroneous: got "Claret Wine Bar", but expected "The Prince Of Wales"
2856th query was erroneous: got "Thatch & Thistle", but expected "Westfield Bowling Club"
2857th query was erroneous: got "Harvest Moon", but expected "Royal British Legion Club"
2862th query was erroneous: got "South Shields Snooker Centre", but expected "South Shields Catholic Mens Club Ltd"
2866th query was erroneous: got "Gala Y M Social Club", but expected "Reivers Sports Bar Limited"
2876th query was erroneous: got "Gosport Conservative Club Ltd", but expected "Stoke Snooker Club"
2879th query was erroneous: got "Kings Arms", but expected "The Orange Tree Hotel"
2886th query was erroneous: got "Heriot's Cricket Club", but expected "The Inverleith"
2888th query was erroneous: got "Crawcrook Social Club", but expected "Fox And Hounds"
2907th query was erroneous: got "The Cherry Orchard", but expected "Peacock Hotel"
2911th query was erroneous: got "The Dukes Head", but expected "The Cock Inn"
2912th query was erroneous: got "Lighthouse Inn", but expected "Talacre Beach Club"
2926th query was erroneous: got "Blackhall Rafa Club", but expected "Hardwick Hotel"
2929th query was erroneous: got "Oast House", but expected "Le Grog"
2938th query was erroneous: got "Royal Naval Association", but expected "Waterlooville Sports Bar"
2949th query was erroneous: got "Carlton Bingo", but expected "Downtown/Sinatras"
2952th query was erroneous: got "Hardys Free house", but expected "The Crown"
2962th query was erroneous: got "Doctor Browns", but expected "NOPS Club"
2971th query was erroneous: got "Boathouse Public House", but expected "Fort St George"
2974th query was erroneous: got "Jewel Of The Severn", but expected "The Stable Bar"
2987th query was erroneous: got "Almeida Coffee And Juice Bar", but expected "BrewDog"
2988th query was erroneous: got "Barley Mow Hotel", but expected "The Coffee House"
2989th query was erroneous: got "Wave Bar", but expected "Six Barrel Drafthouse Victoria"
2990th query was erroneous: got "CARMARTHEN QUINS RFC", but expected "DROVERS ARMS HOTEL"
2994th query was erroneous: got "Hull Ionians R.U.F.C.", but expected "The Half Moon"
3000th query was erroneous: got "Core", but expected "Enoteca Da Luca"
3001th query was erroneous: got "Elmbridge Arms", but expected "Weybridge Services & Social Club"
3012th query was erroneous: got "Bournbrook & Selly Oak Social Club", but expected "Bristol Pear"
3020th query was erroneous: got "The PavilionCommunity Sports & Social Club", but expected "The Wheatsheaf"
3023th query was erroneous: got "Apples and Pears", but expected "Bar Locks PH"
3026th query was erroneous: got "Walkden Legion Club Limited", but expected "GOLD Club"
3027th query was erroneous: got "The Hippodrome", but expected "The Red Lion Public House"
3069th query was erroneous: got "Abbey Church Centre", but expected "Welsh Harp"
3070th query was erroneous: got "Groove Pad Beer And Vinyls", but expected "Otley Conservative Club"
3071th query was erroneous: got "Club Amadeus", but expected "The Tithe"
3073th query was erroneous: got "Dog and Partridge", but expected "The Old Courts"
3105th query was erroneous: got "All Bar One", but expected "The Victory Club"
3106th query was erroneous: got "Danderhall Miners Social Club", but expected "Edmonstone Inn"
3109th query was erroneous: got "Halo", but expected "Sixty Million Postcards"
3113th query was erroneous: got "Kirkham & Wesham Cricket Club", but expected "Kirkham Conservative Club"
3114th query was erroneous: got "Magpie & Stump", but expected "All Bar One"
3121th query was erroneous: got "Lounge Bohemia", but expected "Shoreditch House"
3141th query was erroneous: got "British Legion Club", but expected "Acorn"
3143th query was erroneous: got "Muttleys", but expected "The Thomas Strawberry"
3150th query was erroneous: got "George Fourth", but expected "The Gate Public House"
3166th query was erroneous: got "Heckmondwike Masonic Hall", but expected "Wike Horse"
3169th query was erroneous: got "The Elm Tree", but expected "Clarendon Arms"
3177th query was erroneous: got "Brymbo Conservative Club", but expected "The Miners Arms"
3182th query was erroneous: got "Charleston Bar", but expected "Kettledrum"
3205th query was erroneous: got "Stockton Masonic Hall Limited", but expected "The Storytellers"
3207th query was erroneous: got "Rileys Sports Bar", but expected "The Jolly Brewer"
3209th query was erroneous: got "Greens Restaurant", but expected "The Kings Head"
3232th query was erroneous: got "Conservative Club", but expected "The New Entertainer"
3233th query was erroneous: got "147 Snooker Club", but expected "Hawthorne Hotel"
3234th query was erroneous: got "The Crown Inn", but expected "Cookhouse & Pub The Highwayman"
3248th query was erroneous: got "Robertson Park Bowling Club", but expected "The Flying Scotsman"
3251th query was erroneous: got "Tap and Brew", but expected "The Star Hotel"
3256th query was erroneous: got "Fizz N Chips", but expected "The Bear Town Cock"
3264th query was erroneous: got "Cyfarthfa Arms", but expected "Rose & Crown"
3266th query was erroneous: got "The Plume of Feathers PH", but expected "The Old George"
3271th query was erroneous: got "Farm Road Sports & Social", but expected "HEX"
3273th query was erroneous: got "27 Bar", but expected "310 Karaoke Lounge & Cafe"
3277th query was erroneous: got "O'Neills", but expected "The Old Gaol House"
3281th query was erroneous: got "Dover Bowling Club", but expected "Lava Lounge Bar"
3286th query was erroneous: got "Pen-Llan", but expected "The Village Inn"
3292th query was erroneous: got "Royal British Legion Club Ltd", but expected "The Old Bell Gate"
3305th query was erroneous: got "Cascara", but expected "Marquis Of Granby"
3306th query was erroneous: got "Belmont WMC", but expected "Beggar And Gentleman"
3313th query was erroneous: got "The Fountain Tavern", but expected "The Pawn"
3315th query was erroneous: got "Bar 31", but expected "JP's Bar"
3327th query was erroneous: got "Fair O'Blair", but expected "Number Thirty One"
3337th query was erroneous: got "BBB", but expected "The Palace Hotel"
3349th query was erroneous: got "Karns Wine Bar", but expected "The New Plough"
3360th query was erroneous: got "Devonshire Arms", but expected "St Josephs Social Club"
3365th query was erroneous: got "Crown Inn", but expected "The Two Lifeboats"
3372th query was erroneous: got "Bulkington Working Mens Club & Institute", but expected "Poppys Venue (formerly known as)"
3375th query was erroneous: got "Paggies Bar", but expected "The Kings Head"
3377th query was erroneous: got "Red Lion", but expected "Shilton Vaults"
3381th query was erroneous: got "COOP MICROBAR", but expected "THE BARLEYCORN"
3391th query was erroneous: got "The Grapes", but expected "Ye Cracke"
3393th query was erroneous: got "The Pod", but expected "The Ivy Bush Inn"
3405th query was erroneous: got "Du Vin Bouchers Limited", but expected "The Four Mary's"
3407th query was erroneous: got "Sandfield Social Club", but expected "White House Inn"
3411th query was erroneous: got "Jewel Of The Severn", but expected "The Atrium"
3424th query was erroneous: got "Seven Stars", but expected "Bradshaw Conservative Club"
3432th query was erroneous: got "Doc Ferry's Bar", but expected "The Gunners Bar"
3436th query was erroneous: got "Canal Bar & The Old Waggon and Horses", but expected "Elephant At The Market,The"
3440th query was erroneous: got "The Oyster Rooms", but expected "Broadway Bar And Grill"
3448th query was erroneous: got "The Beehive Inn", but expected "Staff of Life"
3450th query was erroneous: got "Jet", but expected "The Green Man"
3452th query was erroneous: got "The White Hart", but expected "The White Swan"
3453th query was erroneous: got "Dr Eamers Distillery Bar", but expected "The Garrison Micro Pub Ltd"
3459th query was erroneous: got "Houdini's Magic Bar", but expected "The Black Griffin"
3461th query was erroneous: got "Wilford Farm Inn", but expected "The Tailors Arms"
3462th query was erroneous: got "Shoulder of Mutton", but expected "Blackheath Coronation Social Club"
3472th query was erroneous: got "Blue Bell", but expected "Polly Bowls Club CIC"
3479th query was erroneous: got "Sawbridgeworth Football Club", but expected "The White Horse"
3481th query was erroneous: got "Grahamston Bowling Club", but expected "The Star Inn"
3485th query was erroneous: got "Mitre", but expected "Olivers"
3503th query was erroneous: got "Greenhouse Club", but expected "Nags Head"
3518th query was erroneous: got "BROCKENHURST FOOTBALL CLUB", but expected "THE HUNTSMAN OF BROCKENHURST"
3543th query was erroneous: got "Masbrough Sports & Social Club", but expected "New Inn"
3551th query was erroneous: got "Clock Inn", but expected "Ritz Bar"
3563th query was erroneous: got "Gomshall Village Sports and Social Club", but expected "The Compasses Inn"
3567th query was erroneous: got "Bully Wee Bar", but expected "West Of Scotland Bowling Club"
3570th query was erroneous: got "The Small Bar", but expected "The Village Inn"
3585th query was erroneous: got "Eston Institute & Working Mens Club", but expected "Queens Head"
3588th query was erroneous: got "Overstrand Conservative Club", but expected "Overstrand Court Hotel"
3590th query was erroneous: got "Battle Of Trafalgar", but expected "Duke Of Wellington"
3596th query was erroneous: got "Castle", but expected "Thirst Youth Cafe"
3598th query was erroneous: got "Cafe Habana", but expected "Jeremiah's Tap Room"
3604th query was erroneous: got "Pi Chorlton", but expected "The Font"
3607th query was erroneous: got "Black Tap", but expected "Easemore Social Club"
3608th query was erroneous: got "All Bar One", but expected "Hudson's House"
3613th query was erroneous: got "3 Royal Anglian Regt", but expected "Crown Meadow"
3616th query was erroneous: got "The Mailbox", but expected "Lincoln Jazz Cafe"
3619th query was erroneous: got "Boom Battle Bar", but expected "Woolpack Inn"
3622th query was erroneous: got "Georgic", but expected "The Butterfly And The Pig South"
3640th query was erroneous: got "The Bull Inn", but expected "The Harrison"
3645th query was erroneous: got "Burgh Arms", but expected "Central Bar"
3646th query was erroneous: got "Sherborne St John Social Club", but expected "The Swan"
3653th query was erroneous: got "Clevedon Conservative Club", but expected "Curzon Cinema"
3666th query was erroneous: got "Church Inn", but expected "Crown & Cushion"
3671th query was erroneous: got "George Hotel", but expected "Taproom"
3680th query was erroneous: got "Free Trade Inn", but expected "The Tyne Bar"
3682th query was erroneous: got "The Pub", but expected "The Corner Pocket"
3690th query was erroneous: got "Mecca Bingo", but expected "Station Hotel"
3691th query was erroneous: got "Dog and Partridge", but expected "The Royal Oak"
3705th query was erroneous: got "New Orleans (Louth) Club", but expected "The Pack Horse"
3713th query was erroneous: got "Eleusis Club", but expected "The Rose"
3732th query was erroneous: got "GARDENER'S ARMS", but expected "GILMERTON BOWLING CLUB"
3733th query was erroneous: got "Prince of Wales", but expected "Star Social Club"
3734th query was erroneous: got "Beechwood Tavern", but expected "The Montford Bar"
3737th query was erroneous: got "Chaplins", but expected "Ivy House"
3738th query was erroneous: got "LUTTON PLACE BOWLING CLUB", but expected "The Salisbury Arms"
3740th query was erroneous: got "Wortley Mens Club", but expected "St Marys Catholic Club"
3745th query was erroneous: got "Be at One", but expected "Steam Passage"
3751th query was erroneous: got "The Lord Palmerston", but expected "Northern Soul Bar & Kitchen"
3758th query was erroneous: got "Kirkby Stephen Sports & Social Club", but expected "The Black Bull Hotel"
3760th query was erroneous: got "Hoggs N Heifers", but expected "Black Bull Hotel"
3762th query was erroneous: got "Blundell Park Hotel", but expected "New Imperial Club"
3768th query was erroneous: got "Osnaburg", but expected "Canmore Bowling Club"
3778th query was erroneous: got "Millies Bar", but expected "The Red Lion Club"
3779th query was erroneous: got "Coorie In @ The Black Bull", but expected "Spur Hotel"
3781th query was erroneous: got "612 CLUB", but expected "WOODSIDE SPORTS COMPLEX"
3784th query was erroneous: got "Plough Inn", but expected "The Victoria Club"
3788th query was erroneous: got "Bullet Sports & Social Club", but expected "Grimethorpe W M C"
3792th query was erroneous: got "Kraftt", but expected "The Hen House"
3794th query was erroneous: got "Horseshoe Bar", but expected "Castle Rooms"
3806th query was erroneous: got "360 Champagne And Cocktails", but expected "Back Room"
3817th query was erroneous: got "The Whitehall", but expected "Travellers Inn"
3832th query was erroneous: got "Clockwork Kitchen", but expected "The Britannia"
3834th query was erroneous: got "Cold Harbour", but expected "Heart In Hand"
3838th query was erroneous: got "Macies Bar", but expected "Royal Naval Association"
3839th query was erroneous: got "Hole in the Wall", but expected "The Hive"
3846th query was erroneous: got "The Lord High Admiral", but expected "The Office"
3851th query was erroneous: got "Cross Daggers", but expected "The Chequers"
3856th query was erroneous: got "The Shack 68", but expected "Twickenham District Masonic Council Ltd"
3867th query was erroneous: got "CLARKS BAR", but expected "SMITHIES ALE HOUSE"
3868th query was erroneous: got "Orpington Conservative Club - Bar", but expected "Orpington Liberal Club"
3880th query was erroneous: got "Hutton Cricket Club", but expected "St Stephens Church"
3882th query was erroneous: got "IONA BAR", but expected "FOUR IN HAND"
3900th query was erroneous: got "The Board Inn", but expected "Black Lion"
3903th query was erroneous: got "Club Bliss", but expected "Bar Bliss"
3916th query was erroneous: got "Prince Georges Club", but expected "The Edward Rayne"
3920th query was erroneous: got "The Tip Inn", but expected "Eclipse Inn"
3921th query was erroneous: got "The Rising Sun", but expected "Brooklyn Bar"
3924th query was erroneous: got "Jolly Hatters Inn", but expected "The Bay Horse"
3927th query was erroneous: got "Royal British Legion", but expected "Beach Comber Club (Thornley Leisure Ltd)"
3930th query was erroneous: got "Pembroke Gardens Bowling Club", but expected "The Pembroke"
3935th query was erroneous: got "Dukes Head", but expected "The Winchester House Club"
3936th query was erroneous: got "Masonic/Volunteer Arms", but expected "Black Bull Inn"
3938th query was erroneous: got "Cinderford Miners Welfare Association", but expected "The Golden Lion"
3949th query was erroneous: got "Sweyn Forkbeard", but expected "The Eight Jolly Brewers"
3952th query was erroneous: got "Queens Head", but expected "The White Swan"
3965th query was erroneous: got "Crown & Horseshoes", but expected "Moon Under Water"
3966th query was erroneous: got "Black Bull", but expected "White Bull"
3967th query was erroneous: got "Carlton Club", but expected "Durham Ox"
3968th query was erroneous: got "Art School Cellars", but expected "Blackburne Arms"
3969th query was erroneous: got "Kirkley & Pakefield Community Sports & Social Club", but expected "The Carlton"
3971th query was erroneous: got "Cliftonville Inn", but expected "Pocket Rocket"
3979th query was erroneous: got "Bloom", but expected "The Unicorn Inn"
3989th query was erroneous: got "O'Briens", but expected "Prince Arthur"
3992th query was erroneous: got "STREATHAM CONSERVATIVE CLUB", but expected "The Furzedown"
3993th query was erroneous: got "Outlook", but expected "South Street Arts Centre Bar"
3995th query was erroneous: got "Auction Room Ltd", but expected "Executive Snooker Club"
4009th query was erroneous: got "Balloon Bar / Restaurant", but expected "NB's"
4018th query was erroneous: got "The Shoulder of Mutton", but expected "The Black Bull"
4019th query was erroneous: got "Mount Pleasant", but expected "Round Oak Inn"
4024th query was erroneous: got "The Ship Inn", but expected "Ye Olde George Inn"
4027th query was erroneous: got "Aristocrat", but expected "The Bricklayers Arms"
4029th query was erroneous: got "Coach & Horses", but expected "Marble Tap Room"
4034th query was erroneous: got "Moorland Hall", but expected "Rest And Be Thankful"
4035th query was erroneous: got "Llwyncelyn Hotel", but expected "Snooker and Cues"
4043th query was erroneous: got "Slug And Lettuce", but expected "The Common Room"
4049th query was erroneous: got "Pollards Inn", but expected "Bishop Auckland Hospital Social Club"
4056th query was erroneous: got "52 Canoes", but expected "Dragon Fly"
4079th query was erroneous: got "The Woolpack Yard", but expected "The Gatherers"
4100th query was erroneous: got "Pontardulais Workingmens Club", but expected "Wheatsheaf Hotel"
4103th query was erroneous: got "Angels", but expected "The Clock Tower"
4113th query was erroneous: got "Micklehurst Cricket Club", but expected "Stamford Arms"
4120th query was erroneous: got "Bar Broadway", but expected "Infinity Bar"
4128th query was erroneous: got "Brennan's Bar", but expected "Che Bar"
4144th query was erroneous: got "Royal British Legion Club", but expected "Stourport Masonic Club"
4150th query was erroneous: got "Sink Pong", but expected "23 Paul Street"
4158th query was erroneous: got "Assembly Rooms", but expected "The Bridge"
4163th query was erroneous: got "Barrow boy & banker", but expected "The mudlark"
4167th query was erroneous: got "Jack's Tipple", but expected "Shoulder Of Mutton Inn"
4172th query was erroneous: got "Bedfords", but expected "The Wallow"
4174th query was erroneous: got "The Fat Cat Public House", but expected "The Old Times Public House"
4180th query was erroneous: got "New Inn", but expected "The Morecambe Hotel"
4183th query was erroneous: got "The Junction", but expected "Upminster Masonic Hall Co Ltd"
4193th query was erroneous: got "City of York", but expected "Penderel's Oak"
4196th query was erroneous: got "Old England", but expected "The Piper"
4204th query was erroneous: got "Two Chimneys", but expected "Angels Hotel"
4207th query was erroneous: got "Railway Inn", but expected "The Byron"
4213th query was erroneous: got "Knights Of St. Columb Club", but expected "Millom Conservative Club"
4221th query was erroneous: got "Farmers Arms", but expected "Thornhill Bowling Club"
4223th query was erroneous: got "Mark Moor Bowling Club", but expected "White Horse Inn"
4234th query was erroneous: got "Tap & Stone", but expected "The Red Lion"
4236th query was erroneous: got "Annie Murrays", but expected "The Civic"
4240th query was erroneous: got "Sulgrave Club", but expected "The Duchess Of Cambridge"
4241th query was erroneous: got "Central Bar", but expected "Peebles Rugby Football Club"
4243th query was erroneous: got "Be At One", but expected "Belushi's And St Christopher's"
4253th query was erroneous: got "The Warehouse", but expected "The George"
4267th query was erroneous: got "Madisons", but expected "Newark Tennis Club"
4275th query was erroneous: got "Bell Inn", but expected "Rainbow Inn"
4277th query was erroneous: got "The Deck", but expected "Hop & Grape"
4294th query was erroneous: got "Lots Road Pub & Dining room", but expected "Chelsea Ram PH"
4298th query was erroneous: got "Jolly Farmer", but expected "Manston Sports & Social Club"
4308th query was erroneous: got "The Fat Walrus", but expected "Marquis of Granby"
4319th query was erroneous: got "Masonic Hall", but expected "The Pennine Boutique Hotel"
4327th query was erroneous: got "Overstrand Conservative Club", but expected "White Horse PH"
4330th query was erroneous: got "The Auld Mill", but expected "The Gluepot P.H."
4332th query was erroneous: got "Arvon Ales Ltd", but expected "The Temple Bar"
4339th query was erroneous: got "Bootleg Social", but expected "Ramsden Arms"
4340th query was erroneous: got "Downside Sports & Social Club", but expected "The Cricketers"
4345th query was erroneous: got "Aldersgate Welcome Inn", but expected "Young's Club"
4352th query was erroneous: got "McChuills", but expected "The 13th Note"
4358th query was erroneous: got "Beau Geste", but expected "Foresters Call"
4374th query was erroneous: got "Hart Inn", but expected "The Cornerstone"
4383th query was erroneous: got "Bankside house", but expected "White hart"
4385th query was erroneous: got "Beastfair Vaults", but expected "Golden Ball Public House"
4407th query was erroneous: got "Queens Arms", but expected "The Weavers"
4425th query was erroneous: got "Dumfries Bowling Club", but expected "Waverley Bar"
4427th query was erroneous: got "The Brynymor Hotel", but expected "The Mill"
4428th query was erroneous: got "Duke of Cornwall Inn", but expected "Erme Lodge Social Club"
4437th query was erroneous: got "Moon Spinners", but expected "Waggon Inn"
4440th query was erroneous: got "The Bulls Head", but expected "The Spotted Dog"
4446th query was erroneous: got "Area", but expected "THOR'S Tipi Bar"
4454th query was erroneous: got "Mr Pickwick", but expected "Milton Arms Public House"
4463th query was erroneous: got "Harvester Aylesbury", but expected "The Charter PH"
4467th query was erroneous: got "Drouthy Neebors", but expected "The Dagda Bar"
4469th query was erroneous: got "Manchester United", but expected "The Bishop Blaize"
4471th query was erroneous: got "Bar Fever", but expected "The Palace"
4479th query was erroneous: got "Kiss the Sky", but expected "Small Beer"
4484th query was erroneous: got "The Oyster Bed", but expected "Whitstable Rugby Football Club"
4488th query was erroneous: got "Bear Inn", but expected "Gladstone Arms"
4498th query was erroneous: got "Freckleton Sports and Social Club", but expected "Coach and Horses"
4499th query was erroneous: got "Bar Vino Ltd", but expected "Town Crier"
4500th query was erroneous: got "The Parchment Makers", but expected "The Robin Hood"
4501th query was erroneous: got "Admiral Sir John Borlase Warren", but expected "The Millipede Ale House"
4502th query was erroneous: got "Admiral Hawke", but expected "Sunbury Conservative Club"
4503th query was erroneous: got "Arundel Ex-service Mens Club", but expected "Manor Estate Social Club"
4506th query was erroneous: got "Thornham Cricket Club", but expected "Hopwood Arms"
4508th query was erroneous: got "Abergavenny Conservative Club", but expected "The Bailey"
4510th query was erroneous: got "Belushi's And St Christopher's", but expected "Eventim Apollo"
4515th query was erroneous: got "Darfield Conservative Club", but expected "The Darfield"
4523th query was erroneous: got "Bell & Crown", but expected "The Plough Inn"
4525th query was erroneous: got "Eastney Tavern", but expected "R M A Tavern"
4529th query was erroneous: got "Peacock Inn", but expected "The Tavern"
4547th query was erroneous: got "Preston Cricket Club", but expected "Preston & Eaglescliffe Mens Club"
4548th query was erroneous: got "KNUTTON EX-SERVICEMANS CLUB", but expected "Greyhound Inn"
4555th query was erroneous: got "DG Taylors Ltd @N&D Indoor Bowls Ass", but expected "Queen Adelaide"
4557th query was erroneous: got "Catts Inn", but expected "The Kings Arms"
4568th query was erroneous: got "Dundas", but expected "Lodge Zetland 391"
4569th query was erroneous: got "White Horse Hotel", but expected "Skinners Arms"
4574th query was erroneous: got "Brooklyn Bar And Billiards", but expected "The Junction"
4576th query was erroneous: got "Sidmouth Rugby Club", but expected "Sidmouth Bowling Club"
4579th query was erroneous: got "Bar 360 2009 Ltd", but expected "Gossip"
4594th query was erroneous: got "Fountain Inn", but expected "Wheelhouse"
4598th query was erroneous: got "The Claregate", but expected "Hail To The Ale Micropub"
4603th query was erroneous: got "Comrades Sports & Social Club", but expected "Boardwalk Bar and Grill"
4627th query was erroneous: got "The Malt", but expected "White Hart"
4628th query was erroneous: got "Bourne & Hollingsworth", but expected "Genuine Liquorette"
4630th query was erroneous: got "Appledore Inn", but expected "Laceys Ale And Cider House"
4633th query was erroneous: got "Bamford Fieldhouse Cricket Club", but expected "Bamford Bowling Club"
4648th query was erroneous: got "Acomb & District Conservative Club", but expected "Marcia Grey"
4649th query was erroneous: got "O'Neills Ealing", but expected "The Riding Wine Company"
4652th query was erroneous: got "Princess of Wales", but expected "The Queens"
4655th query was erroneous: got "The White Horse", but expected "Whitwick Constitutional Club"
4663th query was erroneous: got "Cupar Arms", but expected "Westport Tavern"
4672th query was erroneous: got "Hed On Inn", but expected "Queens Head"
4679th query was erroneous: got "The King & Queen", but expected "The Old Eden"
4681th query was erroneous: got "Ringstead Village Social Club", but expected "The Axe And Compass"
4688th query was erroneous: got "290 Social Club", but expected "Dalry Bowling Club"
4695th query was erroneous: got "The Edward Rayne", but expected "Prince Georges Club"
4696th query was erroneous: got "Heywood Civic Centre", but expected "Newmarket Hotel"
4698th query was erroneous: got "The Bridge House", but expected "Barley Mow"
4700th query was erroneous: got "The New County Bar", but expected "Colliers"
4705th query was erroneous: got "Bar One", but expected "The Elms Bar"
4706th query was erroneous: got "Siddal Ex-Servicemens Club", but expected "Siddal Place Hotel"
4726th query was erroneous: got "The Jolly Potters", but expected "The Chequered Flag"
4756th query was erroneous: got "Crystal Palace", but expected "Lamb And Lion"
4766th query was erroneous: got "LODGE 1029 COLINTON AND CURRIE", but expected "THE WOODHALL ARMS"
4775th query was erroneous: got "Formby Golf Club", but expected "Formby Artisans Golf Club"
4791th query was erroneous: got "Burns Tavern", but expected "Clansman"
4795th query was erroneous: got "Social Bar", but expected "The Park"
4810th query was erroneous: got "Catering @ Kirklands Hotel", but expected "Outwood Working Mens Club"
4813th query was erroneous: got "Belvedere North Conservative Club", but expected "Belvedere Working Men's Club"
4820th query was erroneous: got "Paisley Rugby Club", but expected "Anchor Bowling Club"
4821th query was erroneous: got "Quart in a Pint Pot", but expected "The Princess of Wales"
4823th query was erroneous: got "Brennan's Bar", but expected "Ku Bar"
4831th query was erroneous: got "Golden Eagle", but expected "The Beehive"
4833th query was erroneous: got "The Harbour Club (bar)", but expected "The Mooring"
4834th query was erroneous: got "The Blue Anchor", but expected "The Pelham Arms"
4835th query was erroneous: got "Pier Hotel", but expected "The Ship PH"
4840th query was erroneous: got "The City Club", but expected "Wig & Pen Public House"
4842th query was erroneous: got "Newsham Hotel", but expected "Willow Tree Inn"
4844th query was erroneous: got "Slug and Lettuce Public House", but expected "The Railway Bell Public House"
4845th query was erroneous: got "Saracen Bar", but expected "The Standard Inn"
4847th query was erroneous: got "Nailsea Micropub", but expected "The Coates House"
4858th query was erroneous: got "Newchurch & Dist.Conservative", but expected "Rawtenstall Cricket Club"
4859th query was erroneous: got "Lindley Masonic Hall", but expected "Marsh Liberal Club"
4862th query was erroneous: got "Chippenham Golf Club", but expected "The Cepen Park"
4874th query was erroneous: got "Boombox", but expected "The Cutter Hotel"
4878th query was erroneous: got "Onyx", but expected "Revolucion De Cuba"
4884th query was erroneous: got "Hurk Ltd, Beer and BBQ", but expected "Howling Hops"
4888th query was erroneous: got "Bald Faced Stag", but expected "Gertie Brownes"
4894th query was erroneous: got "Bovingdon Bowls Club", but expected "The Bell Inn"
4903th query was erroneous: got "Frankies Wine Bar", but expected "Royal British Legion Club Ltd"
4916th query was erroneous: got "Bounce", but expected "The One Tun"
4924th query was erroneous: got "The Twa Dugs", but expected "The Kings Arms"
4928th query was erroneous: got "The George", but expected "Tanyard Lane Bar & Kitchen"
4937th query was erroneous: got "Flixton Ex Service Mens Club", but expected "Old Urmstonians & Stretfordian"
4947th query was erroneous: got "Eagle", but expected "Kings Arms"
4951th query was erroneous: got "Barley Mow", but expected "The Parcel Yard"
4971th query was erroneous: got "The Maypole", but expected "Horse & Jockey"
4979th query was erroneous: got "Byrons Rest", but expected "Havana Blue"
4984th query was erroneous: got "The Kings Head", but expected "The Vaults"
4988th query was erroneous: got "Haunted", but expected "TearAByte"
5013th query was erroneous: got "Bar Eireann", but expected "The Chequers"
5022th query was erroneous: got "Half Moon Inn", but expected "Londesborough Arms"
5026th query was erroneous: got "Captain Morgans", but expected "Eastcote Royal British Legion"
5041th query was erroneous: got "CAPPELLO LOUNGE", but expected "OLD BULLS HEAD"
5046th query was erroneous: got "Club Horizon and The Granary", but expected "Pipemakers Arms"
5067th query was erroneous: got "Buckhurst Hill Bowling &", but expected "St Johns Centenary Hall"
5079th query was erroneous: got "Barnoldswick Conservative Club", but expected "Barnoldswick WMC"
5081th query was erroneous: got "Shepherds Port Bar", but expected "Snettisham Beach Sailing Club"
5089th query was erroneous: got "Hall Bower Cricket Club", but expected "Hall Bower Club"
5097th query was erroneous: got "Boothstown Royal British Legion", but expected "The Royal Oak"
5100th query was erroneous: got "Prince Of Wales", but expected "The Barrington Arms"
5102th query was erroneous: got "Bridge View", but expected "Wellington Hotel"
5110th query was erroneous: got "Golden Fleece", but expected "The Wheatsheaf"
5116th query was erroneous: got "Coral Sea", but expected "The Sovereign Of The Seas"
5121th query was erroneous: got "Staffordshire Grill", but expected "The Swan Hotel"
5125th query was erroneous: got "Ashton Tap House", but expected "Bowling Green Hotel"
5133th query was erroneous: got "The Tap And Spile", but expected "Xanders"
5153th query was erroneous: got "Al Bader Restaurant", but expected "The Yard"
5161th query was erroneous: got "Raven (Rotherham) Ltd", but expected "The Cavalier"
5166th query was erroneous: got "Benton Conservative Club Ltd", but expected "Four Lane Ends Social Club"
5196th query was erroneous: got "The Kings Head Hotel", but expected "RAOB Club & Institute"
5197th query was erroneous: got "Harvest Moon", but expected "White Hart"
5199th query was erroneous: got "Spring Grove Tavern", but expected "White Swan Inn"
5208th query was erroneous: got "The Gloucester", but expected "Nag's Head Public House"
5209th query was erroneous: got "Royal British Legion Club", but expected "The Stuart Arms"
5214th query was erroneous: got "Fitness Pod At Middlesex University", but expected "The Greyhound"
5221th query was erroneous: got "Shears Inn", but expected "The Cross Keys Inn"
5225th query was erroneous: got "Orocco Pier", but expected "LODGE ST MARGARET SOCIAL CLUB"
5227th query was erroneous: got "The Salvation Army", but expected "Worksop Cricket & Sports Club"
5230th query was erroneous: got "THE OLD GEORGE", but expected "CRICKETERS ARMS"
5231th query was erroneous: got "The Pennsylvanian", but expected "The Feathers Public House"
5233th query was erroneous: got "Criterion Bar", but expected "Lewis Bar"
5234th query was erroneous: got "Seagull Club", but expected "The Jungle Club"
5235th query was erroneous: got "Duke of York", but expected "Hop O'Clock"
5237th query was erroneous: got "Paul Kirner's Music Palace", but expected "Union Jack Ex Servicemens Club"
5247th query was erroneous: got "Leith Depot", but expected "The Brig"
5254th query was erroneous: got "Swinerton Hall", but expected "The Grey Horse"
5255th query was erroneous: got "Chasers", but expected "Commercial Inn"
5264th query was erroneous: got "Jeremiah's Tap Room", but expected "Planet Bar & Kitchen"
5266th query was erroneous: got "The Drapers Arms Public House", but expected "The Regent"
5267th query was erroneous: got "Doncaster Tenpin", but expected "The Cheswold"
5269th query was erroneous: got "Anchor Hotel", but expected "Darwen Cricket Club"
5271th query was erroneous: got "Hebburn Protestant Conservative Club", but expected "Hebburn Iona Club Ltd"
5278th query was erroneous: got "Beer in Hand", but expected "Horse & Groom"
5282th query was erroneous: got "Bowling Club", but expected "Lodge St Fothads"
5284th query was erroneous: got "Cotswold Playhouse", but expected "Cross Hands Inn"
5285th query was erroneous: got "Cowcliffe Liberal Club", but expected "Shepherds Arms"
5292th query was erroneous: got "Anne Of Cleves", but expected "Noels Arms"
5297th query was erroneous: got "Exmouth Arms Euston", but expected "Shaker and Company"
5305th query was erroneous: got "Soldiers Sailors Club (Bar Only)", but expected "The Goats Head (Bar Only)"
5308th query was erroneous: got "Orbit brewing", but expected "Red lion"
5316th query was erroneous: got "O'Shea's", but expected "Hibbert Arms"
5318th query was erroneous: got "Dog & Gun", but expected "Queen Victoria"
5320th query was erroneous: got "The Clock Public House", but expected "The Old Moseley Arms"
5323th query was erroneous: got "Half Moon Inn", but expected "The Boat Club"
5324th query was erroneous: got "Llanfair Arms", but expected "Pen Y Bryn Hotel"
5329th query was erroneous: got "The Bull PH", but expected "The Picture Palace"
5337th query was erroneous: got "The Black Horse Inn", but expected "The George"
5338th query was erroneous: got "ANGLESEY ARMS LTD", but expected "ROYAL WELSH YACHT CLUB"
5342th query was erroneous: got "The Bush Inn", but expected "The Hobby Horse"
5349th query was erroneous: got "Cherry Tree", but expected "Culcheth Village Club"
5358th query was erroneous: got "The Boat", but expected "The Rising Sun"
5367th query was erroneous: got "Prince Albert", but expected "Victoria Inn"
5369th query was erroneous: got "POT8'S", but expected "Red Lion Hotel"
5373th query was erroneous: got "Abbeydale Golf Club Ltd", but expected "Castle Inn"
5376th query was erroneous: got "Crawcrook Social Club", but expected "Lambs Arms Inn"
5378th query was erroneous: got "The Colliery Tavern", but expected "The Crown Hotel"
5381th query was erroneous: got "Kings Head Hotel", but expected "Woolpack Inn"
5399th query was erroneous: got "Shiney Row Masonic Hall", but expected "Shoulder Of Mutton"
5402th query was erroneous: got "British Legion Social Club", but expected "Twa Dugs"
5405th query was erroneous: got "The Little Windsor", but expected "The Lord Nelson"
5406th query was erroneous: got "Houldsworth Arms", but expected "Houldsworth Working Mens Club"
5420th query was erroneous: got "Black Bull", but expected "The Red Lion"
5425th query was erroneous: got "Newark Hall", but expected "The Crown Inn"
5429th query was erroneous: got "Rams Head", but expected "The Lord Mountbatten"
5440th query was erroneous: got "GC Kitchen @ The Good Companions", but expected "Shakey's Kitchen - Shakespeare's Head"
5443th query was erroneous: got "Kite at The Red Hart", but expected "Twisted Fabric"
5448th query was erroneous: got "Fox and Goose", but expected "The Swinley"
5453th query was erroneous: got "Leverington Sports & Social Club", but expected "The Rising Sun"
5458th query was erroneous: got "Crown Tavern Bar", but expected "Mill Street Pub & Kitchen"
5460th query was erroneous: got "Ballers", but expected "Joey's Bar"
5464th query was erroneous: got "Kennys Sports Bar", but expected "Market Vaults"
5468th query was erroneous: got "Generous Pioneer", but expected "Burley Social Club (Bar Only)"
5472th query was erroneous: got "Sherwood Manor", but expected "The Crimson Tree"
5482th query was erroneous: got "WNSC (Shooting Club Kitchen)", but expected "Worcester Norton Sports Club"
5504th query was erroneous: got "BJS Retail Limited @ Sass Cafe & Bar", but expected "Olea"
5506th query was erroneous: got "The Fox And Castle", but expected "The Old Windsor Club"
5511th query was erroneous: got "Industry Tap", but expected "Lord Nelson"
5512th query was erroneous: got "Bemerton Conservative Club", but expected "Salisbury & South Wilts Sports Club"
5514th query was erroneous: got "The Border Club", but expected "The Bridge"
5515th query was erroneous: got "Blair Hall (Orange Lodge Meeting Place) LOL228", but expected "Lodge Nisbet Social Club"
5519th query was erroneous: got "George Inn", but expected "Robertsbridge Club"
5520th query was erroneous: got "The Good Mixer", but expected "Earl of Camden"
5527th query was erroneous: got "Bar Pina Ltd", but expected "Kelham Kitchen & Wine Bar"
5529th query was erroneous: got "The Railway Arms", but expected "The Victoria Public House"
5537th query was erroneous: got "The Sun Inn", but expected "The Crown Inn"
5538th query was erroneous: got "Milap Club", but expected "The Charny"
5540th query was erroneous: got "GWRSA", but expected "The Thatched Tavern"
5546th query was erroneous: got "Kings Head Public House", but expected "Phoenix"
5550th query was erroneous: got "Royal Hotel", but expected "The Jailhouse"
5556th query was erroneous: got "White Horse Inn", but expected "Sweyn Forkbeard"
5562th query was erroneous: got "New Cross Public House", but expected "Wrinkly Dog"
5564th query was erroneous: got "Garthland Social Club", but expected "Three Churches"
5566th query was erroneous: got "Woodman", but expected "The Clubhouse"
5570th query was erroneous: got "Ashington Royal British Legion", but expected "New Hirst & District Social Club"
5571th query was erroneous: got "Alexanders", but expected "The Castle Inn"
5574th query was erroneous: got "GARDENER'S ARMS", but expected "MECHANIC ARMS"
5589th query was erroneous: got "Backstage Bar", but expected "Ye Olde Swiss Cottage"
5597th query was erroneous: got "Blossom Way Sports & Social Club", but expected "Bluestone Inn"
5598th query was erroneous: got "Mansion Wine Bar", but expected "The Merry Widows"
5615th query was erroneous: got "The Wheatsheaf", but expected "Swindon Rendezvous (The Tree)"
5617th query was erroneous: got "Brackley Band Supporters Club", but expected "The Manor"
5619th query was erroneous: got "The Hereward", but expected "The Town House"
5633th query was erroneous: got "Assembly Rooms", but expected "Farmers Inn"
5639th query was erroneous: got "Leeds University (Terrace Bar)", but expected "The Faversham"
5640th query was erroneous: got "Suzy Q Catering", but expected "The Bramford Cock"
5644th query was erroneous: got "Duffy's Bar", but expected "Electrik"
5652th query was erroneous: got "Caergwrle Social Club", but expected "Ye Olde Castle Inn"
5667th query was erroneous: got "Brew Dog", but expected "North Laine Brewhouse"
5680th query was erroneous: got "The Flat Tops", but expected "The Shack"
5685th query was erroneous: got "The Corn Exchange", but expected "De Vitos"
5689th query was erroneous: got "King & Queen Inn", but expected "The Rose & Crown"
5690th query was erroneous: got "Birkenshaw Liberal Club", but expected "George IV"
5696th query was erroneous: got "Balham and Tooting Community and Sports Club", but expected "Hagen & Hyde"
5698th query was erroneous: got "Collycroft W M C", but expected "The Mount Pleasant"
5702th query was erroneous: got "Hilgay Motorboat Club", but expected "Hilgay Rose And Crown Ltd"
5706th query was erroneous: got "Milners Arms (Bar Only)", but expected "The Manor House"
5711th query was erroneous: got "Tolbooth Tavern", but expected "Canons Gait"
5715th query was erroneous: got "Skinners Arms", but expected "Y Llew Coch - Mach"
5726th query was erroneous: got "Black Swan", but expected "The Crown Inn"
5727th query was erroneous: got "Bar 2B", but expected "Masonic Hall"
5734th query was erroneous: got "Inn of Court", but expected "The White Swan"
5735th query was erroneous: got "Camblesforth Church", but expected "The New Inn"
5741th query was erroneous: got "Bar 31", but expected "Bar Central"
5746th query was erroneous: got "Horse and Barge", but expected "Mackintosh's"
5748th query was erroneous: got "Southall Working Mens Club", but expected "The Underground Bar"
5749th query was erroneous: got "LIBERTON BOWLING CLUB", but expected "LIBERTON LODGE NO 1201"
5754th query was erroneous: got "Army and Navy Hotel", but expected "Royal Consort"
5756th query was erroneous: got "Holly Bush", but expected "Somerville Arms"
5758th query was erroneous: got "Bohemian Lounge Bar", but expected "Bridge Inn"
5760th query was erroneous: got "Crofters Arms", but expected "Ainsworth Arms"
5772th query was erroneous: got "The Fountain Inn", but expected "Wyeside Arts Centre"
5783th query was erroneous: got "South Coast Pub Co At The Roe Deer", but expected "Prince Of Wales PH"
5798th query was erroneous: got "Lodge Houston St. Johnstone", but expected "Bar 20:10"
5808th query was erroneous: got "Hyde Snooker & Social Club", but expected "The Cheshire Ring"
5816th query was erroneous: got "Reindeer Inn", but expected "Stamford Golf Club"
5825th query was erroneous: got "409 Littleborough", but expected "Waterside Bar & Restaurant"
5827th query was erroneous: got "Yates", but expected "Kings"
5840th query was erroneous: got "The White Swan", but expected "Kingston Arms"
5853th query was erroneous: got "The Newlands Inn", but expected "The Queens Head"
5865th query was erroneous: got "Horse & Groom", but expected "Twisted Bunny"
5866th query was erroneous: got "Horse Shoe Inn", but expected "The York"
5871th query was erroneous: got "Anchor Bar", but expected "Anna Thomson LTD"
5876th query was erroneous: got "The Burley Tap (Bar Only)", but expected "White Horse Inn"
5879th query was erroneous: got "The Slug And Lettuce", but expected "Fareham Masonic Club"
5884th query was erroneous: got "Mojitos", but expected "THE SPREAD EAGLE"
5885th query was erroneous: got "The Anvil Inn", but expected "Lodge Dalhousie-Bonnyrigg"
5890th query was erroneous: got "Bay Horse", but expected "The Griffin Inn"
5893th query was erroneous: got "BREAKNECK COMEDY CLUB", but expected "SALTOUN ARMS"
5898th query was erroneous: got "Dusty Miller", but expected "The Old Pond"
5901th query was erroneous: got "The Red Lion", but expected "The Vault"
5911th query was erroneous: got "Foresters Call", but expected "The Witchwood"
5912th query was erroneous: got "Candlelight Function Venue", but expected "The Tommyfield"
5920th query was erroneous: got "Wolverton Town Bowls Club", but expected "Wolverton Sports Club"
5924th query was erroneous: got "Mablethorpe Conservative Club", but expected "Tower Tavern Club"
5927th query was erroneous: got "Beechwood Bowling Club", but expected "MURRAYFIELD INDOOR SPORTS CLUB"
5930th query was erroneous: got "Sir Robert Peel", but expected "SU's Lounge"
5935th query was erroneous: got "The Cambridge Theatre", but expected "Crown & Anchor"
5943th query was erroneous: got "Oaka At The Mansion House", but expected "The royal british legion"
5944th query was erroneous: got "New Inn", but expected "THE BARLEY MOW"
5955th query was erroneous: got "The George and Dragon", but expected "The Queens Head"
5962th query was erroneous: got "Ampthill & District Rugby Union Football Club", but expected "Ampthill Town Football Club"
5963th query was erroneous: got "Mother Kelly's", but expected "The Black Dog"
5967th query was erroneous: got "Lake District Boat Club Limited", but expected "The Ship Inn"
5981th query was erroneous: got "Honley Liberal Club", but expected "Honley Socialist Club"
5982th query was erroneous: got "Pews Wine Bar", but expected "The Royal Oak"
6016th query was erroneous: got "Rosary Conservative Club", but expected "The Inkerman Public House"
6020th query was erroneous: got "Corner Pocket Club", but expected "Robert Catering Ltd  (Black Bull Kitchen)"
6025th query was erroneous: got "Bootleg Social", but expected "Washington Hotel"
6029th query was erroneous: got "Northowram Community Sports and Activity Club", but expected "Northowram Conservative Club"
6032th query was erroneous: got "Alnwick Masonic Hall", but expected "The George Inn"
6049th query was erroneous: got "Royal British Legion", but expected "Stag's Head Inn"
6052th query was erroneous: got "Chryston Bowling Club", but expected "Masonic Lodge Cadder Argyle No"
6055th query was erroneous: got "Bar Square", but expected "Bar 91"
6056th query was erroneous: got "Edgeley Conservative Club", but expected "Pineapple Inn"
6057th query was erroneous: got "Dog and Duck Inn", but expected "Woolpack"
6066th query was erroneous: got "Kilwinning Bowling Club", but expected "The Cornerhouse"
6068th query was erroneous: got "BEAR FITZROVIA", but expected "Rising Sun"
6082th query was erroneous: got "Globe Inn", but expected "Spread Eagle Inn"
6086th query was erroneous: got "Kendal Golf Club", but expected "The Rifleman's Arms"
6092th query was erroneous: got "Sir Robert Peel", but expected "The Fiddlers Elbow"
6098th query was erroneous: got "ANDERSONS BAR", but expected "The Old Dr Bells Baths"
6113th query was erroneous: got "Sir John Short Raob Club", but expected "Steels Social Club"
6128th query was erroneous: got "Ivy Leaf Memorial Club", but expected "Queens Head"
6136th query was erroneous: got "Brickcroft Social Club", but expected "Brownhill Hotel"
6149th query was erroneous: got "Stew & Oyster Sheffield", but expected "The Fat Cat"
6151th query was erroneous: got "Crown Hotel", but expected "Mecca Bingo"
6152th query was erroneous: got "Ship Inn", but expected "New Cleveland Club"
6161th query was erroneous: got "Caerphilly Social Club", but expected "Caerphilly Workmens Institute"
6165th query was erroneous: got "The Sandon", but expected "Dodds Bar"
6171th query was erroneous: got "Atik", but expected "The Cross Foxes"
6175th query was erroneous: got "Drayton Arms", but expected "Hereford Arms (The)"
6176th query was erroneous: got "Latitude 48", but expected "The Southgate"
6185th query was erroneous: got "Bar Lula's", but expected "McGoverns"
6188th query was erroneous: got "The Moon Under Water", but expected "Blackfriars"
6197th query was erroneous: got "The Daleside Arms", but expected "Croxdale & Hett Working Mens Club & Institute"
6205th query was erroneous: got "The Black Bull", but expected "Wolsingham Constitutional Club & Institute"
6209th query was erroneous: got "The Mall", but expected "The Quadrant Bar & Wine Cellar"
6230th query was erroneous: got "Hanham Community Centre", but expected "Jolly Sailor"
6235th query was erroneous: got "Hole in the Wall", but expected "Zoes Kitchen"
6243th query was erroneous: got "Lion", but expected "Rose And Crown"
6248th query was erroneous: got "Gairie Inn", but expected "Roods Bar"
6256th query was erroneous: got "Springpark Bar", but expected "The Pinkston Bar"
6257th query was erroneous: got "Toby Carvery Festival Park", but expected "Stoke Tenpin"
6258th query was erroneous: got "Miller & Carter", but expected "The Flower Pot"
6273th query was erroneous: got "Hampton and Richmond Football Club", but expected "The Bell Inn"
6275th query was erroneous: got "Brickcroft Social Club", but expected "The Baum"
6277th query was erroneous: got "Gallery Public House", but expected "The Grosvenor"
6298th query was erroneous: got "Chaplains", but expected "Union and K2"
6300th query was erroneous: got "Devon Arms Hotel - Bar Sales", but expected "Teign Brewery Inn"
6309th query was erroneous: got "Thistle Bar", but expected "Drysdale & Sons"
6313th query was erroneous: got "LLANBERIS & DISTRICT SOCIAL CLUB", but expected "THE HEIGHTS"
6316th query was erroneous: got "Cask and Barrel", but expected "The Broughton"
6318th query was erroneous: got "The Cat & Mutton", but expected "Off Broadway"
6320th query was erroneous: got "Castle In The Air", but expected "The Bird In Hand"
6328th query was erroneous: got "Black Bull", but expected "The Otley Tap House"
6331th query was erroneous: got "Brew by numbers", but expected "The grange"
6342th query was erroneous: got "The Busy Bee", but expected "The Village Inn"
6345th query was erroneous: got "Cinque Ports Arms", but expected "New Romney Bowls Club"
6346th query was erroneous: got "Charles Lamb Public House", but expected "York Public House"
6352th query was erroneous: got "The Cherry Tree", but expected "The Oat Hill"
6360th query was erroneous: got "Be At One", but expected "The Victoria Inn"
6366th query was erroneous: got "Crossgates Bowling Club", but expected "The Middle Bar"
6370th query was erroneous: got "Station Hotel", but expected "The Buccaneer Public House"
6375th query was erroneous: got "Ryton Cricket Club", but expected "Ryton Masonic Hall"
6382th query was erroneous: got "Dylans", but expected "The Snug Bar"
6386th query was erroneous: got "Gravesend Rugby Football Club (Bar)", but expected "Waterloo Tavern"
6393th query was erroneous: got "Al's Juke Bar", but expected "Bradford Underground"
6399th query was erroneous: got "Whickham House", but expected "Saltwell Social Club Limited"
6400th query was erroneous: got "Brewery Arms", but expected "The City Arms"
6404th query was erroneous: got "Du Vin Bouchers Limited", but expected "Platform 3"
6407th query was erroneous: got "Lister Hotel", but expected "The Sheil Park"
6408th query was erroneous: got "All Bar One", but expected "Mooch Bar"
6422th query was erroneous: got "Barologist", but expected "Roseleaf"
6426th query was erroneous: got "COOPERS TAVERN", but expected "Devonshire Arms"
6449th query was erroneous: got "Costello's Bar", but expected "Rustic"
6462th query was erroneous: got "The Billy Goat", but expected "The Fleece Inn"
6471th query was erroneous: got "Moor beer company", but expected "Brew by numbers"
6472th query was erroneous: got "The Mulberry Bush", but expected "Doggetts coat & badge"
6476th query was erroneous: got "Alexandra Hotel", but expected "British Queen"
6477th query was erroneous: got "The Fox Inn", but expected "The Wynnstay Hotel"
6484th query was erroneous: got "The Lamb", but expected "Newtown Social Club"
6489th query was erroneous: got "George & Dragon", but expected "Lancaster Railway Club"
6490th query was erroneous: got "Burger & Lobster", but expected "Running Footman Public House"
6509th query was erroneous: got "Bonsai Japanese Bar Bistro", but expected "The Pleasance EUSA"
6533th query was erroneous: got "The Chequers", but expected "The Green Man"
6553th query was erroneous: got "The Crooked Billet", but expected "Westside Lawn Tennis Club"
6555th query was erroneous: got "Academy Snooker Club", but expected "Boscombe Conservative Club"
6556th query was erroneous: got "Britannia Inn", but expected "The Tap House"
6558th query was erroneous: got "Imperial Crown Hotel", but expected "The Wine Barrel Group Ltd"
6560th query was erroneous: got "The Old Bakery", but expected "The Wentworth Arms"
6567th query was erroneous: got "Somercotes Snooker Club", but expected "Three Horse Shoes"
6568th query was erroneous: got "Freehold Tavern", but expected "Thorntree Inn"
6571th query was erroneous: got "Blarneys Free House", but expected "The New Inn"
6579th query was erroneous: got "Herd Steakhouse Ltd", but expected "The Loft, Holme House"
6581th query was erroneous: got "The Grafton Arms", but expected "The Speaker Public House"
6587th query was erroneous: got "Bijou Club", but expected "City Suites Holdco Ltd"
6589th query was erroneous: got "The Carpenter's Arms", but expected "Trenton Lodge"
6592th query was erroneous: got "Black Bull Inn", but expected "Boroughbridge Social Club"
6600th query was erroneous: got "Calderwood Inn", but expected "East Kilbride Indoor Bowling Club"
6612th query was erroneous: got "London Tavern", but expected "Ry's Bar and Grill"
6613th query was erroneous: got "Old Castle Inn", but expected "New Inn"
6616th query was erroneous: got "The Crown", but expected "The Railway"
6620th query was erroneous: got "Batch", but expected "The gowlett arms"
6622th query was erroneous: got "MAYFIELD BOWLING CLUB", but expected "Prestonfield Golf Club"
6649th query was erroneous: got "Masonic Hall", but expected "Queens Head Hotel"
6655th query was erroneous: got "The Red Lion", but expected "Wooburn Working Mens Club"
6656th query was erroneous: got "Freehold Tavern", but expected "The Lamb Inn"
6660th query was erroneous: got "Barkingside Buzz Bingo", but expected "New Fairlop Oak Public House"
6670th query was erroneous: got "Belfair Bar", but expected "Estuary Club"
6671th query was erroneous: got "Trawlerman", but expected "The Beachcomber Club"
6673th query was erroneous: got "Duckmanton Miners Welfare Club", but expected "The Duckmanton Hotel"
6677th query was erroneous: got "Motherwell Masonic Social Club", but expected "The War Office"
6680th query was erroneous: got "Friendship Inn", but expected "Lighthouse Inn"
6682th query was erroneous: got "Golden Pheasant", but expected "Rising Sun Bar"
6694th query was erroneous: got "The Sportsman Inn", but expected "The Three Merry Lads"
6695th query was erroneous: got "Devonshire Arms", but expected "Shoulder of Mutton"
6698th query was erroneous: got "Cobden Arms", but expected "Free Haus"
6706th query was erroneous: got "Sai La Vie", but expected "The Grange"
6708th query was erroneous: got "Perry Street Conservative Club", but expected "The Crown"
6711th query was erroneous: got "Casa Italia", but expected "Nelson"
6724th query was erroneous: got "Earl Derby", but expected "Coopers Arms"
6729th query was erroneous: got "Bellrock Bar", but expected "The Louden Tavern"
6732th query was erroneous: got "Crown & Anchor Inn", but expected "The Ship Inn"
6744th query was erroneous: got "Greyhound Inn", but expected "The Star"
6746th query was erroneous: got "Bar 24", but expected "The Old Swanne"
6751th query was erroneous: got "The Lounge", but expected "Winmarleigh House"
6752th query was erroneous: got "Fever & Boutique", but expected "Lincoln Theatre Royal"
6753th query was erroneous: got "# Bar", but expected "Pre"
6758th query was erroneous: got "Bath Hotel", but expected "Harrisons 1854"
6766th query was erroneous: got "Bohemian Bar", but expected "Fossgate Social"
6771th query was erroneous: got "THE RED LION", but expected "THE CROSSLEY CLUB"
6772th query was erroneous: got "Half a Tanner", but expected "The Venue"
6773th query was erroneous: got "Flamborough Victoria Club & Institute", but expected "Rose and Crown"
6775th query was erroneous: got "Golfers Arms Pubs & Bars Ltd", but expected "The Avenue"
6778th query was erroneous: got "Derwenthurst (Ryhope) Club Ltd", but expected "The Railway Inn"
6790th query was erroneous: got "Bohemian Lounge Bar", but expected "Bridge Beers"
6791th query was erroneous: got "Jacobs Well", but expected "Phoenix Squash and Fitness Club"
6798th query was erroneous: got "Bulls Head", but expected "Cortonwood Miners Welfare"
6799th query was erroneous: got "Bonsai Japanese Bar Bistro", but expected "La Sal"
6803th query was erroneous: got "Club Horizon and The Granary", but expected "Crown Inn"
6809th query was erroneous: got "The Lincoln Arms", but expected "Ye Olde White Horse"
6810th query was erroneous: got "Fox & Hounds", but expected "Melbourne Arms"
6814th query was erroneous: got "The Kings Head", but expected "Ye Shakespeare"
6817th query was erroneous: got "Cherry", but expected "Wentworth Arms"
6822th query was erroneous: got "Origins", but expected "The Cross Keys"
6834th query was erroneous: got "The Bull Inn", but expected "The Dolphin Inn"
6875th query was erroneous: got "Kirkintilloch Miners Welfare And Social Club", but expected "The Kirky Puffer"
6882th query was erroneous: got "RNA Uxbridge", but expected "Royal Naval Association"
6884th query was erroneous: got "Junction Inn", but expected "Royton Cricket, Bowling, Tennis & Running Club"
6887th query was erroneous: got "Storm Queen", but expected "Quarter Gill"
6906th query was erroneous: got "Royal Oak", but expected "The Old Vine"
6909th query was erroneous: got "Sedgefield Community Assoc Social Club", but expected "The Cornerhouse"
6917th query was erroneous: got "The Port n Ale", but expected "The Tamebridge"
6927th query was erroneous: got "Leo's Bar", but expected "The Victoria"
6939th query was erroneous: got "Grapes Inn", but expected "The Derby Arms Hotel"
6943th query was erroneous: got "Bacchus Bar", but expected "The Port Jackson"
6944th query was erroneous: got "The Blue Bell", but expected "The Talbot"
6950th query was erroneous: got "Hat and Feathers", but expected "The Volunteer Arms Licensed Coffee Bar"
6961th query was erroneous: got "The Blue Pig", but expected "Wolvey Bowling Club"
6967th query was erroneous: got "Catts Inn", but expected "Rotherfield Sports Club North Street"
6969th query was erroneous: got "Red Triangle Snooker Club", but expected "Bar Yellow"
6984th query was erroneous: got "Dittons & Hinchley Wood RBL Club", but expected "The George Evelyn Pub & Gardens"
6989th query was erroneous: got "Jolly Fisherman", but expected "The Oak"
6990th query was erroneous: got "Airlie Arms", but expected "Ferrari's"
7000th query was erroneous: got "Congreve House", but expected "Low Flyer"
7001th query was erroneous: got "Consett Masonic Lodge", but expected "Finnians"
7011th query was erroneous: got "Centurion Bar And C C Hudsons Delicatessen", but expected "Raffertys"
7013th query was erroneous: got "Gosport Pool Arena", but expected "The Fox"
7016th query was erroneous: got "Kings Arms", but expected "The Court House"
7023th query was erroneous: got "Seamus O'Donnell's", but expected "The Mackenzie"
7025th query was erroneous: got "Barlestone St Giles Sports And Social Club", but expected "The Three Tuns"
7039th query was erroneous: got "Jurnets", but expected "The Berstrete Gates"
7063th query was erroneous: got "Tailors Eating House", but expected "Moon Under Water"
7064th query was erroneous: got "General Browning Club", but expected "The Duke Of Wellington"
7067th query was erroneous: got "Blue Bell Inn", but expected "Fox and Hounds"
7068th query was erroneous: got "St John's Social Centre", but expected "Bar San Juan"
7080th query was erroneous: got "Speculation Inn", but expected "New Tavern"
7087th query was erroneous: got "London Porter House", but expected "Live & Let Live Public House"
7092th query was erroneous: got "The Gin Tub", but expected "Tisburys (Libation)"
7093th query was erroneous: got "Bull & Butcher", but expected "The Maltsters Arms Public House"
7095th query was erroneous: got "The County Restaurant", but expected "The Royal Telegraph"
7096th query was erroneous: got "Green Dragon", but expected "Royal British Legion"
7117th query was erroneous: got "London Apprentice", but expected "Town Wharf"
7135th query was erroneous: got "Mad Bishop & Bear", but expected "Fountains Abbey Public House"
7141th query was erroneous: got "Highland Laddie", but expected "Southcoates Social Club"
7148th query was erroneous: got "Recreation Club", but expected "Sun Inn"
7152th query was erroneous: got "Birchwood Leisure & Tennis Centre", but expected "The Peacock"
7163th query was erroneous: got "Angels Gentlemens Club", but expected "The Billiard Hall"
7167th query was erroneous: got "Gorleston Social Club", but expected "The Dock Tavern"
7175th query was erroneous: got "Flat, White Hart P H", but expected "Roydon Village Hall"
7178th query was erroneous: got "Dale Tavern", but expected "The Boatmans Rest"
7181th query was erroneous: got "Bushey Bowling Club", but expected "Horse And Chains"
7188th query was erroneous: got "Helsinki", but expected "The Soundhouse"
7191th query was erroneous: got "Roman Bank Bingo & Social Club", but expected "The Lumley"
7202th query was erroneous: got "Goudhurst Club", but expected "The Vine"
7206th query was erroneous: got "The Boars Head", but expected "The Brown Cow"
7209th query was erroneous: got "Bradgate WMC", but expected "The Wilton"
7211th query was erroneous: got "Moo Moo Club Rooms", but expected "Will Adams PH"
7215th query was erroneous: got "Anchor", but expected "Joiners Arms"
7218th query was erroneous: got "The Queens Head", but expected "Red Lion Hotel"
7221th query was erroneous: got "Rock & Fountain", but expected "Skewen Cricket Club"
7222th query was erroneous: got "Berry & Rye", but expected "Pogue Mahone"
7226th query was erroneous: got "Southport Football Club", but expected "Thatch & Thistle"
7230th query was erroneous: got "Aqua Lounge Bar", but expected "Castaways"
7232th query was erroneous: got "The Eagle and Child", but expected "The Golden Lion"
7237th query was erroneous: got "Lincoln Labour Club & Institute Limited", but expected "Royal William"
7241th query was erroneous: got "The Little Bull", but expected "New Albion House Ltd WMC"
7242th query was erroneous: got "The Sneyd Arms", but expected "Victory W.M.C & Institute Ltd"
7245th query was erroneous: got "Wigan Sports Club", but expected "Wigan Subscription Bowling Green Ltd"
7258th query was erroneous: got "Saith Seren", but expected "Wrexham & District War Memorial Club Ltd"
7264th query was erroneous: got "Astley Bridge Conservative Club", but expected "The Pineapple"
7265th query was erroneous: got "The White Horse PH", but expected "The Woolpack"
7267th query was erroneous: got "Falkirk Indoor Bowling Club", but expected "The Roman Bar"
7275th query was erroneous: got "Genting Casino Wirral", but expected "The Cavendish"
7277th query was erroneous: got "Constitutional Club", but expected "The Welcome Club"
7289th query was erroneous: got "Catherine Wheel, The", but expected "Newbury Conservative Club"
7295th query was erroneous: got "Anchor Inn", but expected "Petite Maison"
7297th query was erroneous: got "Chopwell Colliery Officials Club", but expected "The Central"
7309th query was erroneous: got "Dutton Arms", but expected "Yates Wine Lodge"
7314th query was erroneous: got "Alfred", but expected "Meanwood Conservative Club"
7316th query was erroneous: got "FIERCE BEER", but expected "CHARACTER'S CAFE BAR"
7317th query was erroneous: got "The Sycamore", but expected "The Warrington Arms"
7318th query was erroneous: got "The Cutter Hotel", but expected "Weymouth Sailing Club"
7322th query was erroneous: got "Cotteridge Social Club", but expected "Kings Norton Ex-Servicemens Club"
7323th query was erroneous: got "Bricklayers Arms PH", but expected "The Half Moon"
7324th query was erroneous: got "The Ightham Club", but expected "The George And Dragon"
7329th query was erroneous: got "The Pack Horse Inn", but expected "Stanhope Masonic Club"
7341th query was erroneous: got "Airdrie District Lol No 1", but expected "Harty's Function Suite"
7345th query was erroneous: got "Brechin Arms", but expected "City Royal Bar"
7347th query was erroneous: got "Devonshire Arms", but expected "Hasland Hops Ltd (opening April)"
7353th query was erroneous: got "Crowborough Tennis And Squash Club", but expected "The Bricklayers Arms"
7358th query was erroneous: got "Cartergate Social Club", but expected "National Reserve Club"
7360th query was erroneous: got "Segton Inn", but expected "Cosy Corner"
7364th query was erroneous: got "Hare And Hounds", but expected "Old Anchor Inn"
7367th query was erroneous: got "JL Bar", but expected "The Boogaloo"
7369th query was erroneous: got "Jack Murphys Uplands", but expected "Uplands Tavern"
7373th query was erroneous: got "Rochdale Catholic Club", but expected "Rochdale Masonic Buildings"
7380th query was erroneous: got "Black Horse Inn", but expected "Associates Club"
7383th query was erroneous: got "The Warehouse", but expected "Queenies"
7392th query was erroneous: got "The Marlborough Head", but expected "The Miley Diner"
7398th query was erroneous: got "The Windmill Pub", but expected "Brighton Beer Dispensary"
7401th query was erroneous: got "Slug and Lettuce Public House", but expected "The George Public House"
7413th query was erroneous: got "Black Swan", but expected "White Swan"
7428th query was erroneous: got "Albert Arms", but expected "The Bear"
7436th query was erroneous: got "Bar Strada", but expected "Laigh Bent Sports Club"
7446th query was erroneous: got "Haslingden Trades Club", but expected "Irish Democratic Club"
7450th query was erroneous: got "Cram's Bar", but expected "J D Wetherspoon Plc"
7455th query was erroneous: got "Ivinghoe Golf Club", but expected "Rose And Crown"
7456th query was erroneous: got "The Rack Shack", but expected "The Waterfront"
7465th query was erroneous: got "Blast Furnace Inn", but expected "Lord Nelson"
7472th query was erroneous: got "Blacksmiths Arms", but expected "Stranton Social Club"
7480th query was erroneous: got "Il Calabrese", but expected "The Kings Head"
7484th query was erroneous: got "The Morning Star", but expected "Lincoln Hospital Sports & Social Club"
7486th query was erroneous: got "Bizim Mekan Social Club", but expected "The Clapton Hart"
7501th query was erroneous: got "The Cow Public House", but expected "The Westbourne Tavern"
7508th query was erroneous: got "Green Man", but expected "Reform Inn"
7509th query was erroneous: got "King Johns Tavern", but expected "Sam's Snooker and American Pool"
7524th query was erroneous: got "Grantham Squash Club", but expected "The Farrier"
7525th query was erroneous: got "The Swan Inn", but expected "The White Horse Hotel"
7531th query was erroneous: got "Brynmawr Social Club", but expected "The Royal Exchange"
7533th query was erroneous: got "Bar Vino Ltd", but expected "Club Bar And Grill @ Club Woodham"
7537th query was erroneous: got "Knowl Club", but expected "Mirfield Conservative Club"
7549th query was erroneous: got "Bogarts", but expected "St Clair Tavern"
7550th query was erroneous: got "Newhaven Football Club", but expected "The Hope Inn"
7565th query was erroneous: got "Regors Bingo And Social Club", but expected "Ours"
7568th query was erroneous: got "Barony Bar", but expected "Police Scotland Club"
7569th query was erroneous: got "Karns Wine Bar", but expected "Pestle N Mortar"
7571th query was erroneous: got "Beechwood Bowling Club", but expected "ROSEBURN BAR"
7580th query was erroneous: got "Birstall Irish Democratic League Club", but expected "The Princess Ballroom"
7587th query was erroneous: got "The King Arthur", but expected "The Station Inn"
7592th query was erroneous: got "Rose and Crown", but expected "The Bushel & Strike"
7595th query was erroneous: got "Enfield Town Conservative Club", but expected "The Old Wheatsheaf"
7596th query was erroneous: got "Shotz", but expected "The George"
7599th query was erroneous: got "Becketts Bank", but expected "Players Bar"
7603th query was erroneous: got "The Woodlands Tavern", but expected "The Red Lion"
7605th query was erroneous: got "The Corner Pin", but expected "The Leather Bottle"
7607th query was erroneous: got "Boca Cafe Bar", but expected "The Tipsy Cow"
7613th query was erroneous: got "Red House Boutique Bar", but expected "The Dog House"
7614th query was erroneous: got "The Kings Arms", but expected "The Castle"
7616th query was erroneous: got "Joe's", but expected "The Pembroke Castle"
7623th query was erroneous: got "Bedworth Conservative Club", but expected "Bedworth Ex Servicemens Club"
7628th query was erroneous: got "Forty One", but expected "Original Keys"
7634th query was erroneous: got "The Spotted Cow", but expected "Hen & Chicken"
7638th query was erroneous: got "Abbey Hotel - Th'Owd Stables", but expected "Arden Inn"
7645th query was erroneous: got "Cameo & Myu Bar", but expected "Slug & Lettuce"
7650th query was erroneous: got "THE  GROVE HOUSE", but expected "THE BLACK HORSE INN"
7654th query was erroneous: got "Boat And Horses", but expected "Riverside Bar"
7665th query was erroneous: got "The Portland Arms", but expected "Thirsty"
7673th query was erroneous: got "Ancient Mariner", but expected "The George Payne"
7701th query was erroneous: got "Bar Noosh / The Club", but expected "Niche"
7711th query was erroneous: got "Station Hotel", but expected "The Time Piece"
7720th query was erroneous: got "Ironmaster", but expected "The Albion Inn"
7723th query was erroneous: got "Minstrels", but expected "The Red Lion"
7725th query was erroneous: got "Bike N Hounds", but expected "The Albion"
7730th query was erroneous: got "Foresters Arms Public House", but expected "Intack Inn"
7734th query was erroneous: got "# Bar", but expected "The Last Post"
7736th query was erroneous: got "Godfrey Morgan", but expected "Hot Rocks"
7741th query was erroneous: got "Rising Sun", but expected "Zetland Arms"
7753th query was erroneous: got "Spearmint Rhino", but expected "The Leadmill"
7755th query was erroneous: got "Caversham Health & Fitness Club", but expected "Caversham Working Mens Club"
7760th query was erroneous: got "British Legion Club", but expected "East Preston & Kingston Bowls Club"
7761th query was erroneous: got "Motherwell Masonic Social Club", but expected "Woodcutter Bar"
7762th query was erroneous: got "Etwall Cricket Club", but expected "Hawk and Buckle"
7771th query was erroneous: got "Clayton West Cricket Club", but expected "Junction Inn"
7775th query was erroneous: got "Sichuan Savour", but expected "St George Hotel"
7782th query was erroneous: got "Cambridgeshire Hunter", but expected "Hare & Hounds"
7791th query was erroneous: got "Prince Madoc", but expected "The Bay Hop"
7796th query was erroneous: got "The Dispensary", but expected "White Swan"
7800th query was erroneous: got "The Draft House", but expected "The Grove Bar And Restaurant"
7811th query was erroneous: got "Hanover Tap", but expected "THE WALLY DUG"
7834th query was erroneous: got "Parkdean Holidays Ltd", but expected "BEACH HOTEL"
7845th query was erroneous: got "The Rainbow", but expected "Wakefield Labour Club"
7846th query was erroneous: got "Smoke and Mirrors", but expected "The Greenhouse"
7857th query was erroneous: got "Bar 54", but expected "The Park Tavern"
7861th query was erroneous: got "Juno Bath Limited", but expected "The Second Bridge Nightclub"
7875th query was erroneous: got "The Greasley Castle", but expected "The New Inn"
7877th query was erroneous: got "The Bridle Path", but expected "The One Eyed Stag"
7885th query was erroneous: got "No 1 Grange Road", but expected "The Old Bell Inn"
7887th query was erroneous: got "Play Nightclub", but expected "Hogarths"
7888th query was erroneous: got "Blackburn Leisure", but expected "Red Hawk"
7899th query was erroneous: got "Reverend J W Simpson", but expected "One Tun"
7908th query was erroneous: got "Arkwrights", but expected "Emmanuel Social  Club"
7918th query was erroneous: got "Argyll Bar", but expected "The Vulcan"
7925th query was erroneous: got "The Queens Head", but expected "The Wheatsheaf"
7930th query was erroneous: got "The Duke Of Sussex", but expected "The Stage Door Public House"
7942th query was erroneous: got "Anchor Hotel", but expected "Crown Paints Sports & Social Club"
7970th query was erroneous: got "Mariners Arms", but expected "The Ballarat"
7972th query was erroneous: got "The George Hotel", but expected "The Retreat"
7978th query was erroneous: got "Old House", but expected "R A O B Club"
7982th query was erroneous: got "Cashino", but expected "Harlow Playhouse Cafe Bar"
7992th query was erroneous: got "Greyhound Inn", but expected "Three Horseshoes"
7997th query was erroneous: got "The Hoop & Grapes", but expected "The Culpeper"
8017th query was erroneous: got "Royal Oak Bar", but expected "Strathdeveron Bar"
8057th query was erroneous: got "The Anglers", but expected "The Tide End Cottage"
8058th query was erroneous: got "Boarshurst Band Club", but expected "Tame Valley Tennis & Squash Club"
8064th query was erroneous: got "Prestwick Bowling Club", but expected "Prestwick Golf Club"
8065th query was erroneous: got "Jolly Brewer", but expected "The Millstone Inn"
8075th query was erroneous: got "That Bar", but expected "The Twa Tams Ltd"
8090th query was erroneous: got "Beehive PH", but expected "The Plough"
8091th query was erroneous: got "Charlton Kings Club And Institute", but expected "The Royal Hotel"
8098th query was erroneous: got "Da Vinci's Bar & Lounge", but expected "The George Hotel"
8100th query was erroneous: got "High Crompton Con. Club", but expected "North Star Inn"
8102th query was erroneous: got "Odyssey Health Club", but expected "The Old Forge"
8106th query was erroneous: got "Millers Bar", but expected "The Three Hats"
8118th query was erroneous: got "Thistle Bar", but expected "Carlton Bingo"
8135th query was erroneous: got "Talk Bar", but expected "The Peaky Blinder"
8143th query was erroneous: got "Princess of Wales", but expected "The Lansdowne"
8146th query was erroneous: got "The Herbert", but expected "The Three Ferrets"
8150th query was erroneous: got "Old Post Office", but expected "Carnarvon Castle"
8152th query was erroneous: got "FLEETWOOD CRICKET AND SPORTS CLUB", but expected "Fleetwood RUFC Bar"
8159th query was erroneous: got "Alford & District Conserv Club", but expected "Masonic Hall"
8161th query was erroneous: got "British Legion", but expected "The Sun"
8165th query was erroneous: got "Southern Belle PH", but expected "The Brittania"
8167th query was erroneous: got "Gordon Bennett bar & kitchen", but expected "The Fox & Hounds"
8176th query was erroneous: got "Gunmakers", but expected "The Angel In The Fields Public House"
8179th query was erroneous: got "Thai Quarter", but expected "Toby Carvery (Horsforth)"
8180th query was erroneous: got "Puzzle Hall Inn", but expected "Sowerby Bridge Cricket Club"
8190th query was erroneous: got "Long Bar Restaurant", but expected "Stones Social Club"
8192th query was erroneous: got "The Drabbet Smock", but expected "Haverhill Ex Service Mens Club"
8195th query was erroneous: got "The Miners Arms", but expected "Brymbo Conservative Club"
8216th query was erroneous: got "Alfreds Bar & Grill", but expected "Celtic Club"
8222th query was erroneous: got "Green Man Inn", but expected "The Horsted Club"
8227th query was erroneous: got "Cobbles Bar & Bar Castillejar", but expected "The Wheatsheaf"
8228th query was erroneous: got "Crown Inn", but expected "King William Inn"
8234th query was erroneous: got "Riverside Hotel", but expected "Spalding Golf Club"
8241th query was erroneous: got "Crown Hotel", but expected "Prince Albert Inn"
8247th query was erroneous: got "Newton Bar", but expected "Tavern Bar"
8252th query was erroneous: got "Ship & Pelican", but expected "Royal Oak"
8256th query was erroneous: got "The New Inn", but expected "Walton Arlfc"
8257th query was erroneous: got "Guildhall Arts Centre Bars and Kitchens", but expected "The Reindeer Inn"
8268th query was erroneous: got "The Valiant", but expected "Willows Social Club"
8284th query was erroneous: got "Whitworth and Mason's Lounge Bar", but expected "The Vine Inn"
8293th query was erroneous: got "Bar 7", but expected "The Jolly Abbot"
8294th query was erroneous: got "Spencer Arms", but expected "Putney Town Bowling Club"
8310th query was erroneous: got "Dixie's Bar", but expected "The Cosham Social Club"
8318th query was erroneous: got "Albert's Schloss", but expected "Slug and Lettuce"
8335th query was erroneous: got "Keepers Arms", but expected "Ross High Rugby Football Club"
8341th query was erroneous: got "Thurmaston Progressive Working Mens Club", but expected "Top House"
8342th query was erroneous: got "Mossley Band Social Club", but expected "The Butchers Arms"
8344th query was erroneous: got "The Leathern Bottle", but expected "The Three Lions"
8353th query was erroneous: got "Prince Of Wales", but expected "White Horse Inn"
8357th query was erroneous: got "BENNETS BAR", but expected "The Waiting Room"
8371th query was erroneous: got "Blues club", but expected "Horse And Jockey Public House"
8372th query was erroneous: got "Bathampton Mill", but expected "The George Inn"
8376th query was erroneous: got "Aaron P Stone's Casino Rooms", but expected "Two Brewers Public House"
8381th query was erroneous: got "Clwb Llanrwst", but expected "Pen Y Bryn"
8387th query was erroneous: got "Phranakhon Tapas And Bar", but expected "Wino Bar And Merchants"
8396th query was erroneous: got "Albion Ale House", but expected "Globe Inn"
8416th query was erroneous: got "Aber Hotel", but expected "R A O B Social Club"
8427th query was erroneous: got "Auld Shillelagh", but expected "The Prince"
8433th query was erroneous: got "The War Office", but expected "Motherwell Masonic Social Club"
8436th query was erroneous: got "Derby West End Bowls Club", but expected "The Georgian House Hotel"
8438th query was erroneous: got "Glenside Function Suite", but expected "Mickley & District Social Club"
8445th query was erroneous: got "The Bull", but expected "The Crown"
8448th query was erroneous: got "Crescent", but expected "The Mount Public House"
8460th query was erroneous: got "The Kirky Puffer", but expected "Kirkintilloch Miners Welfare And Social Club"
8469th query was erroneous: got "Metal Monocle", but expected "Dog House Bar Leicester"
8480th query was erroneous: got "Alcester Unionist Club Ltd", but expected "Turks Head"
8496th query was erroneous: got "The Lab Northampton", but expected "The Charles Bradlaugh"
8497th query was erroneous: got "Koko", but expected "Be At One Limited"
8506th query was erroneous: got "A Pint Of Hops", but expected "The Windmill"
8509th query was erroneous: got "Keighley Liberal Club (Bar Only)", but expected "Keighley Playhouse"
8518th query was erroneous: got "110-112 Handford Road,", but expected "The Falcon"
8521th query was erroneous: got "Bistro Burger And Grill @ Lord Rosebery", but expected "The Whalebone"
8527th query was erroneous: got "The Britannia Inn", but expected "Headington Bowls Club"
8533th query was erroneous: got "Star of the East", but expected "Urban Bar/Jamboree"
8536th query was erroneous: got "Duke of Wellington PH", but expected "The Castle"
8541th query was erroneous: got "Performances Birmingham Ltd", but expected "The Flapper"
8549th query was erroneous: got "Lord of the Manor", but expected "The Seven Oaks"
8558th query was erroneous: got "Kludo", but expected "The Huntsman Tavern"
8572th query was erroneous: got "Quench", but expected "Mid Sussex Conservative Club"
8577th query was erroneous: got "Freshwater Conservative Club", but expected "The Vine Inn"
8585th query was erroneous: got "Bridge Bar", but expected "Garvies"
8603th query was erroneous: got "Akenside Traders", but expected "Slug And Lettuce"
8615th query was erroneous: got "Royal British Legion Scotland", but expected "65 Club"
8620th query was erroneous: got "Higham Ferrers Working Mens Club", but expected "The Griffin"
8622th query was erroneous: got "The Vine", but expected "The White Swan"
8629th query was erroneous: got "Crown Inn", but expected "Royal Oak"
8637th query was erroneous: got "Chester House", but expected "Frome and District Club & Institute"
8642th query was erroneous: got "Douglas Bar", but expected "Melbourne Bar"
8648th query was erroneous: got "Grawen Arms", but expected "Cyfarthfa Arms"
8649th query was erroneous: got "The Arch Wembley", but expected "The Corner House"
8655th query was erroneous: got "Barley Mow", but expected "Dover Castle"
8656th query was erroneous: got "The Seven Stars", but expected "Knights Templar"
8657th query was erroneous: got "THE ELMS INN", but expected "Trent Rowing Club"
8659th query was erroneous: got "The Tailors Arms", but expected "Wilford Farm Inn"
8674th query was erroneous: got "Memorial Hall", but expected "The Hyde Arms"
8681th query was erroneous: got "Park Tavern", but expected "Cricketers Pub"
8688th query was erroneous: got "The Kings Arms", but expected "Stow Masonic Club"
8692th query was erroneous: got "Greyhound & Punchbowl", but expected "The Swan"
8703th query was erroneous: got "Blue Bell", but expected "Rothwell Conservative Club"
8723th query was erroneous: got "Dew Drop Inn", but expected "The Anchor Inn"
8726th query was erroneous: got "Carlton Road Sports And Social Club", but expected "Fighting Cocks Public House"
8732th query was erroneous: got "Puzzles Lounge", but expected "The Stone Works"
8736th query was erroneous: got "ABERDEEN SQUASH CLUB - RAQUETS", but expected "ABERDEENSHIRE CRICKET CLUB"
8743th query was erroneous: got "The Eagle", but expected "Elephant and Castle"
8750th query was erroneous: got "Bullcroft Main Colliery Officials", but expected "Carcroft Village Social Club Ltd"
8762th query was erroneous: got "Jaxx Q Club", but expected "House of Holes Limited"
8763th query was erroneous: got "Beerbohm", but expected "WIP Bar Ltd"
8775th query was erroneous: got "Bar Eleven", but expected "MaQueens"
8780th query was erroneous: got "Butchers Arms", but expected "Three Horseshoes"
8783th query was erroneous: got "Spotted Cow", but expected "The McOrville Inn"
8784th query was erroneous: got "Old Aylestone Social Club Ltd", but expected "The Black Horse"
8787th query was erroneous: got "Prince William", but expected "The Rising Sun"
8797th query was erroneous: got "Apples and Pears", but expected "KT Holding Ltd"
8803th query was erroneous: got "Golden Fleece", but expected "Hole in the Wall"
8805th query was erroneous: got "The Millipede Ale House", but expected "Larrys"
8823th query was erroneous: got "Alphabetti Thearte", but expected "Villa Victoria Inn"
8824th query was erroneous: got "The Drummer's Arms", but expected "The Sir Charles Napier"
8836th query was erroneous: got "Station Hotel", but expected "Kings Head"
8839th query was erroneous: got "The Airedale Bar at The Hogarth Health Club", but expected "The Raven"
8844th query was erroneous: got "PENLAN FAWR", but expected "THE MITRE"
8852th query was erroneous: got "Pershore & District Sports Club", but expected "The Millers Arms"
8861th query was erroneous: got "Gilberts Bar", but expected "The Falcon Inn"
8865th query was erroneous: got "Pinxton Welfare Social Club", but expected "The Headstocks"
8876th query was erroneous: got "Towcester Mill Brewery Ltd", but expected "The Brave Old Oak"
8882th query was erroneous: got "Ighten Mount Bowling Club", but expected "Dugdale Arms"
8888th query was erroneous: got "The Cuckoo's Nest", but expected "The Ginnel"
8890th query was erroneous: got "Canal Bar & The Old Waggon and Horses", but expected "Globe, The"
8899th query was erroneous: got "Banker's Draft", but expected "Park Tavern"
8902th query was erroneous: got "Rampant Horse Inn", but expected "The Swan"
8908th query was erroneous: got "Corsham Bowls Club", but expected "Corsham Town Football Club"
8911th query was erroneous: got "Beaten Docket", but expected "The Skylark"
8912th query was erroneous: got "Bootham Tavern", but expected "The Gillygate"
8918th query was erroneous: got "Kings Head Public House", but expected "Rising Sun Public House"
8923th query was erroneous: got "The Greyhound Inn", but expected "The Pykkerell"
8926th query was erroneous: got "Black Swan Public House", but expected "Hop Inn"
8946th query was erroneous: got "Maryhill Club 90", but expected "Punch Bowl"
8957th query was erroneous: got "Bertram's", but expected "The Hermitage Inn"
8961th query was erroneous: got "The Duke", but expected "The Welcome (St Leonards) LTD"
8964th query was erroneous: got "Exmouth Arms", but expected "Exmouth Conservative Club"
8970th query was erroneous: got "The Kraken", but expected "Lawburn Inn"
8979th query was erroneous: got "Freemantle Hotel", but expected "Wellington Arms"
8985th query was erroneous: got "Riverside Bar", but expected "Boat And Horses"
8987th query was erroneous: got "Carousel Club", but expected "The Book In Hand Pub"
8996th query was erroneous: got "The Burns", but expected "Harleys/Fury Murys"
8998th query was erroneous: got "Hatton Arms", but expected "Bluebell Public House"
8999th query was erroneous: got "Flower of Kent", but expected "The Royal George"
9012th query was erroneous: got "Burghley Arms", but expected "Pyramid Club"
9015th query was erroneous: got "Cullingworth And District Conservative Club (Bar Only)", but expected "The George Hotel"
9024th query was erroneous: got "Waterhead Sports & Social Club", but expected "Church Inn"
9028th query was erroneous: got "Outstanding Art Limited", but expected "Bar 33"
9041th query was erroneous: got "Brooklyn Cafe", but expected "Tam O'Shanter Public House"
9043th query was erroneous: got "Alma Inn", but expected "The White Lady"
9056th query was erroneous: got "Staindrop Masonic Hall", but expected "Wheatsheaf Inn"
9060th query was erroneous: got "Sandbrook Vaults", but expected "The Crown"
9076th query was erroneous: got "Argyll Bar", but expected "Bianco - E - Nero Function Suite"
9077th query was erroneous: got "The Lobster", but expected "The Robin Hood"
9078th query was erroneous: got "Bierschenke", but expected "Revolution"
9090th query was erroneous: got "Chandler's Ford Central Club", but expected "THE STEEL TANK ALE HOUSE"
9108th query was erroneous: got "The Kings Arms", but expected "The Old House"
9117th query was erroneous: got "Abarbistro", but expected "The Dolphin"
9119th query was erroneous: got "Three Tuns", but expected "The Vine Inn And Tea Room"
9123th query was erroneous: got "The Apollo", but expected "Royal Oak Inn"
9128th query was erroneous: got "Maltings Arts Theatre", but expected "The Beehive Ph"
9131th query was erroneous: got "Chiswick Old Fire Station", but expected "The George IV"
9136th query was erroneous: got "Strathmore Cricket Club", but expected "Strathmore Rugby Club"
9145th query was erroneous: got "The Garden Gate", but expected "The Stag"
9155th query was erroneous: got "The Maltshovel", but expected "The REC"
9159th query was erroneous: got "Hole In The Wall", but expected "Royal National Theatre"
9168th query was erroneous: got "Mother’s Ruin", but expected "Walthamstow Conservative Club"
9171th query was erroneous: got "Tap & Mallet", but expected "The Windmill"
9175th query was erroneous: got "Kirkliston Bowling Club", but expected "NEWLISTON ARMS"
9184th query was erroneous: got "Brambles", but expected "The Premier"
9193th query was erroneous: got "Eastleigh Railway Institute", but expected "EASTLEIGH WORKING CLUB"
9218th query was erroneous: got "Saracens Head", but expected "Victoria Tavern"
9219th query was erroneous: got "Amble Masonic Hall", but expected "Amble Bowling Club"
9234th query was erroneous: got "The Turf", but expected "Vulcan Inn"
9235th query was erroneous: got "Springfield Vaults", but expected "The Real McCoy"
9236th query was erroneous: got "West Auckland Town Football Club", but expected "West Auckland WMC & Institute Ltd"
9245th query was erroneous: got "Bell Inn", but expected "Sun Inn"
9249th query was erroneous: got "The Eternal Optimist", but expected "The Tuppenny"
9251th query was erroneous: got "Cross Keys Inn", but expected "Lambton Arms"
9258th query was erroneous: got "Billingham Social Club", but expected "The Village Crossing Bar"
9259th query was erroneous: got "Bell Inn", but expected "Horse And Groom"
9260th query was erroneous: got "Jolly Sailors", but expected "The Ship Inn"
9261th query was erroneous: got "Wyvern Club", but expected "Urban Social Club"
9268th query was erroneous: got "Ashton Bowling & Social Club", but expected "Thurlby Club LMRCA"
9269th query was erroneous: got "M.V.D. Limited", but expected "The White Hart"
9270th query was erroneous: got "Crosses Corner PH", but expected "The Queen Victoria"
9275th query was erroneous: got "The Rhyd Hall", but expected "Tredegar Orpheus Music Centre"
9277th query was erroneous: got "Grove Social Club", but expected "The Greyhound Public House"
9291th query was erroneous: got "Blair Hall (Orange Lodge Meeting Place) LOL228", but expected "East Lothian Co-op Employees Bowling & Social Club"
9298th query was erroneous: got "Royal Oak", but expected "Winslow Hotel"
9302th query was erroneous: got "Mundy Arms Hungry Horse", but expected "Queens Head"
9309th query was erroneous: got "Central Bar", but expected "The Railway Tavern (Public House Bar)"
9310th query was erroneous: got "Canavans peckham pool club", but expected "The nags head"
9316th query was erroneous: got "Miners Welfare", but expected "Worksop Sea Cadets"
9317th query was erroneous: got "Sacriston Colliery Cricket Club", but expected "Sacriston Workmens Club"
9322th query was erroneous: got "The 'Duck'", but expected "The Nest"
9326th query was erroneous: got "Carlisle Arms Public House", but expected "Dog & Duck Public House"
9328th query was erroneous: got "Gassy Jacks", but expected "Loco's Latin Bar & Grill"
9331th query was erroneous: got "Graveney & Meadow", but expected "The Little Taperia"
9338th query was erroneous: got "Freddies Bar", but expected "New Flamingos"
9344th query was erroneous: got "JK's", but expected "The Crown Inn"
9369th query was erroneous: got "The Foundry", but expected "Urban Cocktail Kitchen"
9372th query was erroneous: got "Appleby Masonic Club", but expected "Royal British Legion Club Appleby"
9375th query was erroneous: got "Kings Head", but expected "The Sugar Loaf"
9381th query was erroneous: got "Halifax RUFC", but expected "Illingworth Sports Club"
9382th query was erroneous: got "No 2 Church Lane", but expected "The Rabbit"
9389th query was erroneous: got "The Star And Garter", but expected "Rushden Golf Club"
9391th query was erroneous: got "Zuzu Lounge", but expected "The Blackamoor Head Hotel"
9395th query was erroneous: got "Stranraer Football Club", but expected "Wigtownshire Rugby Football Club"
9397th query was erroneous: got "Charters", but expected "Gildenburgh Adults Mess Club"
9404th query was erroneous: got "Rye Literary Institute", but expected "Union Inn"
9418th query was erroneous: got "Hill Top Club", but expected "The Legion"
9420th query was erroneous: got "Union Inn", but expected "Ypres Castle Inn"
9422th query was erroneous: got "Brighton Tavern", but expected "The Prince George (wet Sales)"
9437th query was erroneous: got "Potters Snooker Club", but expected "McGlones"
9447th query was erroneous: got "Harp Inn", but expected "Railway Inn"
9466th query was erroneous: got "Ealing Squash & Fitness Centre", but expected "The Haven Arms"
9475th query was erroneous: got "Bowling Green Tavern", but expected "Deal Town Football Supporters Club"
9476th query was erroneous: got "George And Horn", but expected "Kingsclere Bowling Club"
9477th query was erroneous: got "Casa Italia", but expected "Dog and Partridge"
9492th query was erroneous: got "How Do You Do", but expected "The Salty Sea Dog"
9493th query was erroneous: got "North Watford Conservative Club", but expected "The Wishing Well"
9496th query was erroneous: got "Shipley Catholic Mens Society", but expected "The Triangle (Bar Only)"
9500th query was erroneous: got "DC4BARS Limited", but expected "Rose and Crown"
9502th query was erroneous: got "Chiswick Old Fire Station", but expected "The Crown"
9509th query was erroneous: got "Helgi's", but expected "Erciyes Social Club"
9515th query was erroneous: got "Craghead Victory and Social Club", but expected "The Punch Bowl"
9518th query was erroneous: got "Cherry", but expected "Morgan Arms"
9522th query was erroneous: got "Grange Social Club", but expected "Inn On The Green"
9528th query was erroneous: got "The Prince Albert", but expected "Edgeley Conservative Club"
9531th query was erroneous: got "Entice", but expected "Guildford"
9534th query was erroneous: got "147 Sports Bar", but expected "Pudsey St Lawrence Cricket Club"
9536th query was erroneous: got "Orocco Pier", but expected "The Ferry Tap"
9544th query was erroneous: got "Cue Point Ltd (inside the Rose and Crown)", but expected "Rose and Crown"
9547th query was erroneous: got "Barts Bar", but expected "Cow & Telescope"
9565th query was erroneous: got "Lullingstone Castle", but expected "The Cotton Mill"
9568th query was erroneous: got "Bar 7", but expected "Slug And Lettuce"
9580th query was erroneous: got "Rabbies", but expected "Budds Bar"
9590th query was erroneous: got "Sandgate Hotel", but expected "Earl of Clarendon"
9591th query was erroneous: got "Bath Hotel", but expected "West Riding"
9595th query was erroneous: got "Kings Head", but expected "M.V.D. Limited"
9598th query was erroneous: got "Pelham Hotel", but expected "Royal Oak & African Base Restaurant"
9600th query was erroneous: got "Billionaires", but expected "Kino Lounge"
9604th query was erroneous: got "ALL BAR ONE", but expected "ARCHIBALD SIMPSON"
9609th query was erroneous: got "Oyster Shed", but expected "The Banker"
9613th query was erroneous: got "Cricketers Pub", but expected "The Melrose"
9617th query was erroneous: got "Scholars", but expected "The Empire"
9622th query was erroneous: got "Cock Hotel", but expected "Masons Arms"
9626th query was erroneous: got "JIMMY WILSONS BAR", but expected "MALONE'S"
9631th query was erroneous: got "Joshua Brooks", but expected "The Salisbury"
9635th query was erroneous: got "Bo Jollys", but expected "The Vaults"
9642th query was erroneous: got "Calderwood Arms", but expected "The Anvil Inn"
9644th query was erroneous: got "The Dobblers Inn", but expected "The Geldart"
9660th query was erroneous: got "Greens Norton British Legion Club", but expected "The Butchers Arms"
9662th query was erroneous: got "Fountains Abbey Public House", but expected "Mad Bishop & Bear"
9664th query was erroneous: got "Kings Arms Hotel", but expected "Jeffersons"
9670th query was erroneous: got "THE JUNCTION", but expected "Anglesey Arms"
9675th query was erroneous: got "The Beer Den", but expected "The Upsteps"
9677th query was erroneous: got "Chatteris Cricket Club", but expected "The Honest John"
9679th query was erroneous: got "Rushden Working Mens Club", but expected "The Wheatsheaf Rushden Ltd"
9680th query was erroneous: got "Windsor Buffet", but expected "Spry Wines"
9681th query was erroneous: got "Burghley Arms", but expected "Red Lion Public House"
9686th query was erroneous: got "LODGE TRAFALGAR", but expected "STELLA MARIS CENTRE"
9689th query was erroneous: got "Bar and Beyond", but expected "OHM"
9690th query was erroneous: got "Craft", but expected "Greetland Cricket & Bowling Cl"
9691th query was erroneous: got "Flying Horse Public House", but expected "The Meeting Place"
9696th query was erroneous: got "The Beehive", but expected "The Happy Man"
9700th query was erroneous: got "Scottish Lithuanian Social Club", but expected "Woodhall St Johns 305"
9702th query was erroneous: got "Bedales Wine Bar", but expected "Planet Of The Grapes"
9710th query was erroneous: got "Ancient Unicorn", but expected "Bowes Social Club"
9726th query was erroneous: got "Outlook", but expected "Ukrainian Social Club"
9735th query was erroneous: got "The Stingray Freehouse", but expected "Shakers Bar"
9741th query was erroneous: got "St Mary's Community Centre", but expected "The Deacon"
9751th query was erroneous: got "Bishops Cleeve Football Club", but expected "Newlands Park Sports And Social Club"
9752th query was erroneous: got "Celadon Thai Restaurant", but expected "The Old Crown"
9753th query was erroneous: got "Three Horseshoes", but expected "Greyhound Inn"
9756th query was erroneous: got "Bridgnorth Bowling Club", but expected "The Woodberry Inn"
9760th query was erroneous: got "The Plough Inn", but expected "Tilehurst Royal British Legion"
9761th query was erroneous: got "The Windmill", but expected "Zeitgeist @ The Jolly Gardeners"
9764th query was erroneous: got "Mickley & District Social Club", but expected "Glenside Function Suite"
9765th query was erroneous: got "The White Horse", but expected "Chequers Inn"
9768th query was erroneous: got "The Donkey", but expected "Welford Bar And Grill"
9781th query was erroneous: got "Banister Park", but expected "The Trojans Club"
9805th query was erroneous: got "The Otters Head", but expected "Glenrothes Rugby Club"
9810th query was erroneous: got "Surbiton Methodist Tennis Club", but expected "Surbiton Racket & Fitness Club"
9814th query was erroneous: got "Queenborough Yacht Club", but expected "The Admiral's Arm"
9818th query was erroneous: got "Hand In Hand", but expected "Trimley Sports And Social Club"
9820th query was erroneous: got "Globe", but expected "Harwich Town Sailing Club"
9828th query was erroneous: got "Red Lion Public House", but expected "The Cock Inn"
9855th query was erroneous: got "Heriot's Cricket Club", but expected "Goldenacre Bowling Club"
9856th query was erroneous: got "Byker And Heaton Union Club", but expected "Masonic Catering"
9859th query was erroneous: got "Prince Albert", but expected "The Sun"
9866th query was erroneous: got "Boot Inn", but expected "Chapelhay Tavern"
9870th query was erroneous: got "Moon on the Square", but expected "The Edge"
9878th query was erroneous: got "Beam and Brycg", but expected "Walton Arms"
9879th query was erroneous: got "Bell & Crown Public House", but expected "The Marlowe Theatre"
9880th query was erroneous: got "The Mere Scribbler", but expected "The Rabbit Hole"
9883th query was erroneous: got "Original Oak", but expected "The Box"
9890th query was erroneous: got "Battersea Labour Club", but expected "Suburb SW11"
9892th query was erroneous: got "Black Horse", but expected "The British Queen"
9908th query was erroneous: got "Horse Shoe Bar", but expected "Motherwell Bowling Club"
9910th query was erroneous: got "All Inn (HL)", but expected "Staveley Legionaires Club"
9914th query was erroneous: got "Park View W M Club", but expected "The Forts Arms"
9921th query was erroneous: got "Asquiths", but expected "The Royal"
9923th query was erroneous: got "Wheatsheaf Inn", but expected "Eight Bells Public House"
9925th query was erroneous: got "Barfly Club Ltd", but expected "The Anchor"
9930th query was erroneous: got "The Fox", but expected "Yate Town Football Club"
9939th query was erroneous: got "The Whitecross Tap", but expected "Britannia Public House"
9944th query was erroneous: got "Duffield Club", but expected "The White Hart"
9945th query was erroneous: got "FRIENDSHIP INN (Public House)", but expected "The Railway Inn (Von's)"
9950th query was erroneous: got "Biddle Brothers", but expected "The Elderfield"
9954th query was erroneous: got "Crown Inn", but expected "Elgins Lodge At Leven No 91"
9957th query was erroneous: got "Beith Masonic Club", but expected "Masonic Jacz"
9959th query was erroneous: got "The Stag and Pheasant", but expected "Malt Shovel (Hartshill) Ltd"
9960th query was erroneous: got "Bartley Sailing Club Ltd", but expected "Student Bar"
9963th query was erroneous: got "The Salutation Public House", but expected "Cock And Pye Public House"
9970th query was erroneous: got "Chatteris Working Mens Club And Institute Limited", but expected "Rob's Kitchen"
9975th query was erroneous: got "Downham Market Club", but expected "The Swan Hotel"
9977th query was erroneous: got "Shipwrights arms", but expected "The alexander hay"
9983th query was erroneous: got "The Lamb P.H", but expected "The Old Hammam and Spa"
9988th query was erroneous: got "Watermans Arms", but expected "Barley Mow (Bar Only)"
Loading dataset (46988 vectors of length 2) took 0.14197254180908203
Performing 10000 NN queries took 7.377465486526489
Number of erroneous queries: 1617
Data: /data/courses/2026_dat471_dit066/datasets/pubs/pubs.csv, Query: /data/courses/2026_dat471_dit066/datasets/pubs/pub_queries_big.txt, Batch size: 1
