5th query was erroneous: got "Cains Pier Arcade", but expected "Herne Bay Catholic Social Club"
6th query was erroneous: got "East dulwich tavern", but expected "The actress"
12th query was erroneous: got "The Nottingham Castle", but expected "Nolan's Freehouse"
18th query was erroneous: got "Markinch Bowling Club", but expected "Masonic Lodge"
19th query was erroneous: got "Cricketers Arms", but expected "St. Andrews Tavern"
24th query was erroneous: got "Kislingbury Bowls Club", but expected "The Olde Red Lion"
25th query was erroneous: got "The Ship And Castle", but expected "White Hart Inn"
26th query was erroneous: got "Clowns & Jesters Nightclub", but expected "The Guide Dog Alehouse Ltd"
29th query was erroneous: got "Masonic Hall", but expected "The City & County"
31th query was erroneous: got "Southcliffe Hotel", but expected "Yacht Club"
32th query was erroneous: got "Harehills Labour Club", but expected "Harehills WMC"
37th query was erroneous: got "Co-Op Sports and Social Club", but expected "Barrow Cricket Club"
42th query was erroneous: got "The Green Man", but expected "Greene King @ The Boars Head"
50th query was erroneous: got "Lochlands Bowling Club", but expected "Corner Bar"
63th query was erroneous: got "12 Degrees West", but expected "Beacon Bingo"
64th query was erroneous: got "Ahir Lorenzo's Bar Restaurant", but expected "The King Of Prussia"
68th query was erroneous: got "Island Social Club", but expected "Seaham Harbour Cricket Club"
76th query was erroneous: got "The Flying Horse", but expected "The Waterloo Pub"
79th query was erroneous: got "White Cross Inn", but expected "Bradley & Colnebridge WMC"
80th query was erroneous: got "Troedyrhiw Ex Servicemen's Club", but expected "Ynysowen Rugby Club"
88th query was erroneous: got "The Royal British Legion", but expected "The Kings Head"
89th query was erroneous: got "The Northcote", but expected "Adventure Bar"
91th query was erroneous: got "Aylsham Ex Service & Social C", but expected "The Feathers Public House"
99th query was erroneous: got "The Darnley Arms", but expected "The Ship"
100th query was erroneous: got "Shaldon Conservative Club & Association", but expected "The Ferry Boat Inn"
109th query was erroneous: got "Robin Hood Public House", but expected "The Adam & Eve Public House"
110th query was erroneous: got "The Crown", but expected "Compton Cross"
114th query was erroneous: got "Club Cuba", but expected "Scottish Arts Club"
118th query was erroneous: got "Blundell Park Hotel", but expected "New Clee Constitutional Club Limited"
129th query was erroneous: got "Vaughan Arms", but expected "Resolven R.F.C."
137th query was erroneous: got "Drapers' Bar and Restaurant", but expected "Ivy House"
144th query was erroneous: got "The Greyhound Inn", but expected "Bitter-Suite Micropub Ltd"
162th query was erroneous: got "Waverley Bar", but expected "Elders Bar"
172th query was erroneous: got "Moat House", but expected "Raf Association Club"
182th query was erroneous: got "Shenanigans", but expected "Rose And Crown"
184th query was erroneous: got "The Noahs Ark", but expected "The Eagle"
187th query was erroneous: got "The Plough", but expected "The Nags Head"
188th query was erroneous: got "Cumberland Arms P H", but expected "Hand And Flower"
190th query was erroneous: got "RAFA Wings Club", but expected "RENDEZVOUS"
193th query was erroneous: got "The Adelaide", but expected "The Railway Pub & Dining Rooms"
194th query was erroneous: got "Schnapps Bar", but expected "Showmans Sports Bar"
196th query was erroneous: got "Miners Arms", but expected "Rising Sun"
202th query was erroneous: got "The Foundry", but expected "The Chantry"
219th query was erroneous: got "Albert Bar", but expected "Ross's Bar"
221th query was erroneous: got "Vane Arms", but expected "St Leonards Catholic Club"
242th query was erroneous: got "Lightning Club", but expected "Clifton Arms"
246th query was erroneous: got "Goodhart-Rendel Community Hall", but expected "King William IV"
261th query was erroneous: got "Churchill Inn", but expected "The Stag and Hounds"
268th query was erroneous: got "George Hotel", but expected "The Made Inn Company Ltd"
270th query was erroneous: got "The Town Crier", but expected "The Town Wall Tavern"
276th query was erroneous: got "The Three Pilchards", but expected "Blue Peter"
282th query was erroneous: got "O'Neills", but expected "The Gazebo"
284th query was erroneous: got "The Admiral", but expected "Wellington Inn"
287th query was erroneous: got "Jameson's Bar", but expected "The 19 Club"
295th query was erroneous: got "Church Stile Inn", but expected "Sowerby Tennis & Bowling Club"
298th query was erroneous: got "The Boars Head Volare", but expected "Welcome Tavern"
302th query was erroneous: got "Cargo", but expected "Chicago Deep Dish Ltd"
303th query was erroneous: got "Fetch", but expected "9 Bar"
306th query was erroneous: got "Shipley Conservative Club", but expected "Old House At Home (Bar Only)"
309th query was erroneous: got "The Broadwater", but expected "The Cricketers"
328th query was erroneous: got "Masonic Lodge Social Club", but expected "YMCA"
329th query was erroneous: got "Foresters Arms", but expected "Junction Tavern"
330th query was erroneous: got "The Laurel Inn", but expected "Bay Hotel"
338th query was erroneous: got "The Abbey Bar & Grill", but expected "Blu Magic inside Oryan Cocktail Bar"
343th query was erroneous: got "Bricklayers Arms", but expected "Duke Of York Public House"
352th query was erroneous: got "Wardle Conservative Club", but expected "Hare & Hounds"
357th query was erroneous: got "The Royal British Legion", but expected "Corsham Bowls Club"
382th query was erroneous: got "Kennedy's Public House", but expected "Meltdown"
395th query was erroneous: got "Sutton Residents Association", but expected "The Rose & Crown"
396th query was erroneous: got "Arbroath Indoor Bowling Club", but expected "Lochlands Bowling Club"
398th query was erroneous: got "Marquis Of Granby", but expected "Assembly Rooms"
405th query was erroneous: got "Our Lady of Muswell Lawn Tennis Club", but expected "The Maid of Muswell"
411th query was erroneous: got "Leigh Park Bowling Club", but expected "The Heron"
416th query was erroneous: got "Bar So", but expected "Volunteer Inn"
428th query was erroneous: got "The Anchor Inn", but expected "The Moon Pub"
438th query was erroneous: got "Fox & Grapes", but expected "The Nottingham Legend"
441th query was erroneous: got "The Titchenham Inn", but expected "Coach & Horses"
458th query was erroneous: got "Earlston Bowling Club", but expected "Ericildome Masonic Club"
463th query was erroneous: got "Iconic Fitness", but expected "The Abbey Bar"
465th query was erroneous: got "The Mitre Public House", but expected "The Swan Public House"
470th query was erroneous: got "Masons Arms", but expected "City Limits Dance Centre"
475th query was erroneous: got "The Railway Tavern", but expected "Buckhaven Bowling Club"
481th query was erroneous: got "Suttoners Sports and Social Club", but expected "Kinson Conservative Club"
507th query was erroneous: got "Dance Tunnel", but expected "Ridley Road Market Bar"
510th query was erroneous: got "Mermaid Inn", but expected "Anchor Inn"
515th query was erroneous: got "Faraday's", but expected "Sample Restaurant and Tilt Bar"
520th query was erroneous: got "The Robin", but expected "The Robin (kitchen)"
528th query was erroneous: got "Enderby Conservative Club", but expected "The New Inn"
529th query was erroneous: got "Cheers Sports Bar", but expected "The Lorne"
549th query was erroneous: got "Pulse Night Club", but expected "Dudley CVS"
570th query was erroneous: got "Royal Naval Association", but expected "King Johns Tavern"
583th query was erroneous: got "Taste of Cyprus in The Sun", but expected "The Queens Arms"
587th query was erroneous: got "Dee Inn", but expected "Flint Town United F.C"
590th query was erroneous: got "Blends & The Academy Bar", but expected "Jonty Farmer"
600th query was erroneous: got "The Volunteer Arms", but expected "The Eagle Inn"
601th query was erroneous: got "Foundry Arms", but expected "The Royal Mortar"
602th query was erroneous: got "The Titanic", but expected "Juniper Berry"
603th query was erroneous: got "19 Hospitality At Southwold Golf Club", but expected "The William Godell Pavilion"
608th query was erroneous: got "Lauder's", but expected "Intermezzo"
613th query was erroneous: got "Encore Une Fois", but expected "Black Isle Bar and Rooms"
620th query was erroneous: got "Victoria Memorial Club", but expected "Swan Inn"
625th query was erroneous: got "The Great Food Factory Ltd @ Railway Bell", but expected "The Wheatsheaf"
628th query was erroneous: got "Rossendale Club Limited", but expected "Bacup Cricket Supporters Club"
630th query was erroneous: got "Penderel's Oak", but expected "Horse & Wig"
638th query was erroneous: got "Queen Street Brewhouse", but expected "Roberts Club"
645th query was erroneous: got "CASTLE MONA", but expected "LONDON ROAD BOWLING CLUB"
649th query was erroneous: got "18 Seven", but expected "Osborne Working Mens Club Ltd"
656th query was erroneous: got "Newcastle Companions Club", but expected "Nine"
659th query was erroneous: got "Olivers Wine Bar", but expected "The Oddfellows Arms"
665th query was erroneous: got "Greyhound", but expected "Builders Arms"
667th query was erroneous: got "Kings House - Bar", but expected "The Old Comical"
685th query was erroneous: got "The Travellers Rest", but expected "No 41"
687th query was erroneous: got "O'Neills", but expected "Henrys Cafe & Bar"
688th query was erroneous: got "Keighley Liberal Club (Bar Only)", but expected "The Volunteers"
695th query was erroneous: got "Swan Inn", but expected "The Bull Inn"
700th query was erroneous: got "Matlock Town Football Club", but expected "Edgefold Club"
709th query was erroneous: got "Witton Inn Public House", but expected "Bulls Head"
720th query was erroneous: got "Balls Brothers Austin Friars", but expected "Slug and Lettuce"
721th query was erroneous: got "The Stout House", but expected "Brewhouse and Kitchen"
729th query was erroneous: got "The Crane", but expected "King's Arms"
734th query was erroneous: got "King Cross W M C", but expected "The Wellington Inn"
735th query was erroneous: got "Chip N Ern (Bar Only)", but expected "Ferrands Arms (Bar only)"
736th query was erroneous: got "Oli & Joes", but expected "Prudhoe & District United Services Club"
745th query was erroneous: got "Ye Three Fyshes", but expected "The Three Cranes"
746th query was erroneous: got "The Flower Pot", but expected "The Weir Hotel"
759th query was erroneous: got "Cross Keys Inn", but expected "Douglas Victoria Bowling Club"
760th query was erroneous: got "Clansman Bar", but expected "Dunoon Argyll Masonic Lodge No. 335"
767th query was erroneous: got "Strawberry Gardens Inn", but expected "Droylsden Cricket Ground"
769th query was erroneous: got "Kiss Nightclub", but expected "Time Restaurant And Cocktail Bar"
771th query was erroneous: got "Hillingdon Manor Cricket Club", but expected "Prince of Wales Sahara City"
772th query was erroneous: got "The Beehive P.H", but expected "The Two Brewers"
774th query was erroneous: got "The Boot Inn", but expected "The Coach House Inn"
782th query was erroneous: got "Grosvenor Casino", but expected "APNA VENUE"
784th query was erroneous: got "Phoenix Sports Club", but expected "VCD Athletic Club"
792th query was erroneous: got "Betty Nicols", but expected "Kirk And Bear"
795th query was erroneous: got "The Lorne", but expected "Oban Inn"
808th query was erroneous: got "JUNIPER GREEN BOWLING CLUB", but expected "Juniper Green Inn"
816th query was erroneous: got "Red Lion Inn", but expected "The Woodman"
819th query was erroneous: got "GOLDIES", but expected "TOM BROWNS"
833th query was erroneous: got "Shildon Masonic Hall", but expected "Shildon Railway Sports & Social Club"
838th query was erroneous: got "West End Bar", but expected "Airdrie Bowling Club"
842th query was erroneous: got "St Cuthberts RC Social Club", but expected "The Distillery"
845th query was erroneous: got "The White Horse", but expected "Abingdon Royal British Legion Club"
850th query was erroneous: got "Art School Cellars", but expected "Truth Grill"
851th query was erroneous: got "The Dragon Inn", but expected "Royal No 1 Club"
857th query was erroneous: got "The Gardeners Arms", but expected "Royal British Legion Mitcham Club Lt"
866th query was erroneous: got "MOO Cantina", but expected "The Cask Public House"
868th query was erroneous: got "Wood Top Inn", but expected "Gannow Wharf"
871th query was erroneous: got "The White Swan", but expected "The Nag's Head"
872th query was erroneous: got "Dexter Burger At The Pendleton", but expected "The Plough Public House"
874th query was erroneous: got "Albert Bar", but expected "Balmore Bar"
878th query was erroneous: got "Darwen Tap", but expected "Hollins Grove Conservative Club"
883th query was erroneous: got "The Willow Walk", but expected "Beer House"
896th query was erroneous: got "AMALFI RESTAURANT & PIZZERIA", but expected "HYTHE & DISTRICT CLUB LTD"
908th query was erroneous: got "The Seadog", but expected "Queens Hotel"
909th query was erroneous: got "VILLAGE TAVERN", but expected "WOLSTANTON CONSERVATIVE CLUB"
911th query was erroneous: got "The Queens Hotel", but expected "Victoria Snooker Club"
913th query was erroneous: got "Bridge Inn", but expected "The Cherry Orchard"
914th query was erroneous: got "1 Town Hall Square", but expected "Vale Of Glamorgan Inn"
927th query was erroneous: got "Coach and Horses", but expected "Queens Head Hotel"
945th query was erroneous: got "Cross Keys Hotel", but expected "Darfield Village Club WMC"
952th query was erroneous: got "The Boudingait", but expected "Watts"
963th query was erroneous: got "Hykeham Bowls Club", but expected "Hykeham PFA Sports & Social Club"
964th query was erroneous: got "WEST KILBRIDE BOWLING CLUB", but expected "West Kilbride Masonic Club"
965th query was erroneous: got "Centre Point Bar", but expected "Red Lion"
969th query was erroneous: got "The White Horse", but expected "Bristol Bowls Club"
974th query was erroneous: got "SOCIETY BAR", but expected "The Smithfield Hotel"
975th query was erroneous: got "Sparsholt Cricket Club", but expected "Plough Inn"
978th query was erroneous: got "Red Lion Hotel", but expected "The Burley Tap (Bar Only)"
987th query was erroneous: got "Clarendon Arms", but expected "The Elm Tree"
990th query was erroneous: got "Baxenden Conservative Club- Wet sales only", but expected "Baxenden Cricket Club Clubhouse"
991th query was erroneous: got "Kings Head", but expected "Chalford Sports & Social Club"
994th query was erroneous: got "Welsh Tavern", but expected "Brent School Old Boys Social Club"
995th query was erroneous: got "Gladstone Arms", but expected "Bear Inn"
998th query was erroneous: got "Brouge Bistros Ltd", but expected "Prince Of Wales"
1001th query was erroneous: got "Cask Tavern", but expected "The Kingfisher Wetherspoons"
1011th query was erroneous: got "The Three Fishes", but expected "Hare & Hounds"
1021th query was erroneous: got "The Royal British Legion", but expected "White Hart Inn Hockley Ltd"
1023th query was erroneous: got "Prohibition 144", but expected "Rita's Pantry"
1028th query was erroneous: got "The Spring Tavern", but expected "Wheatsheaf Inn"
1030th query was erroneous: got "Brixton Jamm", but expected "Crown \\& Anchor"
1035th query was erroneous: got "The King's Arms", but expected "The Willow House"
1039th query was erroneous: got "Willow Tree Pub", but expected "Marquis Of Granby"
1041th query was erroneous: got "Old Shipbank Vault", but expected "The African Caribbean Centre"
1046th query was erroneous: got "The Garratt & Gauge", but expected "Bills Produce Store"
1052th query was erroneous: got "St Crispin Inn", but expected "The Blue Pigeons At Worth"
1064th query was erroneous: got "The Barlick Tap Alehouse", but expected "Barnoldswick Legion Club Ltd"
1075th query was erroneous: got "The Tavern", but expected "Fair Isle Bowling Club"
1076th query was erroneous: got "Navigation Inn", but expected "Bulls Head"
1077th query was erroneous: got "Pictureville Bar", but expected "Jacobs Beer House"
1093th query was erroneous: got "The Ravensgate Arms", but expected "Earl St Vincent"
1097th query was erroneous: got "Hawthorne Hotel", but expected "147 Snooker Club"
1101th query was erroneous: got "Wootton Working Mens Club", but expected "Yeoman Of England"
1105th query was erroneous: got "Arctic Bar", but expected "Number 57"
1106th query was erroneous: got "Dubmire R.B.L. Social Club", but expected "Free Gardeners Arms"
1107th query was erroneous: got "Sunderland Drama Club", but expected "The Stumble Inn"
1109th query was erroneous: got "Midland Hotel", but expected "Ole Int Wall"
1110th query was erroneous: got "Candlemaker", but expected "Harry's Bar"
1111th query was erroneous: got "The New Inn", but expected "The Queens Head"
1124th query was erroneous: got "NORTHERN BOWLING CLUB", but expected "MORRISON & GIBB SOCIAL CLUB"
1138th query was erroneous: got "The Middle Bell", but expected "The 3 Horseshoes"
1141th query was erroneous: got "The Three Swans", but expected "Abbey Vaults"
1146th query was erroneous: got "The Quarry Stone", but expected "The Tannery"
1147th query was erroneous: got "The Belper Tap", but expected "Pump It Up Micropub"
1153th query was erroneous: got "Furnace Inn", but expected "Little Chester Ale House"
1154th query was erroneous: got "Allens Sports & Social Club", but expected "The Tilted Barrel"
1164th query was erroneous: got "The Royal Oak", but expected "Abbots Langley & District Men'S Club"
1174th query was erroneous: got "The Seven Stars", but expected "The Horseshoe Inn"
1181th query was erroneous: got "The Borough Arms", but expected "RISING SUN"
1184th query was erroneous: got "Windmill Club", but expected "The Warren"
1187th query was erroneous: got "FLEETWOOD WORKING MENS CLUB", but expected "J D WETHERSPOON PLC"
1188th query was erroneous: got "Huyton With Roby Constitutional Club", but expected "Barkers Brewery"
1194th query was erroneous: got "The Anchor Inn", but expected "The Catherines Inn"
1195th query was erroneous: got "Weybridge Services & Social Club", but expected "Elmbridge Arms"
1202th query was erroneous: got "Basement Complex", but expected "Downstairs At Sids"
1208th query was erroneous: got "The Mousetrap", but expected "Abode Cafe Bar"
1213th query was erroneous: got "The Stapleton Tavern", but expected "The Old Dairy"
1226th query was erroneous: got "The Little Crown", but expected "Royal Albert"
1237th query was erroneous: got "Bare Gentleman's Club", but expected "Galante Cafe Restaurant and Bar"
1238th query was erroneous: got "Pearsons Bar", but expected "St Vincent's Social Club"
1239th query was erroneous: got "Carrier Quarters", but expected "The Fly Half"
1251th query was erroneous: got "Bexhill Waterfront", but expected "Bexhill Sailing Club"
1255th query was erroneous: got "The Angel", but expected "The Kings Arms"
1258th query was erroneous: got "Teddington Arms", but expected "The Clock House Pub"
1264th query was erroneous: got "Ahir Lorenzo's Bar Restaurant", but expected "Joiners Arms"
1278th query was erroneous: got "Thorney Park Golf", but expected "North Star"
1294th query was erroneous: got "Railway Tavern", but expected "Bridge Bar"
1296th query was erroneous: got "Brewhouse and Kitchen Bristol", but expected "The Vittoria"
1297th query was erroneous: got "East Midlands Bridge Academy Limited", but expected "Malt Shovel"
1302th query was erroneous: got "Fedora's Club", but expected "Ashdown Social Club"
1304th query was erroneous: got "Airlie Arms", but expected "Troll Inn"
1311th query was erroneous: got "The Windmill", but expected "The White Horse"
1322th query was erroneous: got "Phoenix Cue Sports Ltd", but expected "Eastwood & District Conservative Club"
1328th query was erroneous: got "Queen's Head", but expected "Queens Head"
1340th query was erroneous: got "The Hub", but expected "The Queens Arms"
1347th query was erroneous: got "The New Odds Club", but expected "English in Margate"
1353th query was erroneous: got "The Albany", but expected "The Dittons Skiff & Punting Club"
1355th query was erroneous: got "The British Queen", but expected "Welcome Arms"
1356th query was erroneous: got "Queensbury Tavern (Bar Only)", but expected "Halfway House (Bar Only)"
1357th query was erroneous: got "Agricultural Hotel", but expected "The Station Hotel"
1358th query was erroneous: got "The Crown Inn", but expected "Sun Inn"
1360th query was erroneous: got "The Church", but expected "Cruise Chester"
1382th query was erroneous: got "Queens Head", but expected "The Gordon Arms"
1383th query was erroneous: got "The Ship Inn", but expected "Anchor Inn"
1392th query was erroneous: got "Kings Head", but expected "Waltham British Legion Club"
1402th query was erroneous: got "Jane's Kitchen At Staines Conservative Club", but expected "The George"
1408th query was erroneous: got "Frodingham Road Club", but expected "Scunthorpe Polish Social Centre Ltd"
1418th query was erroneous: got "KINGS ARMS", but expected "LYMINGTON CONSERVATIVE CLUB LTD"
1422th query was erroneous: got "Woolpack Inn", but expected "Gardeners Arms & Murderers Cafe Bar"
1426th query was erroneous: got "FUGGLE AND NUGGET", but expected "Burton Bridge Inn"
1427th query was erroneous: got "Candy Bar", but expected "Panda & Sons"
1430th query was erroneous: got "The Golden Cross Hotel", but expected "The Grove Inn"
1441th query was erroneous: got "Hampton Pier Yacht Club", but expected "The Hampton Inn"
1445th query was erroneous: got "256 Wilmslow Road", but expected "Revolution"
1451th query was erroneous: got "Feathers", but expected "The Albion"
1452th query was erroneous: got "Maryhill Tavern", but expected "Kelvin Dock Bar"
1454th query was erroneous: got "The Boathouse", but expected "The Spotted Horse"
1463th query was erroneous: got "Sunnyside Social Club", but expected "Moon On The Water"
1470th query was erroneous: got "Todmorden Cricket Club - Clubhouse", but expected "Todmorden Cricket Club Tearoom"
1479th query was erroneous: got "Denaby And Cadeby Miners Welfare", but expected "Denaby Main Institute"
1481th query was erroneous: got "Thieves Kitchen", but expected "The Wandering Goose"
1487th query was erroneous: got "Hilgay Rose And Crown Ltd", but expected "Hilgay Motorboat Club"
1494th query was erroneous: got "Dew Drop Inn", but expected "Kings Arms"
1513th query was erroneous: got "Spyglass And Kettle", but expected "Wigmore & District Smallholders Club"
1516th query was erroneous: got "Springbrook", but expected "Grappenhall Ex Servicemens League"
1529th query was erroneous: got "Hexham Ex Servicemens Club", but expected "Heart Of Northumberland"
1534th query was erroneous: got "Old Sharlston Cricket Club", but expected "Sharlston Villa Club And Institute"
1536th query was erroneous: got "The Lock", but expected "Leigh Arms"
1548th query was erroneous: got "The Quiet Woman", but expected "Hilltop Working Mens Club And Institute"
1550th query was erroneous: got "Fleetwood Masonic Hall", but expected "Additions Cafe Bar"
1557th query was erroneous: got "Greyhound", but expected "Hope & Anchor"
1573th query was erroneous: got "Maerdy Hotel and Wine Bar", but expected "Maerdy Social Club & Institute"
1575th query was erroneous: got "Old Griffin Head", but expected "Gildersome Arms"
1577th query was erroneous: got "Plough Inn", but expected "Y Goron Fach"
1579th query was erroneous: got "Tinker & Budget", but expected "The Civic Arts Centre & Theatre (Wet Sales)"
1585th query was erroneous: got "Preston Park Tavern", but expected "The Cleveland Arms (Kitchen)"
1589th query was erroneous: got "LT's", but expected "The Gilpins Bell"
1591th query was erroneous: got "Arsenal Tavern", but expected "King's Head Public House"
1595th query was erroneous: got "Waltham Abbey Town  Council", but expected "The Crown"
1596th query was erroneous: got "Emberton Park Sailing Club", but expected "Emberton Sports & Social Club & Cricket Pavilion"
1605th query was erroneous: got "The Swan Hotel", but expected "The White Hart"
1606th query was erroneous: got "New Inn", but expected "Stackhouse Bar"
1611th query was erroneous: got "The Old Post Office Pub", but expected "Bench & Bar"
1618th query was erroneous: got "Union Tavern Public House", but expected "Crowne Plaza Kings Cross"
1624th query was erroneous: got "The Red Lion", but expected "Northbar (Otley)"
1648th query was erroneous: got "Ystrad Rhondda RFC", but expected "The Con"
1669th query was erroneous: got "Charles XII", but expected "Deramore Arms"
1674th query was erroneous: got "The Hunters Moon", but expected "Elderlink"
1678th query was erroneous: got "SCOTT'S BAR", but expected "ABERDEEN INDOOR BOWLING CLUB"
1680th query was erroneous: got "Melrose Sports and Social Club", but expected "Masonic Hall"
1681th query was erroneous: got "Saracens Head", but expected "Ounce Bar & Kitchen"
1683th query was erroneous: got "The Shed", but expected "The Miniature"
1691th query was erroneous: got "The Fairhaven", but expected "Lytham Bridge Club"
1708th query was erroneous: got "ABERDEEN TRANSPORT CLUB", but expected "PITTODRIE BAR"
1710th query was erroneous: got "Cross Keys", but expected "The Paper Mills"
1718th query was erroneous: got "Volunteer Arms", but expected "The Old Mill"
1719th query was erroneous: got "Hednesford Town Football & Social Club", but expected "Littleworth Victory Working Mens Club"
1721th query was erroneous: got "Scunthorpe Polish Social Centre Ltd", but expected "Frodingham Road Club"
1726th query was erroneous: got "Golf Club At Spital Dene And", but expected "Tynemouth Lodge Hotel"
1734th query was erroneous: got "Oak House Sports and Social Club", but expected "Victoria House Bar"
1736th query was erroneous: got "Bitter-Suite Micropub Ltd", but expected "Lichfield Conservative Club"
1748th query was erroneous: got "Waterloo Road Social Club", but expected "High Street Social Club"
1754th query was erroneous: got "Halstead Masonic Hall", but expected "The Co-operative Food"
1759th query was erroneous: got "Keighley Liberal Club (Bar Only)", but expected "The Livery Rooms"
1768th query was erroneous: got "The Parrot", but expected "Penny Theatre"
1772th query was erroneous: got "The Brewery Tap", but expected "Rumours"
1774th query was erroneous: got "Uttoxeter Cricket Club", but expected "Bulls Head"
1777th query was erroneous: got "The Greyhound", but expected "Unicorn Inn"
1781th query was erroneous: got "Shepshed Cricket Club", but expected "The Jolly Farmers"
1796th query was erroneous: got "Bla Bla Bar", but expected "French 75"
1804th query was erroneous: got "Bulls Head", but expected "The Plough"
1808th query was erroneous: got "Silverhill Club", but expected "The Clarence Hotel"
1810th query was erroneous: got "The Cricketers", but expected "The Prince Albert"
1812th query was erroneous: got "Crosskeys Inn", but expected "Lodge St. Mary No 31"
1813th query was erroneous: got "The Grand Junction", but expected "The Wheatsheaf"
1817th query was erroneous: got "Cresswell Arms", but expected "Queens Head Hotel"
1820th query was erroneous: got "The King's Arms", but expected "The Crown Hotel"
1829th query was erroneous: got "Lobster Inn", but expected "Cleveland Hotel"
1834th query was erroneous: got "Ivy Leaf Club", but expected "Childers"
1847th query was erroneous: got "West Road Tap", but expected "The Plough"
1848th query was erroneous: got "Raglan Arms", but expected "The Bradby Club"
1853th query was erroneous: got "Nealies", but expected "Milford Social Club"
1868th query was erroneous: got "Glitzy Lady Ltd", but expected "Blyth & Tyne Hotel"
1871th query was erroneous: got "The Old Ship Inn", but expected "CELESTIAL"
1881th query was erroneous: got "The Crown", but expected "Brewdog"
1883th query was erroneous: got "White Lion", but expected "The Beeches Bar & Grill"
1884th query was erroneous: got "Bacchus Bar", but expected "Jolly Brewers"
1894th query was erroneous: got "Brancaster 71 Club", but expected "The Ship Hotel"
1895th query was erroneous: got "Davy Lamp", but expected "Bonnie Pit Lad"
1908th query was erroneous: got "Hole In The Wall", but expected "Dalesman"
1909th query was erroneous: got "Blue Posts Public House", but expected "Lockets"
1912th query was erroneous: got "Macclesfield Masonic Club", but expected "Chester Road Tavern"
1914th query was erroneous: got "SLATEFORD BOWLING CLUB", but expected "CROSS KEYS INN"
1919th query was erroneous: got "Old Edwardians R F C", but expected "Weddington Social Club"
1922th query was erroneous: got "Kingsthorpe Bowls Club", but expected "Whitehills Public House"
1927th query was erroneous: got "Birtley Snooker Club", but expected "The Railway Hotel"
1943th query was erroneous: got "Queen Elizabeth Hostel", but expected "The Sands End"
1958th query was erroneous: got "Moon Under Water", but expected "Holtwhites Sports & Social"
1959th query was erroneous: got "The Inverleith", but expected "INVERLEITH RUGBY CLUB"
1960th query was erroneous: got "Forest Tavern The Maze", but expected "Lincolnshire Poacher"
1961th query was erroneous: got "Duke of Wellington", but expected "The Bank MicroPub"
1970th query was erroneous: got "The Bull", but expected "Goring by Sea Cricket &Football Club"
1974th query was erroneous: got "City Arms", but expected "The Royal Oak"
1976th query was erroneous: got "Hoochie Coochie", but expected "Mushroom Bar"
1977th query was erroneous: got "King William IV Hotel", but expected "Lord Nelson"
1980th query was erroneous: got "The Three Tuns", but expected "The Bull Inn"
1984th query was erroneous: got "Bodega", but expected "Malt Dog"
1986th query was erroneous: got "Mosborough Miners Welfare", but expected "Queens Hotel"
1991th query was erroneous: got "Bentinck Sports & Social Club", but expected "Newcastle Dance Centre"
2003th query was erroneous: got "Allan Leonard Lewis VC (Amber Taverns Ltd)", but expected "Neath Masonic Hall"
2013th query was erroneous: got "Horse And Groom Public House", but expected "Coastal Bar Kent (Ltd)"
2027th query was erroneous: got "Old Original Bar", but expected "The Parkville Hotel"
2034th query was erroneous: got "Sunnyside Social Club", but expected "No 1 Refreshment Rooms"
2038th query was erroneous: got "Bridge Inn", but expected "Flying Dutchman"
2039th query was erroneous: got "The Frog & Swan", but expected "The Salvation Army"
2041th query was erroneous: got "The Old Anchor", but expected "Kings Head & Bell"
2046th query was erroneous: got "Revolution", but expected "The Fox & Hounds"
2048th query was erroneous: got "Ivy Leaf Club", but expected "The New Crown Public House"
2051th query was erroneous: got "Queens Head", but expected "The Foundry North East Limited"
2056th query was erroneous: got "The Bell", but expected "New Inn"
2062th query was erroneous: got "The Star Inn", but expected "Norfolk Arms"
2063th query was erroneous: got "The Gate Public House", but expected "The White Lion"
2072th query was erroneous: got "Kinghorn Bowling Club", but expected "Kinghorn Golf Club"
2086th query was erroneous: got "The Civic Arts Centre & Theatre (Wet Sales)", but expected "'Oswaldtwistle Social Club'"
2090th query was erroneous: got "Kings Arms", but expected "The Harefield"
2096th query was erroneous: got "Yardley Ex Servicemens Club", but expected "New Inn"
2097th query was erroneous: got "World Headquarters", but expected "Bierex Smoke And Tap Bar"
2103th query was erroneous: got "The Red Lion Inn", but expected "New Inn"
2108th query was erroneous: got "The Star Inn", but expected "Blue Bell Inn"
2116th query was erroneous: got "Greencroft Social Club", but expected "The Three Tuns"
2130th query was erroneous: got "Greyhound Vaults", but expected "Kings Arms"
2134th query was erroneous: got "Raikes Hall", but expected "Talbot Club"
2141th query was erroneous: got "Crawley Eagles Cricket Clubhouse", but expected "Dr Samuel Johnson"
2144th query was erroneous: got "SOUTH CAERNARFONSHIRE YACHT CLUB", but expected "ST TUDWALS INN"
2152th query was erroneous: got "The ship", but expected "The brunel"
2165th query was erroneous: got "The Corner Bar", but expected "The Strand"
2175th query was erroneous: got "Bunk", but expected "Tangs Kitchen"
2178th query was erroneous: got "Split Chimp", but expected "The Boiler Shop"
2182th query was erroneous: got "Queens Hotel", but expected "Royal Oak"
2185th query was erroneous: got "Royal British Legion", but expected "Severn Vale Bowling Club"
2194th query was erroneous: got "Sunbeam Inn", but expected "British Legion Club"
2195th query was erroneous: got "White Lion", but expected "The Leigham Well"
2199th query was erroneous: got "Inn on the Green", but expected "Helen Arber Performing Arts"
2206th query was erroneous: got "Hunter's Bar", but expected "The Black Dog"
2209th query was erroneous: got "Ship Inn", but expected "The Match Room Sports & Social Club"
2213th query was erroneous: got "Sovereign Snooker", but expected "Elephant & Castle"
2231th query was erroneous: got "Red Lion Public House", but expected "St Stephens Tavern"
2238th query was erroneous: got "Chennell's Bar", but expected "Belvedere"
2240th query was erroneous: got "Old Green Tree Public House", but expected "Coeur De Lion Public House"
2242th query was erroneous: got "The Ship Inn", but expected "Half Moon"
2256th query was erroneous: got "The Strand", but expected "The Last Post"
2261th query was erroneous: got "Newman Arms Public House", but expected "Bricklayers Arms"
2269th query was erroneous: got "The Bunkhouse", but expected "The Hanbury"
2272th query was erroneous: got "Blacksmiths Arms Ph", but expected "The Golden Lion Ph"
2276th query was erroneous: got "The Swan", but expected "The Queens Larder"
2283th query was erroneous: got "The George Tavern", but expected "Jacksons Pit"
2296th query was erroneous: got "Maerdy Ex Servicemens Club", but expected "The Club House Maerdy Con"
2299th query was erroneous: got "The Black Horse", but expected "The Red Lion Inn"
2315th query was erroneous: got "The Saracen's Head", but expected "Royal Oak Public House"
2331th query was erroneous: got "Belushi's And St Christopher's", but expected "The Hammersmith Ram"
2337th query was erroneous: got "The Classic (Caribbean Fusion)", but expected "United Services Club Ltd"
2365th query was erroneous: got "Hurricane Room", but expected "Kings Head"
2373th query was erroneous: got "Eel & Bear", but expected "The Prince Albert"
2382th query was erroneous: got "Royal British Legion", but expected "Caledonian Golf Club"
2395th query was erroneous: got "The Railway Tavern", but expected "The Sussex Arms"
2405th query was erroneous: got "The Harte Of Costessey", but expected "West End Cue Club"
2406th query was erroneous: got "Angel Inn", but expected "Mansfield Woodhouse Ex-Service"
2422th query was erroneous: got "West Melton WMC & Institute", but expected "Queens Hotel"
2423th query was erroneous: got "Nottingham Royal Navy Association Club Ltd", but expected "Lenton Liberal Club"
2424th query was erroneous: got "Royal Bar", but expected "Ashton Bar"
2431th query was erroneous: got "The Shooting Star", but expected "Clowns & Jesters Nightclub"
2437th query was erroneous: got "Easterford Lodge Masonic Hall", but expected "The Angel PH"
2438th query was erroneous: got "The Kenton", but expected "Mother Kellys Bottle Shop"
2442th query was erroneous: got "Fiddlers Green", but expected "Overdraught"
2444th query was erroneous: got "Malsters Arms", but expected "Globetrotters"
2445th query was erroneous: got "Waggon And Horses", but expected "The Halfway House"
2453th query was erroneous: got "The Eldon Arms", but expected "The Commercial Hotel"
2457th query was erroneous: got "Surtees Hotel", but expected "Crook Masonic Hall"
2466th query was erroneous: got "The Southbank Bar", but expected "Trent Bridge Inn"
2467th query was erroneous: got "The Kings Head", but expected "Royal British Legion"
2468th query was erroneous: got "Diggle Band Club", but expected "The Gate Inn"
2482th query was erroneous: got "The Rose and Crown Inn", but expected "Kings Arms Hotel"
2500th query was erroneous: got "The Brampton Halt", but expected "The Spencer Arms"
2501th query was erroneous: got "Station Hotel", but expected "The Green Tree"
2503th query was erroneous: got "Meltdown", but expected "Hemingford Arms Public House"
2513th query was erroneous: got "The Font Bar", but expected "The Cambridge"
2522th query was erroneous: got "The Berkeley Arms", but expected "The Crown"
2524th query was erroneous: got "Hopwood Arms", but expected "Thornham Cricket Club"
2531th query was erroneous: got "Branwell House Social & Sport Club", but expected "Great Northern Hotel (Bar Only)"
2535th query was erroneous: got "Al's Juke Bar", but expected "Nightrain"
2542th query was erroneous: got "FOX AND HOUNDS", but expected "STAG HOTEL"
2552th query was erroneous: got "The Crown Hotel", but expected "The Flat Tops"
2564th query was erroneous: got "The Flying Duck", but expected "The Station Bar"
2565th query was erroneous: got "Lion Inn", but expected "Horse and Groom"
2567th query was erroneous: got "Revolution", but expected "FYEO"
2580th query was erroneous: got "Cox's Yard", but expected "Red Lion"
2593th query was erroneous: got "Barrow Wanderers FC", but expected "Farmers Arms"
2595th query was erroneous: got "The Dog at Wingham", but expected "The Anchor Inn"
2598th query was erroneous: got "Jenkins", but expected "Sherwood Manor"
2599th query was erroneous: got "Marquis of Granby", but expected "The Fat Walrus"
2600th query was erroneous: got "Coach And Horses", but expected "The Horseshoe"
2604th query was erroneous: got "The Miners Arms", but expected "Funtley Social Club"
2607th query was erroneous: got "Morris Street Club", but expected "The Even Swindon Working Mens Club & Institute Ltd"
2608th query was erroneous: got "Station Hotel", but expected "Masonic Lodge"
2613th query was erroneous: got "Malden Bowling Club", but expected "The Glasshouse"
2617th query was erroneous: got "Caledonian Bar", but expected "Invergordon Social & Rec Club"
2619th query was erroneous: got "Harlow Cricket Club", but expected "The Chequers Pub (Bar)"
2621th query was erroneous: got "The Dog House", but expected "The George Hotel"
2629th query was erroneous: got "Distillers", but expected "Old Suffolk Punch"
2631th query was erroneous: got "Myddleton Arms Public House", but expected "The Smokehouse"
2632th query was erroneous: got "The Swan PH", but expected "The Counting House"
2650th query was erroneous: got "The Garrick", but expected "John Walker Tavern"
2657th query was erroneous: got "Tap & T'Ales", but expected "The Grapes Inn"
2665th query was erroneous: got "Railway Hotel", but expected "Prince Of Wales"
2668th query was erroneous: got "Birdies", but expected "Bush Inn"
2679th query was erroneous: got "Corner Pocket", but expected "High Society"
2684th query was erroneous: got "Severn Bridge Sports & Social Club", but expected "The Red Lantern"
2688th query was erroneous: got "Moon & Sixpence", but expected "Royal Oak"
2690th query was erroneous: got "Mill Inn", but expected "Forth Social & Leisure Club Ltd"
2697th query was erroneous: got "Bottle & Cork", but expected "Ye Olde Foundry"
2708th query was erroneous: got "The Anchor 1774", but expected "Champagne Charlie's"
2711th query was erroneous: got "Thomson's Bar", but expected "Shevlane's Bar"
2712th query was erroneous: got "The Marylebone", but expected "The Cavendish"
2714th query was erroneous: got "Crown Inn", but expected "Pooley's"
2716th query was erroneous: got "Carlton Court Bar", but expected "The Stage Door"
2727th query was erroneous: got "Miners Arms", but expected "The Cricketers Inn"
2737th query was erroneous: got "Cross Keys", but expected "Wymondham Town Football Club"
2749th query was erroneous: got "London Midland Railway Club", but expected "Junction Hotel"
2756th query was erroneous: got "The Pendle Witch Hotel", but expected "White Hart Inn"
2772th query was erroneous: got "Station Bar", but expected "Arbroath Bowling Club"
2773th query was erroneous: got "Innishmohr and Function Room", but expected "The Mint Restaurant & Bar"
2774th query was erroneous: got "The Langley Park Hotel", but expected "The Rams Head"
2781th query was erroneous: got "Harrington Arms", but expected "The White Lion - Wet Sales"
2792th query was erroneous: got "Victory Club", but expected "Wheatsheaf"
2795th query was erroneous: got "The Lynd Cross", but expected "The Crown"
2800th query was erroneous: got "Stapenhill Football Club", but expected "The Crown"
2801th query was erroneous: got "Waiting Room", but expected "H2O Swindon"
2812th query was erroneous: got "Comedy Lounge", but expected "Service Station"
2819th query was erroneous: got "Prince Of Wales", but expected "The White Bear"
2821th query was erroneous: got "Toby Carvery", but expected "Nags Head"
2824th query was erroneous: got "Thames Motor Yacht Club", but expected "Molesey Boat Club"
2826th query was erroneous: got "How Do You Do", but expected "The Staith House"
2827th query was erroneous: got "Phoenix", but expected "George canning"
2831th query was erroneous: got "Plush", but expected "Bakers Arms"
2836th query was erroneous: got "O'Rileys", but expected "Hull Deaf Centre"
2837th query was erroneous: got "The White Hart", but expected "The Three Cups"
2844th query was erroneous: got "The Ravensgate Arms", but expected "Camden Arms"
2845th query was erroneous: got "Claret Wine Bar", but expected "The Prince Of Wales"
2854th query was erroneous: got "The Black Swan in Hand", but expected "Popworld"
2855th query was erroneous: got "CLAUDE DU VALL", but expected "THEATRE CAFE BAR"
2856th query was erroneous: got "Thatch & Thistle", but expected "Westfield Bowling Club"
2857th query was erroneous: got "Harvest Moon", but expected "Royal British Legion Club"
2861th query was erroneous: got "The Middle Bell", but expected "RED LION"
2862th query was erroneous: got "South Shields Snooker Centre", but expected "South Shields Catholic Mens Club Ltd"
2866th query was erroneous: got "Gala Y M Social Club", but expected "Reivers Sports Bar Limited"
2879th query was erroneous: got "Kings Arms", but expected "The Orange Tree Hotel"
2886th query was erroneous: got "Heriot's Cricket Club", but expected "The Inverleith"
2888th query was erroneous: got "Crawcrook Social Club", but expected "Fox And Hounds"
2891th query was erroneous: got "Spotted Dog", but expected "The Inglemire"
2904th query was erroneous: got "Lifeboat Tavern", but expected "Hope & Anchor Inn"
2907th query was erroneous: got "The Cherry Orchard", but expected "Peacock Hotel"
2911th query was erroneous: got "The Dukes Head", but expected "The Cock Inn"
2912th query was erroneous: got "Lighthouse Inn", but expected "Talacre Beach Club"
2924th query was erroneous: got "Coach And Horses", but expected "The Bell Inn"
2926th query was erroneous: got "Blackhall Rafa Club", but expected "Hardwick Hotel"
2929th query was erroneous: got "Peaky Blinders", but expected "Le Grog"
2938th query was erroneous: got "Royal Naval Association", but expected "Waterlooville Sports Bar"
2949th query was erroneous: got "The Tower Bar", but expected "Downtown/Sinatras"
2956th query was erroneous: got "Blue Anchor", but expected "The Rutland"
2957th query was erroneous: got "The Highlanders", but expected "Minster Working Mens Club"
2958th query was erroneous: got "St Clements W M C", but expected "The Winning Post"
2971th query was erroneous: got "Thirsty", but expected "Fort St George"
2974th query was erroneous: got "The Bear", but expected "The Stable Bar"
2982th query was erroneous: got "Head Of Steam", but expected "Cumberland Arms"
2987th query was erroneous: got "Hogarths", but expected "BrewDog"
2988th query was erroneous: got "Barley Mow Hotel", but expected "The Coffee House"
2989th query was erroneous: got "Foresters Inn Ltd", but expected "Six Barrel Drafthouse Victoria"
2994th query was erroneous: got "Hull Ionians R.U.F.C.", but expected "The Half Moon"
3000th query was erroneous: got "The Fine Line", but expected "Enoteca Da Luca"
3005th query was erroneous: got "Bar At Oxley Park Golf Club Limited", but expected "Polish Catholic Club"
3012th query was erroneous: got "Bournbrook & Selly Oak Social Club", but expected "Bristol Pear"
3016th query was erroneous: got "The mad hatter hotel", but expected "Prince william henry"
3020th query was erroneous: got "The PavilionCommunity Sports & Social Club", but expected "The Wheatsheaf"
3023th query was erroneous: got "Apples and Pears", but expected "Bar Locks PH"
3027th query was erroneous: got "Bar 13", but expected "The Red Lion Public House"
3029th query was erroneous: got "The Laughing Fox", but expected "Station Bar"
3030th query was erroneous: got "Travellers Rest", but expected "Cockerton Band & Musical Inst."
3035th query was erroneous: got "Walton Fox (vintage Inns)", but expected "The Poachers"
3040th query was erroneous: got "Erith Veterans Club & Rotary Club Lunch Club", but expected "Cafe Vita At Erith Leisure Centre"
3043th query was erroneous: got "The Libertine", but expected "The Porterhouse"
3048th query was erroneous: got "The Boathouse", but expected "Northfield Country Club"
3055th query was erroneous: got "Basing House", but expected "Lion  and the Lamb"
3062th query was erroneous: got "Grantham Arms", but expected "The Anchor Inn"
3065th query was erroneous: got "The White Hart", but expected "Halstead Conservative Club"
3069th query was erroneous: got "Abbey Church Centre", but expected "Welsh Harp"
3070th query was erroneous: got "The Red Lion", but expected "Otley Conservative Club"
3072th query was erroneous: got "Strafford Arms", but expected "P Bar Crusaders Sports Club"
3080th query was erroneous: got "The White Hart", but expected "Club Chemistry"
3091th query was erroneous: got "The Shed", but expected "Back to the Buck"
3105th query was erroneous: got "Soho Bar", but expected "The Victory Club"
3106th query was erroneous: got "Danderhall Miners Social Club", but expected "Edmonstone Inn"
3113th query was erroneous: got "Kirkham & Wesham Cricket Club", but expected "Kirkham Conservative Club"
3114th query was erroneous: got "Viaduct Tavern Public House", but expected "All Bar One"
3116th query was erroneous: got "Red Lion", but expected "Coronation Club"
3121th query was erroneous: got "Lounge Bohemia", but expected "Shoreditch House"
3122th query was erroneous: got "The Gun And Spitroast", but expected "Horsmonden Social Club"
3130th query was erroneous: got "The Legion", but expected "Cwm Conservative Club"
3150th query was erroneous: got "George Fourth", but expected "The Gate Public House"
3155th query was erroneous: got "Berlin", but expected "Springvale Tavern"
3180th query was erroneous: got "The Guinea", but expected "Prince Of Wales"
3182th query was erroneous: got "Charleston Bar", but expected "Kettledrum"
3198th query was erroneous: got "Rose & Castle", but expected "Ansty Social Club"
3205th query was erroneous: got "The Vault", but expected "The Storytellers"
3207th query was erroneous: got "Lincoln Theatre Royal", but expected "The Jolly Brewer"
3213th query was erroneous: got "The Corner", but expected "Ingatestone & Fryerning Community Association"
3219th query was erroneous: got "Greyhound Inn", but expected "Swaffham Conservative Club"
3220th query was erroneous: got "Stonefield Tavern", but expected "Blantyre Miners Welfare Society & Social Club"
3230th query was erroneous: got "The Sportsman", but expected "The Alex"
3232th query was erroneous: got "Conservative Club", but expected "The New Entertainer"
3234th query was erroneous: got "The Crown Inn", but expected "Cookhouse & Pub The Highwayman"
3248th query was erroneous: got "Robertson Park Bowling Club", but expected "The Flying Scotsman"
3251th query was erroneous: got "Tap and Brew", but expected "The Star Hotel"
3256th query was erroneous: got "Fizz N Chips", but expected "The Bear Town Cock"
3264th query was erroneous: got "Cyfarthfa Arms", but expected "Rose & Crown"
3266th query was erroneous: got "The Plume of Feathers PH", but expected "The Old George"
3273th query was erroneous: got "Curious Tavern", but expected "310 Karaoke Lounge & Cafe"
3277th query was erroneous: got "O'Neills", but expected "The Old Gaol House"
3279th query was erroneous: got "Beerheadz", but expected "The Cutting Room"
3281th query was erroneous: got "Eight Bells PH", but expected "Lava Lounge Bar"
3292th query was erroneous: got "Royal British Legion Club Ltd", but expected "The Old Bell Gate"
3305th query was erroneous: got "Treehouse Restaurant", but expected "Marquis Of Granby"
3308th query was erroneous: got "Ticehurst Village Club", but expected "The Chequers"
3325th query was erroneous: got "Soyo", but expected "Onyx"
3327th query was erroneous: got "Fair O'Blair", but expected "Number Thirty One"
3337th query was erroneous: got "BBB", but expected "The Palace Hotel"
3344th query was erroneous: got "The Old Ship", but expected "The Jolly Sailor"
3349th query was erroneous: got "Karns Wine Bar", but expected "The New Plough"
3360th query was erroneous: got "Devonshire Arms", but expected "St Josephs Social Club"
3365th query was erroneous: got "Crown Inn", but expected "The Two Lifeboats"
3375th query was erroneous: got "Paggies Bar", but expected "The Kings Head"
3377th query was erroneous: got "Red Lion", but expected "Shilton Vaults"
3381th query was erroneous: got "COOP MICROBAR", but expected "THE BARLEYCORN"
3393th query was erroneous: got "The Pod", but expected "The Ivy Bush Inn"
3405th query was erroneous: got "Du Vin Bouchers Limited", but expected "The Four Mary's"
3411th query was erroneous: got "The Bear", but expected "The Atrium"
3413th query was erroneous: got "The New Inn", but expected "Liversedge Cricket Club"
3415th query was erroneous: got "Hindley Labour Club", but expected "Ellesmere Inn"
3419th query was erroneous: got "Jessie Mays", but expected "Etore's @ The Shandon"
3422th query was erroneous: got "Hand In Hand", but expected "The Sultan"
3432th query was erroneous: got "Sol Y Sombra Tapas Bar", but expected "The Gunners Bar"
3436th query was erroneous: got "Catherine Wheel, The", but expected "Elephant At The Market,The"
3440th query was erroneous: got "Harwood Arms", but expected "Broadway Bar And Grill"
3448th query was erroneous: got "The Beehive Inn", but expected "Staff of Life"
3452th query was erroneous: got "White Swan", but expected "The White Swan"
3461th query was erroneous: got "Wilford Farm Inn", but expected "The Tailors Arms"
3462th query was erroneous: got "Shoulder of Mutton", but expected "Blackheath Coronation Social Club"
3468th query was erroneous: got "Albion Inn (Bar Only)", but expected "Hogs Head (Bar Only)"
3472th query was erroneous: got "Blue Bell", but expected "Polly Bowls Club CIC"
3479th query was erroneous: got "The White Hart", but expected "The White Horse"
3481th query was erroneous: got "Colonial Bar", but expected "The Star Inn"
3485th query was erroneous: got "Gate Clock PH (JD Wetherspoon PLC)", but expected "Olivers"
3505th query was erroneous: got "J D Wetherspoon The Star", but expected "Friends Hall"
3510th query was erroneous: got "Royal Oak", but expected "Ambleside Tavern"
3511th query was erroneous: got "Treorchy & District Businessmens Club", but expected "Treorchy RFC"
3518th query was erroneous: got "BROCKENHURST FOOTBALL CLUB", but expected "THE HUNTSMAN OF BROCKENHURST"
3539th query was erroneous: got "Top Spot Snooker Club", but expected "Turnbridge Working Mens Club"
3543th query was erroneous: got "Masbrough Sports & Social Club", but expected "New Inn"
3544th query was erroneous: got "Kings Arms", but expected "Hospital Arms"
3551th query was erroneous: got "Clock Inn", but expected "Ritz Bar"
3558th query was erroneous: got "Bricklayers Arms", but expected "Crown Of Bromley"
3563th query was erroneous: got "Gomshall Village Sports and Social Club", but expected "The Compasses Inn"
3570th query was erroneous: got "The Small Bar", but expected "The Village Inn"
3575th query was erroneous: got "Horley & District Constitutional Club", but expected "Albert Road Sports And Social Club"
3588th query was erroneous: got "Overstrand Conservative Club", but expected "Overstrand Court Hotel"
3590th query was erroneous: got "Grand Central", but expected "Duke Of Wellington"
3593th query was erroneous: got "Headington Bowls Club", but expected "The White Horse"
3604th query was erroneous: got "Pi Chorlton", but expected "The Font"
3606th query was erroneous: got "Scarborough Yacht Club", but expected "Newcastle Packet"
3607th query was erroneous: got "Black Tap", but expected "Easemore Social Club"
3608th query was erroneous: got "Sevilla Mia", but expected "Hudson's House"
3613th query was erroneous: got "3 Royal Anglian Regt", but expected "Crown Meadow"
3616th query was erroneous: got "Lincoln Labour Club & Institute Limited", but expected "Lincoln Jazz Cafe"
3621th query was erroneous: got "The Strath Tavern", but expected "Strathmiglo Bowling Club"
3622th query was erroneous: got "Linen 1906", but expected "The Butterfly And The Pig South"
3640th query was erroneous: got "The Bull Inn", but expected "The Harrison"
3645th query was erroneous: got "Burgh Arms", but expected "Central Bar"
3651th query was erroneous: got "The Crowndale", but expected "Escape Bar & Restaurant"
3653th query was erroneous: got "The Bristol Inn", but expected "Curzon Cinema"
3666th query was erroneous: got "Church Inn", but expected "Crown & Cushion"
3671th query was erroneous: got "George Hotel", but expected "Taproom"
3677th query was erroneous: got "The Red Lion", but expected "Bangers"
3690th query was erroneous: got "The Time Piece", but expected "Station Hotel"
3691th query was erroneous: got "Dog and Partridge", but expected "The Royal Oak"
3705th query was erroneous: got "The Millers Daughter", but expected "The Pack Horse"
3709th query was erroneous: got "Peckham liberal club", but expected "The clf art lounge"
3713th query was erroneous: got "Eleusis Club", but expected "The Rose"
3727th query was erroneous: got "The White Hart", but expected "The Ship"
3732th query was erroneous: got "GARDENER'S ARMS", but expected "GILMERTON BOWLING CLUB"
3733th query was erroneous: got "Prince of Wales", but expected "Star Social Club"
3738th query was erroneous: got "Parkside Bowling Club", but expected "The Salisbury Arms"
3745th query was erroneous: got "Be at One", but expected "Steam Passage"
3758th query was erroneous: got "Kirkby Stephen Sports & Social Club", but expected "The Black Bull Hotel"
3760th query was erroneous: got "Hoggs N Heifers", but expected "Black Bull Hotel"
3761th query was erroneous: got "Weston Arms", but expected "Age UK Medway"
3762th query was erroneous: got "Blundell Park Hotel", but expected "New Imperial Club"
3766th query was erroneous: got "Masque Haunt Public House", but expected "The Whitecross Tap"
3768th query was erroneous: got "Osnaburg", but expected "Canmore Bowling Club"
3769th query was erroneous: got "The Water Rat", but expected "Navigation Inn"
3772th query was erroneous: got "May Garland Inn", but expected "Horam Park Golf Course"
3774th query was erroneous: got "Hatfield Social Club", but expected "Eight Bells"
3775th query was erroneous: got "The Pegasus", but expected "Pontnewynydd Sports and Social Club"
3781th query was erroneous: got "612 CLUB", but expected "WOODSIDE SPORTS COMPLEX"
3782th query was erroneous: got "Adam \\& Eve", but expected "The Shamrock"
3788th query was erroneous: got "Bullet Sports & Social Club", but expected "Grimethorpe W M C"
3794th query was erroneous: got "Uddingston Bowling & Tennis Club", but expected "Castle Rooms"
3796th query was erroneous: got "Picture House", but expected "Casa"
3797th query was erroneous: got "Dailly Bowling Club", but expected "Central Bar"
3832th query was erroneous: got "Clockwork Kitchen", but expected "The Britannia"
3834th query was erroneous: got "Cold Harbour", but expected "Heart In Hand"
3838th query was erroneous: got "The Deal Cutter", but expected "Royal Naval Association"
3839th query was erroneous: got "Golden Fleece", but expected "The Hive"
3841th query was erroneous: got "The Ship Inn", but expected "The Green Tree"
3846th query was erroneous: got "The Lord High Admiral", but expected "The Office"
3866th query was erroneous: got "Howard Arms", but expected "Jacksons"
3867th query was erroneous: got "NORTHERN BOWLING CLUB", but expected "SMITHIES ALE HOUSE"
3868th query was erroneous: got "Orpington Conservative Club - Bar", but expected "Orpington Liberal Club"
3869th query was erroneous: got "The Beehive", but expected "The Retreat"
3871th query was erroneous: got "Taste of Cyprus in The Sun", but expected "The Sultan"
3875th query was erroneous: got "Oakwood Inn", but expected "The Brit"
3879th query was erroneous: got "Stow On The Wold Social Club", but expected "The Kings Arms"
3880th query was erroneous: got "Hutton Cricket Club", but expected "St Stephens Church"
3882th query was erroneous: got "IONA BAR", but expected "FOUR IN HAND"
3900th query was erroneous: got "The Board Inn", but expected "Black Lion"
3903th query was erroneous: got "Club Bliss", but expected "Bar Bliss"
3918th query was erroneous: got "Carpenters Arms", but expected "City Of Quebec Public Bar"
3921th query was erroneous: got "Abacus & Attica & B-Lo", but expected "Brooklyn Bar"
3927th query was erroneous: got "Royal British Legion", but expected "Beach Comber Club (Thornley Leisure Ltd)"
3930th query was erroneous: got "Pembroke Gardens Bowling Club", but expected "The Pembroke"
3935th query was erroneous: got "Imperial College Boat Club", but expected "The Winchester House Club"
3936th query was erroneous: got "Masonic/Volunteer Arms", but expected "Black Bull Inn"
3938th query was erroneous: got "Cinderford Miners Welfare Association", but expected "The Golden Lion"
3945th query was erroneous: got "The Wheatsheaf", but expected "Royal Solent Yacht Club"
3949th query was erroneous: got "Sweyn Forkbeard", but expected "The Eight Jolly Brewers"
3964th query was erroneous: got "Wadhurst United Football Club", but expected "The Greyhound Hotel"
3967th query was erroneous: got "Carlton Club", but expected "Durham Ox"
3968th query was erroneous: got "The Caledonia", but expected "Blackburne Arms"
3969th query was erroneous: got "Kirkley & Pakefield Community Sports & Social Club", but expected "The Carlton"
3970th query was erroneous: got "Imbibe", but expected "Lowerys Yard"
3971th query was erroneous: got "Cliftonville Inn", but expected "Pocket Rocket"
3985th query was erroneous: got "Sandie's Bar", but expected "Coatbridge Indoor Bowling Club"
3989th query was erroneous: got "O'Briens", but expected "Prince Arthur"
3993th query was erroneous: got "Outlook", but expected "South Street Arts Centre Bar"
3999th query was erroneous: got "Wallsend Social Club Ltd", but expected "Coronation Club"
4009th query was erroneous: got "Retro Bar", but expected "NB's"
4018th query was erroneous: got "The Shoulder of Mutton", but expected "The Black Bull"
4024th query was erroneous: got "The Ship Inn", but expected "Ye Olde George Inn"
4027th query was erroneous: got "Aristocrat", but expected "The Bricklayers Arms"
4029th query was erroneous: got "Coach & Horses", but expected "Marble Tap Room"
4032th query was erroneous: got "Victoria Inn", but expected "Hazelwood House Club"
4034th query was erroneous: got "Moorland Hall", but expected "Rest And Be Thankful"
4041th query was erroneous: got "Valerie's Wine Bar Ltd", but expected "George Hotel"
4043th query was erroneous: got "The Chequers", but expected "The Common Room"
4049th query was erroneous: got "Pollards Inn", but expected "Bishop Auckland Hospital Social Club"
4056th query was erroneous: got "52 Canoes", but expected "Dragon Fly"
4074th query was erroneous: got "The Grocers (Micro Pub)", but expected "Cadishead Conservative Club"
4079th query was erroneous: got "The City Club", but expected "The Gatherers"
4104th query was erroneous: got "Fitness Pod At Middlesex University", but expected "The Claddagh Ring"
4106th query was erroneous: got "Beaconsfield Social Club", but expected "Avonvale Bowls Club"
4120th query was erroneous: got "Club Revenge", but expected "Infinity Bar"
4143th query was erroneous: got "The Old Dispensary", but expected "British Legion"
4144th query was erroneous: got "Royal British Legion Club", but expected "Stourport Masonic Club"
4145th query was erroneous: got "Carousel Bar", but expected "New Alhambra Bar"
4150th query was erroneous: got "For Your Eyes Only", but expected "23 Paul Street"
4158th query was erroneous: got "The Market Tavern", but expected "The Bridge"
4159th query was erroneous: got "Roman Quay", but expected "White Horse"
4167th query was erroneous: got "Jack's Tipple", but expected "Shoulder Of Mutton Inn"
4193th query was erroneous: got "City of York", but expected "Penderel's Oak"
4196th query was erroneous: got "St Leonard Pub", but expected "The Piper"
4204th query was erroneous: got "Lodge St Bryde No 579", but expected "Angels Hotel"
4207th query was erroneous: got "Swan", but expected "The Byron"
4213th query was erroneous: got "The Bear on the Square", but expected "Millom Conservative Club"
4223th query was erroneous: got "Mark Moor Bowling Club", but expected "White Horse Inn"
4234th query was erroneous: got "Che Bar", but expected "The Red Lion"
4240th query was erroneous: got "Sulgrave Club", but expected "The Duchess Of Cambridge"
4241th query was erroneous: got "Central Bar", but expected "Peebles Rugby Football Club"
4243th query was erroneous: got "Be At One", but expected "Belushi's And St Christopher's"
4248th query was erroneous: got "Redcar Conservative Club", but expected "Bar Eleven"
4250th query was erroneous: got "Spearmint Rhino", but expected "Bamboo Door"
4251th query was erroneous: got "Lamb Inn", but expected "Crown Inn"
4252th query was erroneous: got "Black Bull Inn", but expected "The Golden Lion"
4253th query was erroneous: got "Mr Foleys Cask Ale House", but expected "The George"
4256th query was erroneous: got "Just Ales Part 2", but expected "23 Bath Street"
4268th query was erroneous: got "Ealing Conservative Bowling Club", but expected "Eden Fitness"
4275th query was erroneous: got "Bell Inn", but expected "Rainbow Inn"
4277th query was erroneous: got "The Deck", but expected "Hop & Grape"
4278th query was erroneous: got "Park Bar", but expected "Parkview Bowling Club"
4294th query was erroneous: got "Lots Road Pub & Dining room", but expected "Chelsea Ram PH"
4298th query was erroneous: got "Jolly Farmer", but expected "Manston Sports & Social Club"
4308th query was erroneous: got "The Fat Walrus", but expected "Marquis of Granby"
4319th query was erroneous: got "The Taggy Man", but expected "The Pennine Boutique Hotel"
4327th query was erroneous: got "Overstrand Conservative Club", but expected "White Horse PH"
4330th query was erroneous: got "The Pavilion Bingo Club", but expected "The Gluepot P.H."
4332th query was erroneous: got "Grand Pavilion Events CIC Ltd", but expected "The Temple Bar"
4339th query was erroneous: got "Freddies Bar", but expected "Ramsden Arms"
4345th query was erroneous: got "Aldersgate Welcome Inn", but expected "Young's Club"
4352th query was erroneous: got "Bucks Bar", but expected "The 13th Note"
4365th query was erroneous: got "Wheatsheaf Inn", but expected "Symington Bowling Club"
4371th query was erroneous: got "The Angel", but expected "Solent Students Union - Catering"
4383th query was erroneous: got "Bankside house", but expected "White hart"
4385th query was erroneous: got "The Red Lion Hotel", but expected "Golden Ball Public House"
4400th query was erroneous: got "Warlingham Rugby Football Club Bar", but expected "John Fisher Sports Club"
4406th query was erroneous: got "Chipping Sodbury Rugby Club", but expected "The Beaufort Hunt"
4424th query was erroneous: got "United Services Club", but expected "Machen Rugby Club"
4425th query was erroneous: got "Dumfries Bowling Club", but expected "Waverley Bar"
4428th query was erroneous: got "Duke of Cornwall Inn", but expected "Erme Lodge Social Club"
4440th query was erroneous: got "The Bulls Head", but expected "The Spotted Dog"
4441th query was erroneous: got "Hunters Arms", but expected "Kilburn Social Club"
4449th query was erroneous: got "White Lion", but expected "Heywood Civic Centre"
4454th query was erroneous: got "Mr Pickwick", but expected "Milton Arms Public House"
4461th query was erroneous: got "Nailbox", but expected "Bar Invicta"
4467th query was erroneous: got "The Southern", but expected "The Dagda Bar"
4469th query was erroneous: got "The Trafford", but expected "The Bishop Blaize"
4471th query was erroneous: got "Bar Fever", but expected "The Palace"
4475th query was erroneous: got "The Mart Bar", but expected "The Zoar Inn"
4479th query was erroneous: got "Kiss the Sky", but expected "Small Beer"
4484th query was erroneous: got "The Oyster Bed", but expected "Whitstable Rugby Football Club"
4485th query was erroneous: got "THE METROPOLITAN", but expected "LLANESCO SOCIAL CLUB"
4498th query was erroneous: got "Freckleton Sports and Social Club", but expected "Coach and Horses"
4499th query was erroneous: got "South Woodham Ferrers Rugby, Sports And Social Pavillion", but expected "Town Crier"
4500th query was erroneous: got "Havant Sports Club", but expected "The Robin Hood"
4501th query was erroneous: got "Admiral Sir John Borlase Warren", but expected "The Millipede Ale House"
4508th query was erroneous: got "Abergavenny Conservative Club", but expected "The Bailey"
4510th query was erroneous: got "Distillers", but expected "Eventim Apollo"
4511th query was erroneous: got "Platform One", but expected "Bedlington Station Working Mens Club"
4515th query was erroneous: got "Darfield Conservative Club", but expected "The Darfield"
4516th query was erroneous: got "Clarence Workingmens Club", but expected "Hereford Arms"
4523th query was erroneous: got "Black Lion", but expected "The Plough Inn"
4529th query was erroneous: got "Peacock Inn", but expected "The Tavern"
4533th query was erroneous: got "New Stevenston Loyal Social Club", but expected "Bridges Bar"
4535th query was erroneous: got "THE RED LION", but expected "LIGHTWATER CIU CLUB"
4539th query was erroneous: got "Wagon & Horses", but expected "The Crane"
4543th query was erroneous: got "The Rock House", but expected "Patricroft Conservative Club"
4549th query was erroneous: got "Commercial Inn", but expected "Stranraer Kilwinning Masonic Lodge"
4555th query was erroneous: got "Old Five Bells", but expected "Queen Adelaide"
4569th query was erroneous: got "White Horse Hotel", but expected "Skinners Arms"
4574th query was erroneous: got "Brooklyn Bar And Billiards", but expected "The Junction"
4576th query was erroneous: got "Sidmouth Rugby Club", but expected "Sidmouth Bowling Club"
4579th query was erroneous: got "Pink", but expected "Gossip"
4594th query was erroneous: got "The Sharksfin", but expected "Wheelhouse"
4595th query was erroneous: got "The Blue Cow", but expected "The Angel Inn"
4598th query was erroneous: got "The Claregate", but expected "Hail To The Ale Micropub"
4608th query was erroneous: got "Bury St Edmunds Constitutional Club", but expected "Black Boy"
4611th query was erroneous: got "Caley Sample Room", but expected "Athletic Arms"
4618th query was erroneous: got "Tannahills", but expected "Balnagowan Arms"
4627th query was erroneous: got "The Malt", but expected "White Hart"
4628th query was erroneous: got "Bricklayers Arms", but expected "Genuine Liquorette"
4630th query was erroneous: got "Appledore Inn", but expected "Laceys Ale And Cider House"
4633th query was erroneous: got "Bamford Fieldhouse Cricket Club", but expected "Bamford Bowling Club"
4642th query was erroneous: got "P J Molloys", but expected "Alhambra Theatre"
4649th query was erroneous: got "O'Neills Ealing", but expected "The Riding Wine Company"
4652th query was erroneous: got "Princess of Wales", but expected "The Queens"
4655th query was erroneous: got "The White Horse", but expected "Whitwick Constitutional Club"
4657th query was erroneous: got "Southern Belle PH", but expected "The Scruffy Duck PH"
4662th query was erroneous: got "The Hare Public House", but expected "The Case Is Altered Public House"
4663th query was erroneous: got "The Boudingait", but expected "Westport Tavern"
4675th query was erroneous: got "Red Lion", but expected "Old Nicks Tavern"
4679th query was erroneous: got "Secret Cask", but expected "The Old Eden"
4681th query was erroneous: got "Ringstead Village Social Club", but expected "The Axe And Compass"
4685th query was erroneous: got "Hunstanton Conservative Club", but expected "Hunstanton EBA Bowls Club"
4687th query was erroneous: got "Ego@Tumble Down Farm", but expected "Chase Park"
4695th query was erroneous: got "The Edward Rayne", but expected "Prince Georges Club"
4696th query was erroneous: got "Heywood Civic Centre", but expected "Newmarket Hotel"
4698th query was erroneous: got "The Bridge House", but expected "Barley Mow"
4700th query was erroneous: got "Callums", but expected "Colliers"
4705th query was erroneous: got "Victoria Bar", but expected "The Elms Bar"
4706th query was erroneous: got "Siddal Ex-Servicemens Club", but expected "Siddal Place Hotel"
4726th query was erroneous: got "Sailors And Soldiers Club", but expected "The Chequered Flag"
4760th query was erroneous: got "The Victoria", but expected "The Bear Inn"
4766th query was erroneous: got "LODGE 1029 COLINTON AND CURRIE", but expected "THE WOODHALL ARMS"
4775th query was erroneous: got "Formby Golf Club", but expected "Formby Artisans Golf Club"
4791th query was erroneous: got "Burns Tavern", but expected "Clansman"
4798th query was erroneous: got "The Corner Pin", but expected "Corporation Brewery Taps"
4814th query was erroneous: got "Kirkburton Carlton WMC", but expected "George Inn"
4821th query was erroneous: got "Quart in a Pint Pot", but expected "The Princess of Wales"
4823th query was erroneous: got "Che Bar", but expected "Ku Bar"
4827th query was erroneous: got "Winwick Parish Leisure Centre", but expected "The Swan"
4831th query was erroneous: got "Golden Eagle", but expected "The Beehive"
4833th query was erroneous: got "The Harbour Club (bar)", but expected "The Mooring"
4834th query was erroneous: got "The Blue Anchor", but expected "The Pelham Arms"
4835th query was erroneous: got "Pier Hotel", but expected "The Ship PH"
4840th query was erroneous: got "The Glass House", but expected "Wig & Pen Public House"
4842th query was erroneous: got "Victory Sports & Social Club", but expected "Willow Tree Inn"
4845th query was erroneous: got "Balmore Bar", but expected "The Standard Inn"
4848th query was erroneous: got "The Goat Inn", but expected "The Globe"
4851th query was erroneous: got "The Nags Head", but expected "The Plough"
4855th query was erroneous: got "First In Last Out", but expected "Old Hastings Club"
4858th query was erroneous: got "Waterfoot Social Club", but expected "Rawtenstall Cricket Club"
4859th query was erroneous: got "Lindley Masonic Hall", but expected "Marsh Liberal Club"
4884th query was erroneous: got "Grow Hackney", but expected "Howling Hops"
4894th query was erroneous: got "Bovingdon Bowls Club", but expected "The Bell Inn"
4896th query was erroneous: got "Hub By Premier Inn", but expected "Old Star Public House"
4903th query was erroneous: got "Frankies Wine Bar", but expected "Royal British Legion Club Ltd"
4914th query was erroneous: got "The Bell & Crown", but expected "Cosy Club"
4916th query was erroneous: got "Beduin", but expected "The One Tun"
4928th query was erroneous: got "Old Bexley Ex Servicemans Club", but expected "Tanyard Lane Bar & Kitchen"
4937th query was erroneous: got "Flixton Ex Service Mens Club", but expected "Old Urmstonians & Stretfordian"
4943th query was erroneous: got "White Horse Inn", but expected "Lion & Lamb"
4947th query was erroneous: got "Eagle", but expected "Kings Arms"
4951th query was erroneous: got "Barley Mow", but expected "The Parcel Yard"
4966th query was erroneous: got "The Rep Public House", but expected "The Cricketers"
4968th query was erroneous: got "British Lion", but expected "Albion / Cheers Bar"
4971th query was erroneous: got "The Maypole", but expected "Horse & Jockey"
4975th query was erroneous: got "Bar One", but expected "Arcadian Club"
4979th query was erroneous: got "H2O Bar & Lounge", but expected "Havana Blue"
4982th query was erroneous: got "The Trafalgar", but expected "Tennyson Arms"
4984th query was erroneous: got "The Kings Head", but expected "The Vaults"
4986th query was erroneous: got "The Saddle Inn", but expected "Bear And Billet"
4988th query was erroneous: got "Shades", but expected "TearAByte"
4989th query was erroneous: got "The Magic Garden", but expected "The Victoria"
5007th query was erroneous: got "Prince of Wales", but expected "Harrogate Railway Sports & Social Cl"
5008th query was erroneous: got "Lanchester Social Club", but expected "Black Bull Inn"
5022th query was erroneous: got "The Griffin Inn", but expected "Londesborough Arms"
5029th query was erroneous: got "The Wine Bar", but expected "Aughton Lawn Tennis Club"
5037th query was erroneous: got "Flannellys", but expected "Coventry Caribbean Association"
5046th query was erroneous: got "The Mermaid", but expected "Pipemakers Arms"
5061th query was erroneous: got "Bridgend Athletic RFC", but expected "Cabo Roche"
5063th query was erroneous: got "Cross Axes", but expected "1B Tap (Wet Sales Only)"
5066th query was erroneous: got "Empire Bar", but expected "Bayview Club"
5067th query was erroneous: got "Saint James United Reformed Church", but expected "St Johns Centenary Hall"
5071th query was erroneous: got "Prince Of Wales", but expected "Crown Inn"
5079th query was erroneous: got "The Fountain Inn", but expected "Barnoldswick WMC"
5081th query was erroneous: got "Shepherds Port Bar", but expected "Snettisham Beach Sailing Club"
5083th query was erroneous: got "The Wheatsheaf", but expected "Cromwells Inn"
5097th query was erroneous: got "Boothstown Royal British Legion", but expected "The Royal Oak"
5098th query was erroneous: got "William The Fourth", but expected "Paradise By Way of Kensal Green"
5110th query was erroneous: got "Golden Fleece", but expected "The Wheatsheaf"
5116th query was erroneous: got "Petts Wood Snooker Club", but expected "The Sovereign Of The Seas"
5120th query was erroneous: got "The Townhouse", but expected "Park Tavern"
5121th query was erroneous: got "Staffordshire Grill", but expected "The Swan Hotel"
5125th query was erroneous: got "The Engine Room", but expected "Bowling Green Hotel"
5133th query was erroneous: got "The Tap And Spile", but expected "Xanders"
5140th query was erroneous: got "Bar Encore", but expected "Towcester Mill Brewery Ltd"
5146th query was erroneous: got "White Hart Hotel", but expected "Seven Stars"
5154th query was erroneous: got "Dog Inn", but expected "Longridge Conservative Club"
5159th query was erroneous: got "Captain Morgans", but expected "The Old Crown"
5166th query was erroneous: got "Benton Conservative Club Ltd", but expected "Four Lane Ends Social Club"
5177th query was erroneous: got "Short Homers Working Mens Club", but expected "Nelson Old Brass Band Club"
5188th query was erroneous: got "FAWLEY RBL SOCIAL CLUB LTD", but expected "NEW FOREST CHILD CARE CIC"
5189th query was erroneous: got "Barley Mow", but expected "R Bar"
5196th query was erroneous: got "The Kings Head Hotel", but expected "RAOB Club & Institute"
5197th query was erroneous: got "Royal British Legion Club", but expected "White Hart"
5199th query was erroneous: got "Spring Grove Tavern", but expected "White Swan Inn"
5208th query was erroneous: got "Tattersalls Tavern", but expected "Nag's Head Public House"
5211th query was erroneous: got "Charters", but expected "The Beehive"
5212th query was erroneous: got "Wallaces Bar And Restaurant", but expected "Leven Bowling Club"
5214th query was erroneous: got "The Claddagh Ring", but expected "The Greyhound"
5225th query was erroneous: got "The Ferry Tap", but expected "LODGE ST MARGARET SOCIAL CLUB"
5227th query was erroneous: got "Shireoaks Inn", but expected "Worksop Cricket & Sports Club"
5228th query was erroneous: got "The Railway Train", but expected "St Ambrose Catholic Club"
5230th query was erroneous: got "THE OLD GEORGE", but expected "CRICKETERS ARMS"
5231th query was erroneous: got "The Pennsylvanian", but expected "The Feathers Public House"
5233th query was erroneous: got "Criterion Bar", but expected "Lewis Bar"
5234th query was erroneous: got "Seagull Club", but expected "The Jungle Club"
5235th query was erroneous: got "Bora Bora", but expected "Hop O'Clock"
5237th query was erroneous: got "Paul Kirner's Music Palace", but expected "Union Jack Ex Servicemens Club"
5242th query was erroneous: got "Yorkshire Terrier", but expected "Thirsty Flame"
5243th query was erroneous: got "Limpsfield Chart Golf Club", but expected "Billys Bistro"
5247th query was erroneous: got "Leith Depot", but expected "The Brig"
5255th query was erroneous: got "Chasers", but expected "Commercial Inn"
5257th query was erroneous: got "The White Hart Inn", but expected "The Royal Oak"
5264th query was erroneous: got "The Street", but expected "Planet Bar & Kitchen"
5266th query was erroneous: got "Tap Room", but expected "The Regent"
5267th query was erroneous: got "Doncaster Tenpin", but expected "The Cheswold"
5272th query was erroneous: got "Spice Tandoori", but expected "Elgin Bowling Club"
5274th query was erroneous: got "Hare and Hounds", but expected "The Griffin"
5278th query was erroneous: got "Beer in Hand", but expected "Horse & Groom"
5281th query was erroneous: got "The Mission", but expected "Humber Dock Bar & Grill"
5284th query was erroneous: got "Cotswold Playhouse", but expected "Cross Hands Inn"
5292th query was erroneous: got "Anne Of Cleves", but expected "Noels Arms"
5305th query was erroneous: got "Steeton Working Mens Club", but expected "The Goats Head (Bar Only)"
5308th query was erroneous: got "Orbit brewing", but expected "Red lion"
5313th query was erroneous: got "Olivers", but expected "Peel Bar"
5316th query was erroneous: got "O'Shea's", but expected "Hibbert Arms"
5318th query was erroneous: got "Dog & Gun", but expected "Queen Victoria"
5320th query was erroneous: got "The Clock Public House", but expected "The Old Moseley Arms"
5323th query was erroneous: got "Pie Minister", but expected "The Boat Club"
5324th query was erroneous: got "Llanfair Arms", but expected "Pen Y Bryn Hotel"
5329th query was erroneous: got "The Lounge", but expected "The Picture Palace"
5331th query was erroneous: got "The Brown Cow", but expected "Black Bull Inn"
5337th query was erroneous: got "The Black Horse Inn", but expected "The George"
5338th query was erroneous: got "ANGLESEY ARMS LTD", but expected "ROYAL WELSH YACHT CLUB"
5347th query was erroneous: got "Alfred Tennyson", but expected "The Grenadier Public House"
5349th query was erroneous: got "Cherry Tree", but expected "Culcheth Village Club"
5358th query was erroneous: got "The Boat", but expected "The Rising Sun"
5369th query was erroneous: got "The County", but expected "Red Lion Hotel"
5373th query was erroneous: got "Abbeydale Golf Club Ltd", but expected "Castle Inn"
5378th query was erroneous: got "The Colliery Tavern", but expected "The Crown Hotel"
5399th query was erroneous: got "Penshaw Catholic  Social Club", but expected "Shoulder Of Mutton"
5405th query was erroneous: got "The Little Windsor", but expected "The Lord Nelson"
5406th query was erroneous: got "Houldsworth Arms", but expected "Houldsworth Working Mens Club"
5420th query was erroneous: got "Falcon Sports And Social Club", but expected "The Red Lion"
5425th query was erroneous: got "Newark Hall", but expected "The Crown Inn"
5429th query was erroneous: got "Rams Head", but expected "The Lord Mountbatten"
5437th query was erroneous: got "Westcombe Park Rugby Football Club -  Caterers", but expected "Chelsfield Lakes Golf Centre"
5438th query was erroneous: got "Saint Josephs Parish Centre", but expected "The Masons Arms"
5440th query was erroneous: got "GC Kitchen @ The Good Companions", but expected "Shakey's Kitchen - Shakespeare's Head"
5443th query was erroneous: got "Angel Vaults", but expected "Twisted Fabric"
5446th query was erroneous: got "The White Hart", but expected "Surrey Yeoman"
5448th query was erroneous: got "Fox and Goose", but expected "The Swinley"
5456th query was erroneous: got "No 11 Pimlico Road", but expected "The Rising Sun Public House"
5458th query was erroneous: got "Crown Tavern Bar", but expected "Mill Street Pub & Kitchen"
5460th query was erroneous: got "St Georges Club", but expected "Joey's Bar"
5464th query was erroneous: got "Ye Olde Rose & Crown", but expected "Market Vaults"
5468th query was erroneous: got "White Horse Inn", but expected "Burley Social Club (Bar Only)"
5472th query was erroneous: got "Sherwood Manor", but expected "The Crimson Tree"
5473th query was erroneous: got "York City Social Club", but expected "York Burton Lane C I U"
5474th query was erroneous: got "Estuary Club", but expected "Belfair Bar"
5482th query was erroneous: got "WNSC (Shooting Club Kitchen)", but expected "Worcester Norton Sports Club"
5484th query was erroneous: got "Nelson & Railway Inn", but expected "Kimberley Institute Cricket Club"
5504th query was erroneous: got "Queso Wine Bar", but expected "Olea"
5506th query was erroneous: got "The Fox And Castle", but expected "The Old Windsor Club"
5511th query was erroneous: got "Industry Tap", but expected "Lord Nelson"
5512th query was erroneous: got "Bemerton Conservative Club", but expected "Salisbury & South Wilts Sports Club"
5514th query was erroneous: got "The Station Bar", but expected "The Bridge"
5520th query was erroneous: got "Bucks Head", but expected "Earl of Camden"
5527th query was erroneous: got "Bar Pina Ltd", but expected "Kelham Kitchen & Wine Bar"
5537th query was erroneous: got "The Sun Inn", but expected "The Crown Inn"
5540th query was erroneous: got "GWRSA", but expected "The Thatched Tavern"
5545th query was erroneous: got "The Feathers Public House", but expected "Merstham Village Club"
5550th query was erroneous: got "Royal Hotel", but expected "The Jailhouse"
5556th query was erroneous: got "White Horse Inn", but expected "Sweyn Forkbeard"
5557th query was erroneous: got "Cox's Cafe Bar", but expected "Dee Club"
5562th query was erroneous: got "New Cross Public House", but expected "Wrinkly Dog"
5565th query was erroneous: got "The Gamecock", but expected "The Shakespeare Inn"
5566th query was erroneous: got "Woodman", but expected "The Clubhouse"
5567th query was erroneous: got "Keel Row (No 1 Lloyds)", but expected "Star Inn"
5569th query was erroneous: got "Carsons", but expected "Big Tree Bar"
5570th query was erroneous: got "Ashington Royal British Legion", but expected "New Hirst & District Social Club"
5571th query was erroneous: got "Alexanders", but expected "The Castle Inn"
5574th query was erroneous: got "GARDENER'S ARMS", but expected "MECHANIC ARMS"
5600th query was erroneous: got "Tartan Bar", but expected "290 Social Club"
5606th query was erroneous: got "Outwood Working Mens Club", but expected "Catering @ Kirklands Hotel"
5615th query was erroneous: got "The Wheatsheaf", but expected "Swindon Rendezvous (The Tree)"
5617th query was erroneous: got "Brackley Band Supporters Club", but expected "The Manor"
5633th query was erroneous: got "Royal British Legion", but expected "Farmers Inn"
5642th query was erroneous: got "The Three Horseshoes", but expected "Royal Air Force Association"
5644th query was erroneous: got "Duffy's Bar", but expected "Electrik"
5652th query was erroneous: got "Caergwrle Social Club", but expected "Ye Olde Castle Inn"
5664th query was erroneous: got "Marvin's", but expected "County Hotel"
5667th query was erroneous: got "Great Eastern", but expected "North Laine Brewhouse"
5680th query was erroneous: got "The Flat Tops", but expected "The Shack"
5684th query was erroneous: got "Stag Inn", but expected "Rose And Crown"
5685th query was erroneous: got "The Corn Exchange", but expected "De Vitos"
5698th query was erroneous: got "Collycroft W M C", but expected "The Mount Pleasant"
5699th query was erroneous: got "The Kings Arms", but expected "Diamonds Bar"
5706th query was erroneous: got "Upper Bolton Conservative Club (Bar Only)", but expected "The Manor House"
5716th query was erroneous: got "The Bank", but expected "Highland Laddie"
5726th query was erroneous: got "The Grapes", but expected "The Crown Inn"
5727th query was erroneous: got "Golden Last", but expected "Masonic Hall"
5729th query was erroneous: got "William The Conqueror", but expected "Blakesley Arms"
5741th query was erroneous: got "Hartlepool Smallcraft Association", but expected "Bar Central"
5746th query was erroneous: got "Horse and Barge", but expected "Mackintosh's"
5748th query was erroneous: got "Southall Working Mens Club", but expected "The Underground Bar"
5758th query was erroneous: got "The White House", but expected "Bridge Inn"
5760th query was erroneous: got "Crofters Arms", but expected "Ainsworth Arms"
5766th query was erroneous: got "Dolphin", but expected "Farringdon Social Club"
5767th query was erroneous: got "Village Bar", but expected "Farsley Working Mens Club"
5772th query was erroneous: got "The Fountain Inn", but expected "Wyeside Arts Centre"
5777th query was erroneous: got "Burger & Bird Ltd", but expected "The Central Club"
5783th query was erroneous: got "South Coast Pub Co At The Roe Deer", but expected "Prince Of Wales PH"
5798th query was erroneous: got "Lodge Houston St. Johnstone", but expected "Bar 20:10"
5804th query was erroneous: got "Tiger", but expected "The Tiger"
5807th query was erroneous: got "The Stanley Ale House", but expected "Harvester"
5808th query was erroneous: got "The White Gates Inn", but expected "The Cheshire Ring"
5815th query was erroneous: got "West End Bowls Club", but expected "The Runner"
5825th query was erroneous: got "409 Littleborough", but expected "Waterside Bar & Restaurant"
5840th query was erroneous: got "The Devonshire Arms", but expected "Kingston Arms"
5853th query was erroneous: got "The Newlands Inn", but expected "The Queens Head"
5865th query was erroneous: got "Horse & Groom", but expected "Twisted Bunny"
5871th query was erroneous: got "Busby's", but expected "Anna Thomson LTD"
5879th query was erroneous: got "The Slug And Lettuce", but expected "Fareham Masonic Club"
5884th query was erroneous: got "Mojitos", but expected "THE SPREAD EAGLE"
5885th query was erroneous: got "Bonnyrigg Rose Social Club", but expected "Lodge Dalhousie-Bonnyrigg"
5893th query was erroneous: got "SCOTIA BAR", but expected "SALTOUN ARMS"
5898th query was erroneous: got "Dusty Miller", but expected "The Old Pond"
5901th query was erroneous: got "Oscar's Bar", but expected "The Vault"
5912th query was erroneous: got "Candlelight Function Venue", but expected "The Tommyfield"
5920th query was erroneous: got "Wolverton Town Bowls Club", but expected "Wolverton Sports Club"
5927th query was erroneous: got "Beechwood Bowling Club", but expected "MURRAYFIELD INDOOR SPORTS CLUB"
5935th query was erroneous: got "White Lion Public House", but expected "Crown & Anchor"
5941th query was erroneous: got "Mighty Oak Tap Room", but expected "Carpenters Arms"
5943th query was erroneous: got "Oaka At The Mansion House", but expected "The royal british legion"
5944th query was erroneous: got "Stapenhill Institute", but expected "THE BARLEY MOW"
5949th query was erroneous: got "Crafty Cock", but expected "Billingham Constitutional Club"
5967th query was erroneous: got "Lake District Boat Club Limited", but expected "The Ship Inn"
5971th query was erroneous: got "Swan Inn", but expected "Fox and Goose Inn"
5981th query was erroneous: got "Punch Bar & Tapas", but expected "Honley Socialist Club"
5982th query was erroneous: got "The Keep", but expected "The Royal Oak"
6025th query was erroneous: got "Gillespies", but expected "Washington Hotel"
6029th query was erroneous: got "Shoulder Of Mutton", but expected "Northowram Conservative Club"
6032th query was erroneous: got "Sayturk Properties Ltd", but expected "The George Inn"
6040th query was erroneous: got "The White Swan and Cuckoo", but expected "Studio Spaces Ltd"
6049th query was erroneous: got "Royal British Legion", but expected "Stag's Head Inn"
6050th query was erroneous: got "Brick House Social", but expected "O2 Ritz Manchester"
6052th query was erroneous: got "Chryston Bowling Club", but expected "Masonic Lodge Cadder Argyle No"
6055th query was erroneous: got "Bacchus", but expected "Bar 91"
6056th query was erroneous: got "Edgeley Conservative Club", but expected "Pineapple Inn"
6057th query was erroneous: got "Windmill Inn", but expected "Woolpack"
6067th query was erroneous: got "The Railway Hotel", but expected "Kingfisher"
6068th query was erroneous: got "BEAR FITZROVIA", but expected "Rising Sun"
6082th query was erroneous: got "Salutation Inn", but expected "Spread Eagle Inn"
6086th query was erroneous: got "Kendal Golf Club", but expected "The Rifleman's Arms"
6087th query was erroneous: got "Victoria Inn", but expected "Dun Cow Inn"
6090th query was erroneous: got "Millers Barn", but expected "The Nuthall Pub And Kitchen"
6091th query was erroneous: got "The Hive", but expected "Steins"
6092th query was erroneous: got "The Blue Sea Fish Bar", but expected "The Fiddlers Elbow"
6093th query was erroneous: got "JDP Lounge", but expected "Grimsby & Cleethorpes Yacht Club"
6098th query was erroneous: got "ANDERSONS BAR", but expected "The Old Dr Bells Baths"
6109th query was erroneous: got "County Bar", but expected "Lodge Clackmannan 1303"
6128th query was erroneous: got "Ivy Leaf Memorial Club", but expected "Queens Head"
6136th query was erroneous: got "Brickcroft Social Club", but expected "Brownhill Hotel"
6140th query was erroneous: got "The Dukes Head", but expected "The Fox and Pheasant"
6142th query was erroneous: got "Dog And Parrot", but expected "#Central"
6147th query was erroneous: got "The Urban Bar", but expected "Blind Beggar"
6149th query was erroneous: got "Shakespeare's", but expected "The Fat Cat"
6151th query was erroneous: got "Crown Hotel", but expected "Mecca Bingo"
6159th query was erroneous: got "The Cepen Park", but expected "Chippenham Golf Club"
6161th query was erroneous: got "Caerphilly Social Club", but expected "Caerphilly Workmens Institute"
6165th query was erroneous: got "The Sandon", but expected "Dodds Bar"
6171th query was erroneous: got "Penny Black", but expected "The Cross Foxes"
6175th query was erroneous: got "Drayton Arms", but expected "Hereford Arms (The)"
6176th query was erroneous: got "Lilicos", but expected "The Southgate"
6181th query was erroneous: got "My Festival Events Ltd", but expected "Golden Silver Suite"
6186th query was erroneous: got "The Travellers", but expected "King Henry"
6188th query was erroneous: got "Boston Social Pigeon Club", but expected "Blackfriars"
6197th query was erroneous: got "The Daleside Arms", but expected "Croxdale & Hett Working Mens Club & Institute"
6205th query was erroneous: got "The Black Bull", but expected "Wolsingham Constitutional Club & Institute"
6208th query was erroneous: got "Westow House", but expected "The Sparrowhawk"
6222th query was erroneous: got "Co-Op Sports and Social Club", but expected "Furness Rugby Club"
6224th query was erroneous: got "Perseverance", but expected "The Albion Pub"
6227th query was erroneous: got "The Cock And Bottle", but expected "Venue Sports & Music Bar"
6230th query was erroneous: got "The Maypole", but expected "Jolly Sailor"
6235th query was erroneous: got "Hole in the Wall", but expected "Zoes Kitchen"
6243th query was erroneous: got "Lion", but expected "Rose And Crown"
6248th query was erroneous: got "Ogilvy Bar", but expected "Roods Bar"
6257th query was erroneous: got "Toby Carvery Festival Park", but expected "Stoke Tenpin"
6259th query was erroneous: got "Finchley United Services Club", but expected "Finchley Tavern"
6269th query was erroneous: got "Corporation Arms", but expected "Cottees Bar Ltd"
6270th query was erroneous: got "Baresito", but expected "Quart Pot"
6273th query was erroneous: got "The Jolly Coopers", but expected "The Bell Inn"
6275th query was erroneous: got "Brickcroft Social Club", but expected "The Baum"
6277th query was erroneous: got "Gallery Public House", but expected "The Grosvenor"
6298th query was erroneous: got "Consett Rugby Club", but expected "Union and K2"
6300th query was erroneous: got "Devon Arms Hotel - Bar Sales", but expected "Teign Brewery Inn"
6309th query was erroneous: got "Cram's Bar", but expected "Drysdale & Sons"
6316th query was erroneous: got "The Ox", but expected "The Broughton"
6318th query was erroneous: got "The Dove Freehouse and Kitchen", but expected "Off Broadway"
6328th query was erroneous: got "The Manor House", but expected "The Otley Tap House"
6334th query was erroneous: got "Shell-ter", but expected "Hill & Cakemore Ex Servicemans"
6335th query was erroneous: got "Budleigh Salterton Club", but expected "Salterton Arms"
6338th query was erroneous: got "Billingham Masonic Hall", but expected "Theatre Upstairs"
6339th query was erroneous: got "Carriers Arms", but expected "Morley United Services Club Ltd"
6346th query was erroneous: got "The Angel Public House", but expected "York Public House"
6348th query was erroneous: got "G A S Bar & Bites", but expected "Chesterfield Ale House"
6350th query was erroneous: got "Royal Oak", but expected "Masons Arms Hotel"
6352th query was erroneous: got "The Cherry Tree", but expected "The Oat Hill"
6360th query was erroneous: got "Viva", but expected "The Victoria Inn"
6366th query was erroneous: got "Crystal Bar", but expected "The Middle Bar"
6370th query was erroneous: got "Three Tuns Hotel", but expected "The Buccaneer Public House"
6375th query was erroneous: got "Ryton Cricket Club", but expected "Ryton Masonic Hall"
6382th query was erroneous: got "Maltings Arts Theatre", but expected "The Snug Bar"
6383th query was erroneous: got "The Dean", but expected "St Helens Masonic Hall"
6386th query was erroneous: got "Gravesend Rugby Football Club (Bar)", but expected "Waterloo Tavern"
6393th query was erroneous: got "Al's Juke Bar", but expected "Bradford Underground"
6395th query was erroneous: got "Eccleston Arms Bar & Grill", but expected "Bird ith Hand"
6400th query was erroneous: got "Brewery Arms", but expected "The City Arms"
6409th query was erroneous: got "THE COACH HOUSE", but expected "Royal Oak Horninglow"
6418th query was erroneous: got "The Prince Of Wales Public House", but expected "Ilford Catholic Club"
6422th query was erroneous: got "SOFI'S BAR", but expected "Roseleaf"
6435th query was erroneous: got "Weld Blundell", but expected "Mersey Motor Boat Club Limited"
6449th query was erroneous: got "Costello's Bar", but expected "Rustic"
6452th query was erroneous: got "Street Inn", but expected "Bear Inn Street"
6462th query was erroneous: got "Mossley Band Social Club", but expected "The Fleece Inn"
6471th query was erroneous: got "Beer sandwich please", but expected "Brew by numbers"
6472th query was erroneous: got "The Mulberry Bush", but expected "Doggetts coat & badge"
6476th query was erroneous: got "Alexandra Hotel", but expected "British Queen"
6477th query was erroneous: got "The Kings Head", but expected "The Wynnstay Hotel"
6479th query was erroneous: got "By  The Way", but expected "Argyle Tavern"
6484th query was erroneous: got "The Lamb", but expected "Newtown Social Club"
6489th query was erroneous: got "George & Dragon", but expected "Lancaster Railway Club"
6490th query was erroneous: got "Clarence Public House", but expected "Running Footman Public House"
6497th query was erroneous: got "Unicorn Hotel", but expected "Golden Rule Hotel"
6509th query was erroneous: got "Bonsai Japanese Bar Bistro", but expected "The Pleasance EUSA"
6520th query was erroneous: got "Ring O'Bells", but expected "Leesa Vain Dance & Exercise Academy"
6533th query was erroneous: got "Bar 11", but expected "The Green Man"
6544th query was erroneous: got "Victoria Bar", but expected "Saltcoats Bowling Club"
6545th query was erroneous: got "Twickenham District Masonic Council Ltd", but expected "The Shack 68"
6546th query was erroneous: got "Egerton Arms", but expected "The Flookersbrook"
6553th query was erroneous: got "The Crooked Billet", but expected "Westside Lawn Tennis Club"
6555th query was erroneous: got "Academy Snooker Club", but expected "Boscombe Conservative Club"
6556th query was erroneous: got "Petite Maison", but expected "The Tap House"
6558th query was erroneous: got "Imperial Crown Hotel", but expected "The Wine Barrel Group Ltd"
6560th query was erroneous: got "The Old Bakery", but expected "The Wentworth Arms"
6568th query was erroneous: got "Freehold Tavern", but expected "Thorntree Inn"
6569th query was erroneous: got "Odd Frog", but expected "KillOne"
6571th query was erroneous: got "Blarneys Free House", but expected "The New Inn"
6576th query was erroneous: got "Antwerp Arms Association @", but expected "Antwerp Arms"
6579th query was erroneous: got "Herd Steakhouse Ltd", but expected "The Loft, Holme House"
6580th query was erroneous: got "The Roebuck", but expected "Penn Bowling Club"
6581th query was erroneous: got "The Feathers Public House", but expected "The Speaker Public House"
6587th query was erroneous: got "Bijou Club", but expected "City Suites Holdco Ltd"
6588th query was erroneous: got "Waggon and Horses", but expected "Branston (Lincoln) Home Guard Social Club"
6589th query was erroneous: got "The Carpenter's Arms", but expected "Trenton Lodge"
6592th query was erroneous: got "The Three Horse Shoes", but expected "Boroughbridge Social Club"
6594th query was erroneous: got "Rushden Town Cricket Club", but expected "Hayden Road Hatch"
6602th query was erroneous: got "West Moor And District Social Club", but expected "West Moor Community Centre Luncheon Club"
6606th query was erroneous: got "The Wine Bar", but expected "Aughton Institute"
6612th query was erroneous: got "London Tavern", but expected "Ry's Bar and Grill"
6613th query was erroneous: got "The Harp Inn", but expected "New Inn"
6617th query was erroneous: got "Newtown National Club Ltd", but expected "Woolworths Sports Social Club"
6620th query was erroneous: got "The white horse", but expected "The gowlett arms"
6622th query was erroneous: got "MAYFIELD BOWLING CLUB", but expected "Prestonfield Golf Club"
6641th query was erroneous: got "The Wheatsheaf", but expected "The Walsall Arms"
6647th query was erroneous: got "Maidstone Bowls Club", but expected "Welcome Gym"
6649th query was erroneous: got "The Monk's Walk", but expected "Queens Head Hotel"
6655th query was erroneous: got "The Red Lion", but expected "Wooburn Working Mens Club"
6656th query was erroneous: got "Freehold Tavern", but expected "The Lamb Inn"
6667th query was erroneous: got "Butchers Arms", but expected "Ark Tavern"
6671th query was erroneous: got "Trawlerman", but expected "The Beachcomber Club"
6673th query was erroneous: got "Duckmanton Miners Welfare Club", but expected "The Duckmanton Hotel"
6679th query was erroneous: got "The Old Times Public House", but expected "The Fat Cat Public House"
6680th query was erroneous: got "Friendship Inn", but expected "Lighthouse Inn"
6694th query was erroneous: got "The Sportsman Inn", but expected "The Three Merry Lads"
6695th query was erroneous: got "Devonshire Arms", but expected "Shoulder of Mutton"
6698th query was erroneous: got "The Geese - Kitchen", but expected "Free Haus"
6708th query was erroneous: got "Perry Street Conservative Club", but expected "The Crown"
6711th query was erroneous: got "Dog and Partridge", but expected "Nelson"
6729th query was erroneous: got "Bellrock Bar", but expected "The Louden Tavern"
6732th query was erroneous: got "Crown & Anchor Inn", but expected "The Ship Inn"
6746th query was erroneous: got "Bar 24", but expected "The Old Swanne"
6751th query was erroneous: got "The Lounge", but expected "Winmarleigh House"
6752th query was erroneous: got "Cloud 9 (Lincs) Ltd", but expected "Lincoln Theatre Royal"
6753th query was erroneous: got "The Wee Howff", but expected "Pre"
6762th query was erroneous: got "Cleethorpes Royal Air Force Association Club Ltd", but expected "Willy's"
6763th query was erroneous: got "South Petherton Sports & Social Club", but expected "The Brewer's Arms"
6766th query was erroneous: got "The Blue Bell", but expected "Fossgate Social"
6771th query was erroneous: got "THE RED LION", but expected "THE CROSSLEY CLUB"
6772th query was erroneous: got "Half a Tanner", but expected "The Venue"
6773th query was erroneous: got "Flamborough Victoria Club & Institute", but expected "Rose and Crown"
6775th query was erroneous: got "Golfers Arms Pubs & Bars Ltd", but expected "The Avenue"
6778th query was erroneous: got "The Albion", but expected "The Railway Inn"
6781th query was erroneous: got "Ruthin Conservative Club", but expected "Feathers Inn"
6782th query was erroneous: got "The Melrose", but expected "West Road Tap"
6783th query was erroneous: got "The Coach Hotel", but expected "Coleshill Cricket Club"
6790th query was erroneous: got "Legendz", but expected "Bridge Beers"
6791th query was erroneous: got "Krafty Kettle - Ground Floor", but expected "Phoenix Squash and Fitness Club"
6795th query was erroneous: got "The Railway Inn", but expected "Eight Bells"
6798th query was erroneous: got "Bulls Head", but expected "Cortonwood Miners Welfare"
6799th query was erroneous: got "The Auld Hoose", but expected "La Sal"
6803th query was erroneous: got "The Mermaid", but expected "Crown Inn"
6809th query was erroneous: got "The Lincoln Arms", but expected "Ye Olde White Horse"
6810th query was erroneous: got "Fox & Hounds", but expected "Melbourne Arms"
6814th query was erroneous: got "The Kings Head", but expected "Ye Shakespeare"
6817th query was erroneous: got "Cherry", but expected "Wentworth Arms"
6847th query was erroneous: got "Workington Rugby Football Club Ltd", but expected "Moss Bay Working Mens"
6848th query was erroneous: got "Cellar Bar", but expected "Bradford Road Central Club"
6849th query was erroneous: got "White Lion Hotel", but expected "Last Orders Inn"
6875th query was erroneous: got "Kirkintilloch Miners Welfare And Social Club", but expected "The Kirky Puffer"
6882th query was erroneous: got "RNA Uxbridge", but expected "Royal Naval Association"
6887th query was erroneous: got "Storm Queen", but expected "Quarter Gill"
6892th query was erroneous: got "The Bell", but expected "Leytonstone Tavern"
6906th query was erroneous: got "Royal Oak", but expected "The Old Vine"
6911th query was erroneous: got "National Association Of Railway Clubs", but expected "GC Kitchen @ The Good Companions"
6927th query was erroneous: got "Leo's Bar", but expected "The Victoria"
6932th query was erroneous: got "Saracens Head", but expected "The Dragon Inn"
6943th query was erroneous: got "Thirst Youth Cafe", but expected "The Port Jackson"
6950th query was erroneous: got "The Inn Between", but expected "The Volunteer Arms Licensed Coffee Bar"
6963th query was erroneous: got "Whalley Range Cricket & Tennis Club", but expected "Whalley Range Amateur Football Club"
6967th query was erroneous: got "The Kings Arms", but expected "Rotherfield Sports Club North Street"
6969th query was erroneous: got "Red Triangle Snooker Club", but expected "Bar Yellow"
6977th query was erroneous: got "The Deer Park", but expected "The Thomas Osborne"
6984th query was erroneous: got "Dittons & Hinchley Wood RBL Club", but expected "The George Evelyn Pub & Gardens"
6985th query was erroneous: got "The Slug & Lettuce", but expected "The Old Ship"
6989th query was erroneous: got "Jolly Fisherman", but expected "The Oak"
6990th query was erroneous: got "Ellenbank Bar", but expected "Ferrari's"
6995th query was erroneous: got "Ingatestone & Fryerning Community Association", but expected "The Corner"
7000th query was erroneous: got "Congreve House", but expected "Low Flyer"
7001th query was erroneous: got "The Old Court House and Kitchen", but expected "Finnians"
7011th query was erroneous: got "The Rose And Crown", but expected "Raffertys"
7024th query was erroneous: got "Northowram Community Sports and Activity Club", but expected "22 The Bar & Smokehouse"
7025th query was erroneous: got "Barlestone St Giles Sports And Social Club", but expected "The Three Tuns"
7030th query was erroneous: got "The Pennsylvanian", but expected "Rickmansworth Conservative Club Ltd"
7039th query was erroneous: got "Jurnets", but expected "The Berstrete Gates"
7063th query was erroneous: got "Tailors Eating House", but expected "Moon Under Water"
7064th query was erroneous: got "General Browning Club", but expected "The Duke Of Wellington"
7065th query was erroneous: got "The Oak", but expected "The Globe"
7067th query was erroneous: got "Poachers Arms", but expected "Fox and Hounds"
7068th query was erroneous: got "St John's Social Centre", but expected "Bar San Juan"
7080th query was erroneous: got "Speculation Inn", but expected "New Tavern"
7088th query was erroneous: got "Surbiton Masonic Hall Limited", but expected "Gordon Bennett bar & kitchen"
7092th query was erroneous: got "Bison Beer", but expected "Tisburys (Libation)"
7093th query was erroneous: got "Bull & Butcher", but expected "The Maltsters Arms Public House"
7110th query was erroneous: got "Lazy Toad", but expected "Fitzroy Social Club"
7112th query was erroneous: got "Anchor Inn", but expected "Angel Inn"
7117th query was erroneous: got "London Apprentice", but expected "Town Wharf"
7141th query was erroneous: got "Highland Laddie", but expected "Southcoates Social Club"
7148th query was erroneous: got "Recreation Club", but expected "Sun Inn"
7150th query was erroneous: got "The Black Horse Inn", but expected "The Blacksmith Arms"
7151th query was erroneous: got "Marsh Conservative Club", but expected "Croppers Arms"
7152th query was erroneous: got "Birchwood Leisure & Tennis Centre", but expected "The Peacock"
7159th query was erroneous: got "The Crown", but expected "Royal British Legion"
7175th query was erroneous: got "Flat, White Hart P H", but expected "Roydon Village Hall"
7181th query was erroneous: got "Bushey Bowling Club", but expected "Horse And Chains"
7186th query was erroneous: got "Chaloner Masonic Hall Association", but expected "Kings Arms Hotel"
7188th query was erroneous: got "Helsinki", but expected "The Soundhouse"
7191th query was erroneous: got "Roman Bank Bingo & Social Club", but expected "The Lumley"
7203th query was erroneous: got "Quart in a Pint Pot", but expected "Bowling Club"
7211th query was erroneous: got "Moo Moo Club Rooms", but expected "Will Adams PH"
7215th query was erroneous: got "Anchor", but expected "Joiners Arms"
7226th query was erroneous: got "Southport Football Club", but expected "Thatch & Thistle"
7229th query was erroneous: got "The Bear Inn", but expected "Fox & Coney"
7230th query was erroneous: got "Buddies", but expected "Castaways"
7231th query was erroneous: got "The Plough & Harrow", but expected "The Birkbeck Tavern"
7232th query was erroneous: got "The Eagle and Child", but expected "The Golden Lion"
7235th query was erroneous: got "Newport Ale House", but expected "The Railway Medina"
7237th query was erroneous: got "Lincoln Labour Club & Institute Limited", but expected "Royal William"
7245th query was erroneous: got "Wigan Sports Club", but expected "Wigan Subscription Bowling Green Ltd"
7258th query was erroneous: got "Saith Seren", but expected "Wrexham & District War Memorial Club Ltd"
7264th query was erroneous: got "Astley Bridge Conservative Club", but expected "The Pineapple"
7267th query was erroneous: got "Falkirk Indoor Bowling Club", but expected "The Roman Bar"
7285th query was erroneous: got "The Maltings", but expected "Cask Lounge"
7289th query was erroneous: got "Catherine Wheel, The", but expected "Newbury Conservative Club"
7295th query was erroneous: got "Anchor Inn", but expected "Petite Maison"
7297th query was erroneous: got "Phoenix Public House", but expected "The Central"
7303th query was erroneous: got "The Jugged Hare", but expected "Barbican Bars"
7309th query was erroneous: got "Dutton Arms", but expected "Yates Wine Lodge"
7314th query was erroneous: got "Alfred", but expected "Meanwood Conservative Club"
7316th query was erroneous: got "CARLTON BAR", but expected "CHARACTER'S CAFE BAR"
7318th query was erroneous: got "The Cutter Hotel", but expected "Weymouth Sailing Club"
7323th query was erroneous: got "Bricklayers Arms PH", but expected "The Half Moon"
7324th query was erroneous: got "The Ightham Club", but expected "The George And Dragon"
7329th query was erroneous: got "The Pack Horse Inn", but expected "Stanhope Masonic Club"
7341th query was erroneous: got "Airdrie District Lol No 1", but expected "Harty's Function Suite"
7345th query was erroneous: got "Brechin Arms", but expected "City Royal Bar"
7346th query was erroneous: got "New Hirst & District Social Club", but expected "Ashington Royal British Legion"
7347th query was erroneous: got "The Hasland Hotel", but expected "Hasland Hops Ltd (opening April)"
7358th query was erroneous: got "Cartergate Social Club", but expected "National Reserve Club"
7359th query was erroneous: got "VICTORIA INN", but expected "KNUTTON EX-SERVICEMANS CLUB"
7369th query was erroneous: got "Beechwood Club", but expected "Uplands Tavern"
7373th query was erroneous: got "Nelson Hotel", but expected "Rochdale Masonic Buildings"
7380th query was erroneous: got "Black Horse Inn", but expected "Associates Club"
7383th query was erroneous: got "Slug and Lettuce", but expected "Queenies"
7404th query was erroneous: got "Blaina Bowls Club Ltd", but expected "The Moose Hall"
7413th query was erroneous: got "Black Swan", but expected "White Swan"
7428th query was erroneous: got "Albert Arms", but expected "The Bear"
7436th query was erroneous: got "Hamilton Caledonian Bowling Cl", but expected "Laigh Bent Sports Club"
7441th query was erroneous: got "Maesteg Squash Sports and Social Club", but expected "Crown Hotel"
7446th query was erroneous: got "Haslingden Trades Club", but expected "Irish Democratic Club"
7450th query was erroneous: got "Cram's Bar", but expected "J D Wetherspoon Plc"
7454th query was erroneous: got "The Fitzgerald Arms", but expected "The Royal Oak"
7456th query was erroneous: got "The Rack Shack", but expected "The Waterfront"
7465th query was erroneous: got "Blast Furnace Inn", but expected "Lord Nelson"
7472th query was erroneous: got "Blacksmiths Arms", but expected "Stranton Social Club"
7480th query was erroneous: got "Il Calabrese", but expected "The Kings Head"
7482th query was erroneous: got "Dimples", but expected "Lawrence Cloisters Trust Ltd"
7484th query was erroneous: got "The Peacock Inn", but expected "Lincoln Hospital Sports & Social Club"
7486th query was erroneous: got "Bizim Mekan Social Club", but expected "The Clapton Hart"
7504th query was erroneous: got "The Barge Inn", but expected "Thorne Snooker Centre"
7510th query was erroneous: got "Sidcup Recreation Club", but expected "The Hoppers Hut"
7515th query was erroneous: got "Vale Tavern", but expected "Conqueror Alehouse"
7524th query was erroneous: got "Grantham Squash Club", but expected "The Farrier"
7525th query was erroneous: got "The Swan Inn", but expected "The White Horse Hotel"
7531th query was erroneous: got "Legends", but expected "The Royal Exchange"
7533th query was erroneous: got "South Woodham Ferrers Rugby, Sports And Social Pavillion", but expected "Club Bar And Grill @ Club Woodham"
7534th query was erroneous: got "Jimmy's Sports Bar", but expected "St James Wmc"
7537th query was erroneous: got "Knowl Club", but expected "Mirfield Conservative Club"
7550th query was erroneous: got "Newhaven Football Club", but expected "The Hope Inn"
7555th query was erroneous: got "The Darnley Arms", but expected "Bat & Ball Public House"
7565th query was erroneous: got "Elmton Road Social And Working Mens Club", but expected "Ours"
7568th query was erroneous: got "Genting Casino Edinburgh", but expected "Police Scotland Club"
7571th query was erroneous: got "Beechwood Bowling Club", but expected "ROSEBURN BAR"
7580th query was erroneous: got "Birstall Irish Democratic League Club", but expected "The Princess Ballroom"
7587th query was erroneous: got "The King Arthur", but expected "The Station Inn"
7592th query was erroneous: got "Rose and Crown", but expected "The Bushel & Strike"
7594th query was erroneous: got "The Fox & Hounds", but expected "Lost Society"
7595th query was erroneous: got "Enfield Town Conservative Club", but expected "The Old Wheatsheaf"
7597th query was erroneous: got "The Windsor", but expected "Joey Orrys"
7599th query was erroneous: got "The White Swan", but expected "Players Bar"
7603th query was erroneous: got "The Woodlands Tavern", but expected "The Red Lion"
7605th query was erroneous: got "The Corner Pin", but expected "The Leather Bottle"
7611th query was erroneous: got "The Unicorn Inn", but expected "The Bridge Inn"
7613th query was erroneous: got "Red House Boutique Bar", but expected "The Dog House"
7614th query was erroneous: got "The Kings Arms", but expected "The Castle"
7615th query was erroneous: got "The Bear Tavern", but expected "The Midland"
7616th query was erroneous: got "Joe's", but expected "The Pembroke Castle"
7623th query was erroneous: got "Bedworth Conservative Club", but expected "Bedworth Ex Servicemens Club"
7628th query was erroneous: got "The Tiger Inn", but expected "Original Keys"
7629th query was erroneous: got "The White Swan", but expected "The White Hart"
7634th query was erroneous: got "The Spotted Cow", but expected "Hen & Chicken"
7638th query was erroneous: got "Queens Hotel", but expected "Arden Inn"
7645th query was erroneous: got "Cameo & Myu Bar", but expected "Slug & Lettuce"
7650th query was erroneous: got "THE  GROVE HOUSE", but expected "THE BLACK HORSE INN"
7654th query was erroneous: got "Boat And Horses", but expected "Riverside Bar"
7677th query was erroneous: got "Old House", but expected "Jeckyll & Hyde"
7683th query was erroneous: got "Joiners Arms", but expected "Lewisham Tavern"
7685th query was erroneous: got "Whelan's free house", but expected "Surdoc social club ltd"
7686th query was erroneous: got "The Clapham Tap", but expected "Bread & Roses"
7701th query was erroneous: got "The Bell Hotel", but expected "Niche"
7711th query was erroneous: got "The Old Turk", but expected "The Time Piece"
7713th query was erroneous: got "Worthing Rowing And Sports Club", but expected "Cow & Oak"
7725th query was erroneous: got "Last Orders", but expected "The Albion"
7730th query was erroneous: got "Old Toll Bar", but expected "Intack Inn"
7732th query was erroneous: got "South Portland Working Mens Club", but expected "Corner House"
7733th query was erroneous: got "Cask And Glass Public House", but expected "Buckingham Arms Public House"
7734th query was erroneous: got "Zambretto Italian", but expected "The Last Post"
7736th query was erroneous: got "Godfrey Morgan", but expected "Hot Rocks"
7743th query was erroneous: got "Troll Inn", but expected "Dundee Football Club"
7753th query was erroneous: got "Spearmint Rhino", but expected "The Leadmill"
7755th query was erroneous: got "Persia House (Downstairs)", but expected "Caversham Working Mens Club"
7756th query was erroneous: got "Kro Bar", but expected "532 Bar & Kitchen"
7764th query was erroneous: got "Six Bells", but expected "Boars Head Hotel"
7767th query was erroneous: got "Beer Merchants Tap", but expected "Hurk Ltd, Beer and BBQ"
7781th query was erroneous: got "DANCING MOOSE WIMBORNE", but expected "BUTCHERS DOG"
7782th query was erroneous: got "Cambridgeshire Hunter", but expected "Hare & Hounds"
7791th query was erroneous: got "Sheldons Bar Ltd", but expected "The Bay Hop"
7793th query was erroneous: got "Apollo Bar & Venue", but expected "Indigo Alley"
7796th query was erroneous: got "The Hoop & Grapes", but expected "White Swan"
7800th query was erroneous: got "The Draft House", but expected "The Grove Bar And Restaurant"
7811th query was erroneous: got "Kay's Bar", but expected "THE WALLY DUG"
7823th query was erroneous: got "Brafield Working Mens Club", but expected "The Red Lion"
7824th query was erroneous: got "Cactus Cafe And Bar", but expected "Deniz's Social Club"
7830th query was erroneous: got "Southfields Club & Institute", but expected "The Earl  Spencer"
7834th query was erroneous: got "Parkdean Holidays Ltd", but expected "BEACH HOTEL"
7845th query was erroneous: got "The Rainbow", but expected "Wakefield Labour Club"
7846th query was erroneous: got "The Drawbridge", but expected "The Greenhouse"
7847th query was erroneous: got "The La'l Nook", but expected "Kirkby Stephen Sports & Social Club"
7857th query was erroneous: got "Bar 54", but expected "The Park Tavern"
7861th query was erroneous: got "Juno Bath Limited", but expected "The Second Bridge Nightclub"
7871th query was erroneous: got "Coco Momo", but expected "Gloucester Arms"
7875th query was erroneous: got "The Greasley Castle", but expected "The New Inn"
7883th query was erroneous: got "Lumphinnans Bowling Club", but expected "Lumphinnans United AFC Clubhouse"
7885th query was erroneous: got "No 1 Grange Road", but expected "The Old Bell Inn"
7887th query was erroneous: got "Hereford Snooker Club", but expected "Hogarths"
7888th query was erroneous: got "Blackburn Leisure", but expected "Red Hawk"
7896th query was erroneous: got "Love Jericho", but expected "The Duke Of Cambridge"
7899th query was erroneous: got "The Hope", but expected "One Tun"
7905th query was erroneous: got "Overdraught", but expected "Hennigans Sports Bar"
7908th query was erroneous: got "Arkwrights", but expected "Emmanuel Social  Club"
7913th query was erroneous: got "South Benfleet Social Club", but expected "Boyce Hill Golf & Country Club"
7930th query was erroneous: got "The Duke Of Sussex", but expected "The Stage Door Public House"
7940th query was erroneous: got "Ye Olde Star Inn", but expected "Bridlington Sports Centre"
7943th query was erroneous: got "Phoenix", but expected "Crown & Anchor"
7952th query was erroneous: got "The Bakers Field", but expected "Blue Mondays"
7972th query was erroneous: got "H R Wine Bar", but expected "The Retreat"
7978th query was erroneous: got "Old House", but expected "R A O B Club"
7982th query was erroneous: got "Cashino", but expected "Harlow Playhouse Cafe Bar"
7991th query was erroneous: got "County Music Bar", but expected "Ritzys"
7997th query was erroneous: got "The Bell", but expected "The Culpeper"
8014th query was erroneous: got "Ayr Railway Welfare Club", but expected "Horseshoe Bar"
8015th query was erroneous: got "The Ship Inn", but expected "Virgin Active"
8022th query was erroneous: got "The Royal Oak", but expected "The Manvers Arms"
8027th query was erroneous: got "Ilford Liberal Club", but expected "O'Neills"
8028th query was erroneous: got "Peoples Theatre Arts Group", but expected "Corner House Hotel"
8032th query was erroneous: got "Old Co op", but expected "Darton Liberal W M C"
8053th query was erroneous: got "Forester Arms", but expected "Aberdour Hotel"
8057th query was erroneous: got "The Anglers", but expected "The Tide End Cottage"
8058th query was erroneous: got "The Stock Pot", but expected "Tame Valley Tennis & Squash Club"
8064th query was erroneous: got "Prestwick Bowling Club", but expected "Prestwick Golf Club"
8065th query was erroneous: got "The Green Man", but expected "The Millstone Inn"
8067th query was erroneous: got "Abacus & Attica & B-Lo", but expected "The Rising Sun"
8072th query was erroneous: got "Tow Bar Club", but expected "Falcon Bar"
8091th query was erroneous: got "Charlton Kings Club And Institute", but expected "The Royal Hotel"
8098th query was erroneous: got "Da Vinci's Bar & Lounge", but expected "The George Hotel"
8107th query was erroneous: got "The Bankers Draft", but expected "Barrowford Working Mens Club"
8118th query was erroneous: got "Kiss Nightclub", but expected "Carlton Bingo"
8123th query was erroneous: got "Top House", but expected "Thurmaston Progressive Working Mens Club"
8135th query was erroneous: got "Talk Bar", but expected "The Peaky Blinder"
8138th query was erroneous: got "The Hillend Tavern", but expected "Dalgety Bay Bowling Club"
8143th query was erroneous: got "Joe's", but expected "The Lansdowne"
8150th query was erroneous: got "Old Post Office", but expected "Carnarvon Castle"
8152th query was erroneous: got "FLEETWOOD CRICKET AND SPORTS CLUB", but expected "Fleetwood RUFC Bar"
8161th query was erroneous: got "British Legion", but expected "The Sun"
8165th query was erroneous: got "Southern Belle PH", but expected "The Brittania"
8170th query was erroneous: got "Black Bull", but expected "Whittlesey Conservative Club"
8176th query was erroneous: got "The Marylebone", but expected "The Angel In The Fields Public House"
8180th query was erroneous: got "Puzzle Hall Inn", but expected "Sowerby Bridge Cricket Club"
8181th query was erroneous: got "Knights Snooker Club", but expected "Hornchurch Conservative Club"
8192th query was erroneous: got "Royal Exchange Public House", but expected "Haverhill Ex Service Mens Club"
8195th query was erroneous: got "The Miners Arms", but expected "Brymbo Conservative Club"
8208th query was erroneous: got "THE SQUASH", but expected "Knott End Working Mens Club (Wet Sales Only)"
8222th query was erroneous: got "Green Man Inn", but expected "The Horsted Club"
8227th query was erroneous: got "The Greyhound Inn", but expected "The Wheatsheaf"
8228th query was erroneous: got "Crown Inn", but expected "King William Inn"
8241th query was erroneous: got "Crown Hotel", but expected "Prince Albert Inn"
8252th query was erroneous: got "The Heavy Tree", but expected "Royal Oak"
8257th query was erroneous: got "Guildhall Arts Centre Bars and Kitchens", but expected "The Reindeer Inn"
8261th query was erroneous: got "Harwood Arms", but expected "Redback"
8271th query was erroneous: got "Hop Pole", but expected "DUKE OF BRIDGEWATER"
8284th query was erroneous: got "The Vaults", but expected "The Vine Inn"
8293th query was erroneous: got "Golden Lion", but expected "The Jolly Abbot"
8294th query was erroneous: got "Spencer Arms", but expected "Putney Town Bowling Club"
8309th query was erroneous: got "Gin Temple", but expected "Door Eighteen"
8310th query was erroneous: got "The First Post", but expected "The Cosham Social Club"
8318th query was erroneous: got "Albert's Schloss", but expected "Slug and Lettuce"
8333th query was erroneous: got "The George", but expected "Life Nightclub"
8335th query was erroneous: got "Keepers Arms", but expected "Ross High Rugby Football Club"
8347th query was erroneous: got "The Shipwreck Brewhouse", but expected "CLEVELEYS EX SERVICEMANS CLUB"
8354th query was erroneous: got "The Vic, Swinton", but expected "Swinton Masonic Hall"
8371th query was erroneous: got "Sweyn Forkbeard", but expected "Horse And Jockey Public House"
8376th query was erroneous: got "Aaron P Stone's Casino Rooms", but expected "Two Brewers Public House"
8381th query was erroneous: got "Llewelyn's", but expected "Pen Y Bryn"
8382th query was erroneous: got "Stanley Street Sports & Social Club", but expected "Grafton Hotel"
8386th query was erroneous: got "Little Hulton Conservative Club", but expected "Cyn's Tavern"
8387th query was erroneous: got "The Warehouse", but expected "Wino Bar And Merchants"
8392th query was erroneous: got "St Pauls Cricket Club (Stalybridge)", but expected "The Forester"
8396th query was erroneous: got "Standish Unity Club", but expected "Globe Inn"
8400th query was erroneous: got "SPIDERS WEB", but expected "DYCE BOWLING CLUB"
8408th query was erroneous: got "RAF Association Club", but expected "Captain Flints"
8416th query was erroneous: got "Aber Hotel", but expected "R A O B Social Club"
8427th query was erroneous: got "Auld Shillelagh", but expected "The Prince"
8433th query was erroneous: got "The War Office", but expected "Motherwell Masonic Social Club"
8434th query was erroneous: got "The Tilly Shilling", but expected "The Alexandra"
8436th query was erroneous: got "Derby West End Bowls Club", but expected "The Georgian House Hotel"
8445th query was erroneous: got "The Bull", but expected "The Crown"
8452th query was erroneous: got "The Grafton", but expected "Tapping the Admiral"
8460th query was erroneous: got "The Kirky Puffer", but expected "Kirkintilloch Miners Welfare And Social Club"
8468th query was erroneous: got "The Brewer's Tap/Southsea Brewing Company Ltd.", but expected "Artillery Arms"
8469th query was erroneous: got "Metal Monocle", but expected "Dog House Bar Leicester"
8475th query was erroneous: got "The George Vaults", but expected "Coopers Arms P.H."
8480th query was erroneous: got "Alcester Unionist Club Ltd", but expected "Turks Head"
8484th query was erroneous: got "The Griffin", but expected "White Harte"
8491th query was erroneous: got "The Marlowe Theatre", but expected "The Westgate Inn"
8494th query was erroneous: got "Memorial Field Pavilion", but expected "Ardrossan Outdoor Bowling Club"
8497th query was erroneous: got "The Blues Kitchen", but expected "Be At One Limited"
8504th query was erroneous: got "The Crown", but expected "C J's"
8506th query was erroneous: got "A Pint Of Hops", but expected "The Windmill"
8526th query was erroneous: got "Bar Esteban", but expected "Kiss the Sky"
8527th query was erroneous: got "The Britannia Inn", but expected "Headington Bowls Club"
8530th query was erroneous: got "Brew Dog", but expected "Dukes Bar"
8531th query was erroneous: got "The Queens Hotel", but expected "Littleborough Conservative Club"
8536th query was erroneous: got "Portobello Star Public House", but expected "The Castle"
8541th query was erroneous: got "Performances Birmingham Ltd", but expected "The Flapper"
8548th query was erroneous: got "The Bell", but expected "Fox And Hounds Public House"
8558th query was erroneous: got "The Anchor And Hope", but expected "The Huntsman Tavern"
8566th query was erroneous: got "Indigo Alley", but expected "Scarborough Arms"
8571th query was erroneous: got "The Dark Horse", but expected "Bath Brew House"
8572th query was erroneous: got "Quench", but expected "Mid Sussex Conservative Club"
8585th query was erroneous: got "Lodge St John Tulliallan 598 Social Club", but expected "Garvies"
8590th query was erroneous: got "The City", but expected "Peer Hat"
8593th query was erroneous: got "Black Cherry", but expected "West Midlands Tavern"
8603th query was erroneous: got "Crown Posada", but expected "Slug And Lettuce"
8615th query was erroneous: got "Royal British Legion Scotland", but expected "65 Club"
8620th query was erroneous: got "Higham Sports And Social Club", but expected "The Griffin"
8629th query was erroneous: got "Crown Inn", but expected "Royal Oak"
8636th query was erroneous: got "Durham Amateur Rowing Club", but expected "Dunelm Club"
8637th query was erroneous: got "Old Bath Arms", but expected "Frome and District Club & Institute"
8642th query was erroneous: got "Independant Order Of Oddfellows", but expected "Melbourne Bar"
8654th query was erroneous: got "The Old Ship Hotel", but expected "Bank House Social Club"
8655th query was erroneous: got "Grand Union", but expected "Dover Castle"
8656th query was erroneous: got "Editors Tap", but expected "Knights Templar"
8659th query was erroneous: got "The Tailors Arms", but expected "Wilford Farm Inn"
8663th query was erroneous: got "Crown And Anchor", but expected "Cousins Professional Snooker Club"
8671th query was erroneous: got "Lindley Liberal Club", but expected "No 10 Bar and Kitchen"
8682th query was erroneous: got "The Londoner", but expected "The Crimson Star"
8688th query was erroneous: got "The Kings Arms", but expected "Stow Masonic Club"
8692th query was erroneous: got "Greyhound & Punchbowl", but expected "The Swan"
8725th query was erroneous: got "White Bear Inn (Bar Only)", but expected "Idle And Thackley Conservative (Bar Only)"
8732th query was erroneous: got "Puzzles Lounge", but expected "The Stone Works"
8733th query was erroneous: got "Red Lion", but expected "Crown At Turners Hill"
8734th query was erroneous: got "Leigh Labour Club", but expected "Las Fierbinti"
8735th query was erroneous: got "The Wych Elm", but expected "Sankey's Tap House"
8736th query was erroneous: got "ABERDEEN SQUASH CLUB - RAQUETS", but expected "ABERDEENSHIRE CRICKET CLUB"
8747th query was erroneous: got "Fairways Catering Ltd", but expected "Earlsferry Thistle Golf Club"
8750th query was erroneous: got "Bullcroft Main Colliery Officials", but expected "Carcroft Village Social Club Ltd"
8762th query was erroneous: got "Carnero Lounge", but expected "House of Holes Limited"
8763th query was erroneous: got "Duke Of York", but expected "WIP Bar Ltd"
8775th query was erroneous: got "Redcar Conservative Club", but expected "MaQueens"
8784th query was erroneous: got "Old Aylestone Social Club Ltd", but expected "The Black Horse"
8797th query was erroneous: got "Duke of Wellington", but expected "KT Holding Ltd"
8803th query was erroneous: got "Golden Fleece", but expected "Hole in the Wall"
8805th query was erroneous: got "The Millipede Ale House", but expected "Larrys"
8808th query was erroneous: got "Mini Creations Studio", but expected "Denholme Conservative Club"
8809th query was erroneous: got "WM Catering Ltd", but expected "Hanley Masonic Hall Club"
8810th query was erroneous: got "Weybridge Cricket Club", but expected "The Jolly Farmer (Bar Only)"
8823th query was erroneous: got "Mill Volvo Tyne Theatre", but expected "Villa Victoria Inn"
8824th query was erroneous: got "The Drummer's Arms", but expected "The Sir Charles Napier"
8836th query was erroneous: got "Station Hotel", but expected "Kings Head"
8844th query was erroneous: got "PEN Y COB / WETHERSPOONS", but expected "THE MITRE"
8852th query was erroneous: got "The Star Inn", but expected "The Millers Arms"
8861th query was erroneous: got "Gilberts Bar", but expected "The Falcon Inn"
8865th query was erroneous: got "Pinxton Welfare Social Club", but expected "The Headstocks"
8870th query was erroneous: got "Wallyford Miners Welfare Society & Social Club", but expected "Day Today"
8876th query was erroneous: got "Towcester Mill Brewery Ltd", but expected "The Brave Old Oak"
8888th query was erroneous: got "The Cuckoo's Nest", but expected "The Ginnel"
8898th query was erroneous: got "The Railway Hotel", but expected "New Bridge Inn"
8899th query was erroneous: got "Banker's Draft", but expected "Park Tavern"
8908th query was erroneous: got "Royal Oak", but expected "Corsham Town Football Club"
8911th query was erroneous: got "Beaten Docket", but expected "The Skylark"
8912th query was erroneous: got "The Eagle and Child", but expected "The Gillygate"
8923th query was erroneous: got "The Greyhound Inn", but expected "The Pykkerell"
8926th query was erroneous: got "The White Swan", but expected "Hop Inn"
8937th query was erroneous: got "Marquis Cornwallis", but expected "Lord John Russell P.H."
8946th query was erroneous: got "Maryhill Club 90", but expected "Punch Bowl"
8957th query was erroneous: got "Bertram's", but expected "The Hermitage Inn"
8959th query was erroneous: got "Lifeboatmens Social Club", but expected "The Lowestoft Players Ltd"
8960th query was erroneous: got "St Albans Conservative Club", but expected "St Albans Bowling Club"
8961th query was erroneous: got "The Duke", but expected "The Welcome (St Leonards) LTD"
8964th query was erroneous: got "Exmouth Arms", but expected "Exmouth Conservative Club"
8966th query was erroneous: got "310 Karaoke Lounge & Cafe", but expected "Foresters Inn Ltd"
8970th query was erroneous: got "The Kraken", but expected "Lawburn Inn"
8985th query was erroneous: got "Riverside Bar", but expected "Boat And Horses"
8987th query was erroneous: got "Carousel Club", but expected "The Book In Hand Pub"
8994th query was erroneous: got "Merry Go Round/Wacky Warehouse", but expected "Jacksons Wharf"
8995th query was erroneous: got "The Castle Inn", but expected "Railway Inn"
8996th query was erroneous: got "Christinas Bistro Ltd", but expected "Harleys/Fury Murys"
8998th query was erroneous: got "Hatton Arms", but expected "Bluebell Public House"
8999th query was erroneous: got "Flower of Kent", but expected "The Royal George"
9012th query was erroneous: got "Smiths of Bourne", but expected "Pyramid Club"
9013th query was erroneous: got "Station Hotel", but expected "Crackenedge Hotel"
9015th query was erroneous: got "Cullingworth And District Conservative Club (Bar Only)", but expected "The George Hotel"
9017th query was erroneous: got "Carousel Lounge", but expected "The Bell Inn"
9024th query was erroneous: got "Bulls Head", but expected "Church Inn"
9028th query was erroneous: got "Angel Inn", but expected "Bar 33"
9037th query was erroneous: got "The Firkin Alehouse", but expected "Chambers"
9043th query was erroneous: got "Cromwells", but expected "The White Lady"
9060th query was erroneous: got "Sandbrook Vaults", but expected "The Crown"
9077th query was erroneous: got "Crown Inn", but expected "The Robin Hood"
9078th query was erroneous: got "Bierschenke", but expected "Revolution"
9080th query was erroneous: got "Dug 'n' Duck", but expected "The Real MacKay"
9083th query was erroneous: got "The Star Inn", but expected "Chequer Inn"
9090th query was erroneous: got "Chandler's Ford Central Club", but expected "THE STEEL TANK ALE HOUSE"
9091th query was erroneous: got "Leinster Arms Public House", but expected "Cleveland Arms Public House"
9097th query was erroneous: got "The Westbourne Tavern", but expected "The Cow Public House"
9102th query was erroneous: got "The White Swan", but expected "Old Malt Shovel"
9105th query was erroneous: got "The White Swan", but expected "The Royal Oak"
9108th query was erroneous: got "The Kings Arms", but expected "The Old House"
9117th query was erroneous: got "Abarbistro", but expected "The Dolphin"
9119th query was erroneous: got "Honiton Working Mens Club", but expected "The Vine Inn And Tea Room"
9123th query was erroneous: got "Barlborough Miners Welfare", but expected "Royal Oak Inn"
9128th query was erroneous: got "The Peahen", but expected "The Beehive Ph"
9131th query was erroneous: got "Chiswick Old Fire Station", but expected "The George IV"
9136th query was erroneous: got "Strathmore Cricket Club", but expected "Strathmore Rugby Club"
9145th query was erroneous: got "The George", but expected "The Stag"
9153th query was erroneous: got "The Millstone", but expected "The Royal British Legion"
9155th query was erroneous: got "The Maltshovel", but expected "The REC"
9159th query was erroneous: got "Hole In The Wall", but expected "Royal National Theatre"
9163th query was erroneous: got "The White Hart", but expected "The Green Dragon"
9168th query was erroneous: got "Mother’s Ruin", but expected "Walthamstow Conservative Club"
9170th query was erroneous: got "The Black Bush", but expected "Washington Union Club"
9187th query was erroneous: got "The Old Nags Head", but expected "Monmouth Conservative Club"
9218th query was erroneous: got "Saracens Head", but expected "Victoria Tavern"
9219th query was erroneous: got "Blue Bell", but expected "Amble Bowling Club"
9234th query was erroneous: got "The Turf", but expected "Vulcan Inn"
9236th query was erroneous: got "West Auckland Town Football Club", but expected "West Auckland WMC & Institute Ltd"
9237th query was erroneous: got "The Regent", but expected "Further North Bar"
9241th query was erroneous: got "The Athletic Bar", but expected "Frews"
9251th query was erroneous: got "Cross Keys Inn", but expected "Lambton Arms"
9253th query was erroneous: got "Hillingdon Canal Club", but expected "The Dolphin"
9258th query was erroneous: got "Smiths Arms", but expected "The Village Crossing Bar"
9259th query was erroneous: got "Bell Inn", but expected "Horse And Groom"
9260th query was erroneous: got "Whitby Fishermens Amateur Rowing Club", but expected "The Ship Inn"
9261th query was erroneous: got "Wyvern Club", but expected "Urban Social Club"
9268th query was erroneous: got "Ashton Bowling & Social Club", but expected "Thurlby Club LMRCA"
9271th query was erroneous: got "Two Steeples", but expected "The Tap And Barrel"
9273th query was erroneous: got "The Tithe Barn", but expected "Druid Arms"
9291th query was erroneous: got "Ross High Rugby Football Club", but expected "East Lothian Co-op Employees Bowling & Social Club"
9297th query was erroneous: got "Lord Nelson", but expected "Building Trades Social Club"
9310th query was erroneous: got "The white horse", but expected "The nags head"
9312th query was erroneous: got "Cumberland Arms P H", but expected "The Albion"
9315th query was erroneous: got "Bracebridge Heath Sports & Social Club", but expected "Blacksmiths Arms"
9316th query was erroneous: got "Grafton Hotel", but expected "Worksop Sea Cadets"
9317th query was erroneous: got "Sacriston Colliery Cricket Club", but expected "Sacriston Workmens Club"
9318th query was erroneous: got "The Shipwreck Brewhouse", but expected "GLASSHOUSE"
9322th query was erroneous: got "The 'Duck'", but expected "The Nest"
9326th query was erroneous: got "The Toucan", but expected "Dog & Duck Public House"
9329th query was erroneous: got "The Grebe", but expected "Swan Inn"
9331th query was erroneous: got "Graveney & Meadow", but expected "The Little Taperia"
9335th query was erroneous: got "John Jacques", but expected "Portsmouth Rail Social Club"
9338th query was erroneous: got "Freddies Bar", but expected "New Flamingos"
9344th query was erroneous: got "JK's", but expected "The Crown Inn"
9345th query was erroneous: got "Crown Paints Sports & Social Club", but expected "Anchor Hotel"
9369th query was erroneous: got "The Foundry", but expected "Urban Cocktail Kitchen"
9371th query was erroneous: got "The Lion", but expected "Waddesdon Bowls Club"
9372th query was erroneous: got "Appleby Masonic Club", but expected "Royal British Legion Club Appleby"
9375th query was erroneous: got "Catholic Social Club", but expected "The Sugar Loaf"
9382th query was erroneous: got "No 2 Church Lane", but expected "The Rabbit"
9389th query was erroneous: got "The Star And Garter", but expected "Rushden Golf Club"
9391th query was erroneous: got "The New Inn", but expected "The Blackamoor Head Hotel"
9395th query was erroneous: got "Stranraer Football Club", but expected "Wigtownshire Rugby Football Club"
9397th query was erroneous: got "Charters", but expected "Gildenburgh Adults Mess Club"
9404th query was erroneous: got "The Grapevine", but expected "Union Inn"
9418th query was erroneous: got "Hill Top Club", but expected "The Legion"
9422th query was erroneous: got "Pickled Oyster At The Eagle", but expected "The Prince George (wet Sales)"
9424th query was erroneous: got "Fitzwilliam Arms", but expected "Cobcar Sports & Social"
9437th query was erroneous: got "Potters Snooker Club", but expected "McGlones"
9456th query was erroneous: got "Railway Club", but expected "Bogarts"
9466th query was erroneous: got "Ealing Squash & Fitness Centre", but expected "The Haven Arms"
9475th query was erroneous: got "The Magnet", but expected "Deal Town Football Supporters Club"
9476th query was erroneous: got "George And Horn", but expected "Kingsclere Bowling Club"
9487th query was erroneous: got "The Con", but expected "Greenfield Hotel"
9492th query was erroneous: got "How Do You Do", but expected "The Salty Sea Dog"
9493th query was erroneous: got "Glenn Sports & Social Club", but expected "The Wishing Well"
9499th query was erroneous: got "PORTOBELLO LODGE NO 226", but expected "Espy"
9500th query was erroneous: got "DC4BARS Limited", but expected "Rose and Crown"
9502th query was erroneous: got "Chiswick Old Fire Station", but expected "The Crown"
9515th query was erroneous: got "Craghead Victory and Social Club", but expected "The Punch Bowl"
9518th query was erroneous: got "The Lord Tredegar", but expected "Morgan Arms"
9528th query was erroneous: got "The Prince Albert", but expected "Edgeley Conservative Club"
9534th query was erroneous: got "Kings Arms Public House", but expected "Pudsey St Lawrence Cricket Club"
9536th query was erroneous: got "LODGE ST MARGARET SOCIAL CLUB", but expected "The Ferry Tap"
9541th query was erroneous: got "The Royal Arms", but expected "Lodge Ben Cleuch No. 782"
9544th query was erroneous: got "Cue Point Ltd (inside the Rose and Crown)", but expected "Rose and Crown"
9548th query was erroneous: got "Smokeys", but expected "Off The Tap"
9550th query was erroneous: got "Old Oyster House", but expected "Langstone Harbour Fishermens Association"
9580th query was erroneous: got "Market Inn", but expected "Budds Bar"
9590th query was erroneous: got "Sandgate Hotel", but expected "Earl of Clarendon"
9591th query was erroneous: got "The Time Piece", but expected "West Riding"
9595th query was erroneous: got "The White Hart", but expected "M.V.D. Limited"
9600th query was erroneous: got "Billionaires", but expected "Kino Lounge"
9604th query was erroneous: got "FIERCE BEER", but expected "ARCHIBALD SIMPSON"
9609th query was erroneous: got "Cannick Tapps", but expected "The Banker"
9613th query was erroneous: got "Cricketers Pub", but expected "The Melrose"
9626th query was erroneous: got "UNIT 51", but expected "MALONE'S"
9628th query was erroneous: got "Vintage Inn", but expected "The Iron Duke"
9631th query was erroneous: got "O2 Ritz Manchester", but expected "The Salisbury"
9635th query was erroneous: got "The Vine Inn", but expected "The Vaults"
9638th query was erroneous: got "Three Horse Shoes Hotel", but expected "Barnard Castle Workingmens Club and Institute"
9642th query was erroneous: got "Calderwood Arms", but expected "The Anvil Inn"
9661th query was erroneous: got "Surbiton Masonic Hall Limited", but expected "Coronation Hall"
9662th query was erroneous: got "Sawyers Arms Public House", but expected "Mad Bishop & Bear"
9664th query was erroneous: got "Kings Arms Hotel", but expected "Jeffersons"
9670th query was erroneous: got "THE JUNCTION", but expected "Anglesey Arms"
9677th query was erroneous: got "Chatteris Cricket Club", but expected "The Honest John"
9679th query was erroneous: got "Rushden Working Mens Club", but expected "The Wheatsheaf Rushden Ltd"
9680th query was erroneous: got "Joker and Thief", but expected "Spry Wines"
9681th query was erroneous: got "Nags Head", but expected "Red Lion Public House"
9686th query was erroneous: got "LODGE TRAFALGAR", but expected "STELLA MARIS CENTRE"
9691th query was erroneous: got "Flying Horse Public House", but expected "The Meeting Place"
9698th query was erroneous: got "Albert Bar", but expected "Cox's Cafe Bar"
9702th query was erroneous: got "Bar 20", but expected "Planet Of The Grapes"
9726th query was erroneous: got "Outlook", but expected "Ukrainian Social Club"
9735th query was erroneous: got "Alma", but expected "Shakers Bar"
9739th query was erroneous: got "The Victoria", but expected "The Palm Tree"
9741th query was erroneous: got "St Mary's Community Centre", but expected "The Deacon"
9751th query was erroneous: got "Bishops Cleeve Football Club", but expected "Newlands Park Sports And Social Club"
9752th query was erroneous: got "Celadon Thai Restaurant", but expected "The Old Crown"
9761th query was erroneous: got "The Windmill", but expected "Zeitgeist @ The Jolly Gardeners"
9765th query was erroneous: got "The White Horse", but expected "Chequers Inn"
9769th query was erroneous: got "The Sinners Club", but expected "Stanley Institute"
9796th query was erroneous: got "Bradley & Colnebridge WMC", but expected "White Cross Inn"
9802th query was erroneous: got "The Royal Mortar", but expected "The British Grenadier"
9805th query was erroneous: got "The Otters Head", but expected "Glenrothes Rugby Club"
9810th query was erroneous: got "Surbiton Methodist Tennis Club", but expected "Surbiton Racket & Fitness Club"
9820th query was erroneous: got "Alma", but expected "Harwich Town Sailing Club"
9822th query was erroneous: got "DEE SWIMMING CLUB", but expected "BLUE LAMP"
9828th query was erroneous: got "Red Lion Public House", but expected "The Cock Inn"
9842th query was erroneous: got "The Windmill", but expected "Pendlebury Social Club"
9847th query was erroneous: got "The Chancery", but expected "Beckenham Theatre"
9856th query was erroneous: got "The Old Post Office", but expected "Masonic Catering"
9859th query was erroneous: got "Prince Albert", but expected "The Sun"
9870th query was erroneous: got "Basildon Snooker Centre", but expected "The Edge"
9878th query was erroneous: got "Beam and Brycg", but expected "Walton Arms"
9880th query was erroneous: got "The Pied Bull", but expected "The Rabbit Hole"
9882th query was erroneous: got "Waterfront Inn", but expected "Fairway Buoy"
9887th query was erroneous: got "Katie's", but expected "The Field"
9889th query was erroneous: got "Club K", but expected "The Bulstrode Pub"
9890th query was erroneous: got "Battersea Labour Club", but expected "Suburb SW11"
9891th query was erroneous: got "The Manchester", but expected "The Foxhall  / Reflex"
9892th query was erroneous: got "Black Horse", but expected "The British Queen"
9905th query was erroneous: got "Felixstowe Fire Station Social Club", but expected "Felixstowe Conservative Club Ltd"
9908th query was erroneous: got "Horse Shoe Bar", but expected "Motherwell Bowling Club"
9910th query was erroneous: got "All Inn (HL)", but expected "Staveley Legionaires Club"
9921th query was erroneous: got "Morley Conservative Club", but expected "The Royal"
9925th query was erroneous: got "Barfly Club Ltd", but expected "The Anchor"
9927th query was erroneous: got "The Cambridge Brew House", but expected "Admiral Casino"
9930th query was erroneous: got "The Fox", but expected "Yate Town Football Club"
9939th query was erroneous: got "Masque Haunt Public House", but expected "Britannia Public House"
9940th query was erroneous: got "Black Bull", but expected "Beau Monde Morpeth"
9944th query was erroneous: got "Emmanuel Community Church", but expected "The White Hart"
9945th query was erroneous: got "FRIENDSHIP INN (Public House)", but expected "The Railway Inn (Von's)"
9950th query was erroneous: got "Biddle Brothers", but expected "The Elderfield"
9954th query was erroneous: got "The Base", but expected "Elgins Lodge At Leven No 91"
9957th query was erroneous: got "Beith Masonic Club", but expected "Masonic Jacz"
9960th query was erroneous: got "Bartley Sailing Club Ltd", but expected "Student Bar"
9963th query was erroneous: got "Ipswich And Suffolk Club", but expected "Cock And Pye Public House"
9973th query was erroneous: got "Marcia Inn", but expected "The Ebor Inn"
9975th query was erroneous: got "Downham Market Club", but expected "The Swan Hotel"
9977th query was erroneous: got "Shipwrights arms", but expected "The alexander hay"
9981th query was erroneous: got "Victoria Inn", but expected "Black Swan Inn"
9983th query was erroneous: got "The Railway Tavern", but expected "The Old Hammam and Spa"
9988th query was erroneous: got "Watermans Arms", but expected "Barley Mow (Bar Only)"
Loading dataset (46988 vectors of length 2) to the CPU took 0.17352867126464844
Transferring dataset to the GPU took 0.21281957626342773
Loading queries (10000 vectors of length 2) to the CPU took 0.002317667007446289
Transferring queries to the GPU took 0.00012755393981933594
Performing 10000 NN queries took 1.3385169506072998
Number of erroneous queries: 1731
Transferring results to the CPU took 8.058547973632812e-05
Data: /data/courses/2026_dat471_dit066/datasets/pubs/pubs.csv, Query: /data/courses/2026_dat471_dit066/datasets/pubs/pub_queries_big.txt, Batch size: 100
