4th query was erroneous: got "Burnley Road Subscription Bowling Green  Club", but expected "The Peel Park Hotel"
5th query was erroneous: got "Herne Bay Little Theatre", but expected "Herne Bay Catholic Social Club"
6th query was erroneous: got "East dulwich tavern", but expected "The actress"
12th query was erroneous: got "The Nottingham Castle", but expected "Nolan's Freehouse"
18th query was erroneous: got "Markinch Bowling Club", but expected "Masonic Lodge"
24th query was erroneous: got "Kislingbury Bowls Club", but expected "The Olde Red Lion"
25th query was erroneous: got "The Ship And Castle", but expected "White Hart Inn"
26th query was erroneous: got "Clowns & Jesters Nightclub", but expected "The Guide Dog Alehouse Ltd"
27th query was erroneous: got "The Maybole Arms", but expected "Carrick Sports Club Trading As The Speakers"
29th query was erroneous: got "The Old George", but expected "The City & County"
37th query was erroneous: got "Co-Op Sports and Social Club", but expected "Barrow Cricket Club"
42th query was erroneous: got "The Green Man", but expected "Greene King @ The Boars Head"
50th query was erroneous: got "Lochlands Bowling Club", but expected "Corner Bar"
63th query was erroneous: got "The Fennel Street Club", but expected "Beacon Bingo"
64th query was erroneous: got "Ahir Lorenzo's Bar Restaurant", but expected "The King Of Prussia"
68th query was erroneous: got "Island Social Club", but expected "Seaham Harbour Cricket Club"
73th query was erroneous: got "Salutation Inn", but expected "Hartshill Sports and Social Club"
76th query was erroneous: got "High Street Social Club", but expected "The Waterloo Pub"
79th query was erroneous: got "White Cross Inn", but expected "Bradley & Colnebridge WMC"
80th query was erroneous: got "Angel Inn", but expected "Ynysowen Rugby Club"
88th query was erroneous: got "The Royal British Legion", but expected "The Kings Head"
89th query was erroneous: got "Archer Street Clapham", but expected "Adventure Bar"
91th query was erroneous: got "Aylsham Ex Service & Social C", but expected "The Feathers Public House"
92th query was erroneous: got "Oaka At The Mansion House", but expected "Prince Of Wales"
109th query was erroneous: got "Robin Hood Public House", but expected "The Adam & Eve Public House"
110th query was erroneous: got "The Crown", but expected "Compton Cross"
114th query was erroneous: got "Grosvenor Bar", but expected "Scottish Arts Club"
129th query was erroneous: got "Vaughan Arms", but expected "Resolven R.F.C."
131th query was erroneous: got "The Board & Elbow Ltd", but expected "Agricultural Hotel"
137th query was erroneous: got "Drapers' Bar and Restaurant", but expected "Ivy House"
157th query was erroneous: got "Ales Of The Unexpected", but expected "Westbrook Aqua Club"
158th query was erroneous: got "Corporation Pop (Hyde) Limited", but expected "Last Orders"
162th query was erroneous: got "Waverley Bar", but expected "Elders Bar"
172th query was erroneous: got "Moat House", but expected "Raf Association Club"
182th query was erroneous: got "Angels Paradise", but expected "Rose And Crown"
187th query was erroneous: got "The Plough", but expected "The Nags Head"
188th query was erroneous: got "Crown and Sceptre", but expected "Hand And Flower"
190th query was erroneous: got "Ayya", but expected "RENDEZVOUS"
193th query was erroneous: got "The Adelaide", but expected "The Railway Pub & Dining Rooms"
196th query was erroneous: got "Miners Arms", but expected "Rising Sun"
202th query was erroneous: got "The Foundry", but expected "The Chantry"
203th query was erroneous: got "Clarence Hotel", but expected "Mere Park Hotel"
219th query was erroneous: got "Harlequins", but expected "Ross's Bar"
220th query was erroneous: got "Ferry Inn", but expected "The Jolly Sailor"
221th query was erroneous: got "Silksworth W M C", but expected "St Leonards Catholic Club"
229th query was erroneous: got "Albert Road Sports And Social Club", but expected "Horley & District Constitutional Club"
231th query was erroneous: got "The Commercial Willington", but expected "Willington WMC & Institute"
246th query was erroneous: got "Goodhart-Rendel Community Hall", but expected "King William IV"
251th query was erroneous: got "Amore", but expected "Cholmondeley Arms"
261th query was erroneous: got "Churchill Inn", but expected "The Stag and Hounds"
268th query was erroneous: got "George Hotel", but expected "The Made Inn Company Ltd"
269th query was erroneous: got "The Salt Cellar", but expected "Ring O Bells"
270th query was erroneous: got "Samoan Joes", but expected "The Town Wall Tavern"
273th query was erroneous: got "Chieftain Hotel", but expected "Kings Arms"
282th query was erroneous: got "O'Neills", but expected "The Gazebo"
287th query was erroneous: got "Jameson's Bar", but expected "The 19 Club"
295th query was erroneous: got "Church Stile Inn", but expected "Sowerby Tennis & Bowling Club"
298th query was erroneous: got "The Boars Head Volare", but expected "Welcome Tavern"
302th query was erroneous: got "The Barley Mow", but expected "Chicago Deep Dish Ltd"
303th query was erroneous: got "Fetch", but expected "9 Bar"
306th query was erroneous: got "Shipley Conservative Club", but expected "Old House At Home (Bar Only)"
315th query was erroneous: got "Sunderland West Community Centre Social Club.", but expected "Chesters"
326th query was erroneous: got "New Alhambra Bar", but expected "Carousel Bar"
328th query was erroneous: got "Occidental Bar", but expected "YMCA"
329th query was erroneous: got "Foresters Arms", but expected "Junction Tavern"
330th query was erroneous: got "The Laurel Inn", but expected "Bay Hotel"
343th query was erroneous: got "Bricklayers Arms", but expected "Duke Of York Public House"
357th query was erroneous: got "The Royal British Legion", but expected "Corsham Bowls Club"
360th query was erroneous: got "The Cricketers", but expected "The Bulls Head"
375th query was erroneous: got "Willington WMC & Institute", but expected "Willington Football Club"
382th query was erroneous: got "Kennedy's Public House", but expected "Meltdown"
386th query was erroneous: got "Black Bull Hotel", but expected "Blaydon Staffs Club"
398th query was erroneous: got "Dia Y Noche", but expected "Assembly Rooms"
405th query was erroneous: got "Our Lady of Muswell Lawn Tennis Club", but expected "The Maid of Muswell"
409th query was erroneous: got "Bolton Socialist Club", but expected "The Alma"
416th query was erroneous: got "Bar So", but expected "Volunteer Inn"
419th query was erroneous: got "Green Room, Lounge Bar", but expected "Lakeside Inn"
428th query was erroneous: got "The Anchor Inn", but expected "The Moon Pub"
438th query was erroneous: got "Fox & Grapes", but expected "The Nottingham Legend"
441th query was erroneous: got "The Titchenham Inn", but expected "Coach & Horses"
463th query was erroneous: got "Anchor Bar", but expected "The Abbey Bar"
475th query was erroneous: got "The Railway Tavern", but expected "Buckhaven Bowling Club"
481th query was erroneous: got "Suttoners Sports and Social Club", but expected "Kinson Conservative Club"
492th query was erroneous: got "Bohemian Lounge Bar", but expected "St Peters Social Club"
507th query was erroneous: got "Jazz Bar", but expected "Ridley Road Market Bar"
515th query was erroneous: got "Faraday's", but expected "Sample Restaurant and Tilt Bar"
520th query was erroneous: got "The Robin", but expected "The Robin (kitchen)"
528th query was erroneous: got "Enderby Conservative Club", but expected "The New Inn"
529th query was erroneous: got "Cheers Sports Bar", but expected "The Lorne"
549th query was erroneous: got "Pulse Night Club", but expected "Dudley CVS"
552th query was erroneous: got "Cochranes Sports & Social Club", but expected "The Master Cooper"
564th query was erroneous: got "Oddfellows Arms", but expected "Dartford Masonic Club Bar"
570th query was erroneous: got "Loons", but expected "King Johns Tavern"
578th query was erroneous: got "Royal Scots Club", but expected "Six Degrees North"
579th query was erroneous: got "Mecca Bingo (Leeds)", but expected "The Wardrobe"
583th query was erroneous: got "Taste of Cyprus in The Sun", but expected "The Queens Arms"
587th query was erroneous: got "Swan Hotel", but expected "Flint Town United F.C"
590th query was erroneous: got "Blends & The Academy Bar", but expected "Jonty Farmer"
594th query was erroneous: got "Lochlands Bowling Club", but expected "Arbroath Indoor Bowling Club"
600th query was erroneous: got "The Volunteer Arms", but expected "The Eagle Inn"
601th query was erroneous: got "Foundry Arms", but expected "The Royal Mortar"
602th query was erroneous: got "The Titanic", but expected "Juniper Berry"
603th query was erroneous: got "19 Hospitality At Southwold Golf Club", but expected "The William Godell Pavilion"
608th query was erroneous: got "Jungle Rumble", but expected "Intermezzo"
609th query was erroneous: got "The Station", but expected "Obriens Cafe"
613th query was erroneous: got "The Malt Room Bars Limited", but expected "Black Isle Bar and Rooms"
614th query was erroneous: got "Paddock Institute and Conservative Club", but expected "Paddock Cricket and Bowling Club"
616th query was erroneous: got "Duke of Edinburgh", but expected "Hope and Anchor"
628th query was erroneous: got "Rossendale Club Limited", but expected "Bacup Cricket Supporters Club"
630th query was erroneous: got "Penderel's Oak", but expected "Horse & Wig"
638th query was erroneous: got "Queen Street Brewhouse", but expected "Roberts Club"
640th query was erroneous: got "Hedley Verity", but expected "The Dry Dock"
649th query was erroneous: got "18 Seven", but expected "Osborne Working Mens Club Ltd"
656th query was erroneous: got "Newcastle Companions Club", but expected "Nine"
665th query was erroneous: got "Hope & Anchor", but expected "Builders Arms"
667th query was erroneous: got "Margrettes Pool & Snooker Bar", but expected "The Old Comical"
668th query was erroneous: got "Stanley Arms", but expected "Bird in Hand"
686th query was erroneous: got "Kings Arms", but expected "The Inn at Bromyard"
687th query was erroneous: got "O'Neills", but expected "Henrys Cafe & Bar"
693th query was erroneous: got "Cramptons", but expected "Bradstow Mill"
695th query was erroneous: got "Swan Inn", but expected "The Bull Inn"
700th query was erroneous: got "Matlock Town Football Club", but expected "Edgefold Club"
715th query was erroneous: got "Robin Hood Hotel", but expected "Millhouses Park Cricket Pavilion"
720th query was erroneous: got "The Lion", but expected "Slug and Lettuce"
721th query was erroneous: got "The Crown", but expected "Brewhouse and Kitchen"
731th query was erroneous: got "Festing Hotel", but expected "Leopold Tavern"
735th query was erroneous: got "Chip N Ern (Bar Only)", but expected "Ferrands Arms (Bar only)"
745th query was erroneous: got "Ye Three Fyshes", but expected "The Three Cranes"
760th query was erroneous: got "Clansman Bar", but expected "Dunoon Argyll Masonic Lodge No. 335"
769th query was erroneous: got "Kiss Nightclub", but expected "Time Restaurant And Cocktail Bar"
771th query was erroneous: got "Hillingdon Manor Cricket Club", but expected "Prince of Wales Sahara City"
772th query was erroneous: got "The Beehive P.H", but expected "The Two Brewers"
774th query was erroneous: got "The Boot Inn", but expected "The Coach House Inn"
780th query was erroneous: got "KINGS ARMS HUNGRY HORSE", but expected "THREE MARINERS"
782th query was erroneous: got "The Grove", but expected "APNA VENUE"
783th query was erroneous: got "STRAWBERRY GARDENS HOTEL", but expected "ROYAL OAK HOTEL"
784th query was erroneous: got "Phoenix Sports Club", but expected "VCD Athletic Club"
792th query was erroneous: got "Betty Nicols", but expected "Kirk And Bear"
808th query was erroneous: got "JUNIPER GREEN BOWLING CLUB", but expected "Juniper Green Inn"
810th query was erroneous: got "The Greyhound", but expected "The Windsor Castle"
812th query was erroneous: got "Station Hotel (Bar Only)", but expected "Bridge Tavern (Bar Only)"
819th query was erroneous: got "GOLDIES", but expected "TOM BROWNS"
838th query was erroneous: got "West End Bar", but expected "Airdrie Bowling Club"
845th query was erroneous: got "The White Horse", but expected "Abingdon Royal British Legion Club"
847th query was erroneous: got "The Cheshire Cheese", but expected "The Joshua Bradley"
849th query was erroneous: got "Ardingly Inn", but expected "The Royal British Legion"
850th query was erroneous: got "The Casa", but expected "Truth Grill"
851th query was erroneous: got "101 Nightclub", but expected "Royal No 1 Club"
857th query was erroneous: got "Kings Arms Public House", but expected "Royal British Legion Mitcham Club Lt"
866th query was erroneous: got "MOO Cantina", but expected "The Cask Public House"
871th query was erroneous: got "The White Swan", but expected "The Nag's Head"
872th query was erroneous: got "Dexter Burger At The Pendleton", but expected "The Plough Public House"
874th query was erroneous: got "Blackwatch Club", but expected "Balmore Bar"
896th query was erroneous: got "AMALFI RESTAURANT & PIZZERIA", but expected "HYTHE & DISTRICT CLUB LTD"
902th query was erroneous: got "The Eldon Arms", but expected "The Raven"
913th query was erroneous: got "Bridge Inn", but expected "The Cherry Orchard"
914th query was erroneous: got "1 Town Hall Square", but expected "Vale Of Glamorgan Inn"
924th query was erroneous: got "Builders Arms", but expected "Hopetown & Whessoe WMC"
927th query was erroneous: got "Coach and Horses", but expected "Queens Head Hotel"
941th query was erroneous: got "Royal Maritime Club", but expected "The Ship And Castle"
960th query was erroneous: got "Top Derby", but expected "Admiral Casino"
963th query was erroneous: got "Hykeham Bowls Club", but expected "Hykeham PFA Sports & Social Club"
965th query was erroneous: got "Centre Point Bar", but expected "Red Lion"
967th query was erroneous: got "Stop & Rest", but expected "Shirley's Buffets @ Oswaldtwistle Social Club"
969th query was erroneous: got "The White Horse", but expected "Bristol Bowls Club"
973th query was erroneous: got "Undercliffe Cricket Club", but expected "Northcote Conservative Club (Bar only)"
974th query was erroneous: got "Bradley House Club", but expected "The Smithfield Hotel"
987th query was erroneous: got "Clarendon Arms", but expected "The Elm Tree"
990th query was erroneous: got "Baxenden Conservative Club- Wet sales only", but expected "Baxenden Cricket Club Clubhouse"
998th query was erroneous: got "Brouge Bistros Ltd", but expected "Prince Of Wales"
1001th query was erroneous: got "Cask Tavern", but expected "The Kingfisher Wetherspoons"
1021th query was erroneous: got "The Royal British Legion", but expected "White Hart Inn Hockley Ltd"
1023th query was erroneous: got "Redcar Conservative Club", but expected "Rita's Pantry"
1024th query was erroneous: got "The Kings Ford", but expected "Wishing Well"
1030th query was erroneous: got "Brixton Jamm", but expected "Crown \\& Anchor"
1035th query was erroneous: got "The King's Arms", but expected "The Willow House"
1041th query was erroneous: got "McChuills", but expected "The African Caribbean Centre"
1046th query was erroneous: got "The Garratt & Gauge", but expected "Bills Produce Store"
1050th query was erroneous: got "Wishaw Orange & Purple District 16", but expected "Imperial Bar"
1056th query was erroneous: got "The Park (Bar only)", but expected "Wibsey Conservative Club (Bar only)"
1058th query was erroneous: got "Auld Hoose", but expected "Golfers Rest"
1075th query was erroneous: got "The Tavern", but expected "Fair Isle Bowling Club"
1076th query was erroneous: got "Navigation Inn", but expected "Bulls Head"
1077th query was erroneous: got "Pictureville Bar", but expected "Jacobs Beer House"
1086th query was erroneous: got "Prince Of Wales Masonic Temple", but expected "Renfrew Bowling Club"
1093th query was erroneous: got "The Ravensgate Arms", but expected "Earl St Vincent"
1095th query was erroneous: got "Royal British Legion Club", but expected "Wearside Masonic Temple"
1097th query was erroneous: got "The Irish Club", but expected "147 Snooker Club"
1101th query was erroneous: got "Wootton Working Mens Club", but expected "Yeoman Of England"
1106th query was erroneous: got "Dubmire W M Club", but expected "Free Gardeners Arms"
1107th query was erroneous: got "Sunderland Drama Club", but expected "The Stumble Inn"
1109th query was erroneous: got "The Junction Inn", but expected "Ole Int Wall"
1110th query was erroneous: got "The Folly", but expected "Harry's Bar"
1111th query was erroneous: got "The New Inn", but expected "The Queens Head"
1114th query was erroneous: got "Grappenhall Ex Servicemens League", but expected "Springbrook"
1124th query was erroneous: got "NORTHERN BOWLING CLUB", but expected "MORRISON & GIBB SOCIAL CLUB"
1134th query was erroneous: got "The Red Lion Public House", but expected "The Saracens Head Inn"
1138th query was erroneous: got "RED LION", but expected "The 3 Horseshoes"
1139th query was erroneous: got "Plaistow Park Community Centre", but expected "The Lamb Public House"
1147th query was erroneous: got "The Belper Tap", but expected "Pump It Up Micropub"
1153th query was erroneous: got "Furnace Inn", but expected "Little Chester Ale House"
1154th query was erroneous: got "Allens Sports & Social Club", but expected "The Tilted Barrel"
1164th query was erroneous: got "The Royal Oak", but expected "Abbots Langley & District Men'S Club"
1173th query was erroneous: got "Barrel & Horn", but expected "Star And Garter"
1174th query was erroneous: got "The Seven Stars", but expected "The Horseshoe Inn"
1176th query was erroneous: got "Middlecliffe W M C", but expected "Houghton Main Welfare & Sports Club Ltd"
1181th query was erroneous: got "The Borough Arms", but expected "RISING SUN"
1184th query was erroneous: got "Windmill Club", but expected "The Warren"
1187th query was erroneous: got "THE BUG BAR", but expected "J D WETHERSPOON PLC"
1194th query was erroneous: got "The Anchor Inn", but expected "The Catherines Inn"
1208th query was erroneous: got "The Harp and Castle", but expected "Abode Cafe Bar"
1211th query was erroneous: got "Cinema Bar", but expected "Turks Head"
1213th query was erroneous: got "The Stapleton Tavern", but expected "The Old Dairy"
1237th query was erroneous: got "Bare Gentleman's Club", but expected "Galante Cafe Restaurant and Bar"
1238th query was erroneous: got "St Johns Hotel", but expected "St Vincent's Social Club"
1239th query was erroneous: got "Bowlers Rest", but expected "The Fly Half"
1251th query was erroneous: got "Bexhill Waterfront", but expected "Bexhill Sailing Club"
1253th query was erroneous: got "Old Illtydians Rfc", but expected "Splott Conservative Club"
1255th query was erroneous: got "The Angel", but expected "The Kings Arms"
1264th query was erroneous: got "Ahir Lorenzo's Bar Restaurant", but expected "Joiners Arms"
1273th query was erroneous: got "Be At One", but expected "Truth and Funki Griller"
1287th query was erroneous: got "Crosskeys Rugby Football Club Bar", but expected "Solar Strand Hotel"
1296th query was erroneous: got "Brewhouse and Kitchen Bristol", but expected "The Vittoria"
1297th query was erroneous: got "East Midlands Bridge Academy Limited", but expected "Malt Shovel"
1304th query was erroneous: got "Airlie Arms", but expected "Troll Inn"
1311th query was erroneous: got "The Windmill", but expected "The White Horse"
1321th query was erroneous: got "Railway Inn", but expected "St Andrews URC Greenwood Road"
1322th query was erroneous: got "Phoenix Cue Sports Ltd", but expected "Eastwood & District Conservative Club"
1328th query was erroneous: got "Queen's Head", but expected "Queens Head"
1332th query was erroneous: got "Ash Tree Farm", but expected "The Harvester Ashton Moss"
1347th query was erroneous: got "The New Odds Club", but expected "English in Margate"
1354th query was erroneous: got "The Kingfisher", but expected "Tom Metcalfe Centre"
1355th query was erroneous: got "Bacup Conservative Club", but expected "Welcome Arms"
1357th query was erroneous: got "Agricultural Hotel", but expected "The Station Hotel"
1358th query was erroneous: got "The Crown Inn", but expected "Sun Inn"
1375th query was erroneous: got "The Feathers", but expected "The Oddys"
1380th query was erroneous: got "Cymmer Workmens Club and Institute", but expected "Rhondda Hotel"
1382th query was erroneous: got "Queens Head", but expected "The Gordon Arms"
1383th query was erroneous: got "The Ship Inn", but expected "Anchor Inn"
1392th query was erroneous: got "Kings Head", but expected "Waltham British Legion Club"
1402th query was erroneous: got "London Stone", but expected "The George"
1408th query was erroneous: got "Frodingham Road Club", but expected "Scunthorpe Polish Social Centre Ltd"
1415th query was erroneous: got "Broadway Casino", but expected "Bowlplex"
1419th query was erroneous: got "Galleon Leisure Centre", but expected "Oceans 11"
1422th query was erroneous: got "Woolpack Inn", but expected "Gardeners Arms & Murderers Cafe Bar"
1426th query was erroneous: got "FUGGLE AND NUGGET", but expected "Burton Bridge Inn"
1430th query was erroneous: got "The Golden Cross Hotel", but expected "The Grove Inn"
1431th query was erroneous: got "The Stoke", but expected "The Kings Head"
1441th query was erroneous: got "Hampton Pier Yacht Club", but expected "The Hampton Inn"
1445th query was erroneous: got "The Bar", but expected "Revolution"
1451th query was erroneous: got "Troll Cart", but expected "The Albion"
1462th query was erroneous: got "Bedford House Community Association", but expected "Saint James United Reformed Church"
1470th query was erroneous: got "Todmorden Cricket Club - Clubhouse", but expected "Todmorden Cricket Club Tearoom"
1473th query was erroneous: got "Green Lion", but expected "Cricketers"
1481th query was erroneous: got "Bar Forty Two", but expected "The Wandering Goose"
1487th query was erroneous: got "Hilgay Rose And Crown Ltd", but expected "Hilgay Motorboat Club"
1494th query was erroneous: got "Dew Drop Inn", but expected "Kings Arms"
1502th query was erroneous: got "Marsden Cricket Club", but expected "Puleside Working Mens Club"
1513th query was erroneous: got "Spyglass And Kettle", but expected "Wigmore & District Smallholders Club"
1529th query was erroneous: got "Hexham Ex Servicemens Club", but expected "Heart Of Northumberland"
1534th query was erroneous: got "Old Sharlston Cricket Club", but expected "Sharlston Villa Club And Institute"
1536th query was erroneous: got "The Lock", but expected "Leigh Arms"
1545th query was erroneous: got "Coach & Horses", but expected "Greyhound Vaults"
1547th query was erroneous: got "Earl of Clarendon", but expected "Sandgate Hotel"
1560th query was erroneous: got "Yeadon Constitutional Club", but expected "Clothiers Arms"
1575th query was erroneous: got "Old Griffin Head", but expected "Gildersome Arms"
1577th query was erroneous: got "Plough Inn", but expected "Y Goron Fach"
1579th query was erroneous: got "'Oswaldtwistle Social Club'", but expected "The Civic Arts Centre & Theatre (Wet Sales)"
1587th query was erroneous: got "The Greyfriars Bar Ltd", but expected "The Capital Asset"
1589th query was erroneous: got "The Coach & Horses", but expected "The Gilpins Bell"
1595th query was erroneous: got "Abbey Church Centre", but expected "The Crown"
1597th query was erroneous: got "Fox & Hounds Public House", but expected "Belgravia"
1605th query was erroneous: got "The Swan Hotel", but expected "The White Hart"
1606th query was erroneous: got "New Inn", but expected "Stackhouse Bar"
1611th query was erroneous: got "The Old Post Office Pub", but expected "Bench & Bar"
1618th query was erroneous: got "Union Tavern Public House", but expected "Crowne Plaza Kings Cross"
1624th query was erroneous: got "Black Bull", but expected "Northbar (Otley)"
1626th query was erroneous: got "The Griffin", but expected "Farnworth Sports/Social Club"
1637th query was erroneous: got "Aberdour Bowling Club", but expected "Forester Arms"
1638th query was erroneous: got "The Red Rose Inn", but expected "Black Boy Hotel"
1648th query was erroneous: got "Ystrad Rhondda RFC", but expected "The Con"
1674th query was erroneous: got "The Hunters Moon", but expected "Elderlink"
1678th query was erroneous: got "SCOTT'S BAR", but expected "ABERDEEN INDOOR BOWLING CLUB"
1680th query was erroneous: got "Melrose Sports and Social Club", but expected "Masonic Hall"
1681th query was erroneous: got "Saracens Head", but expected "Ounce Bar & Kitchen"
1683th query was erroneous: got "Cleveland Inn", but expected "The Miniature"
1691th query was erroneous: got "Ansdell Institute and Social Club", but expected "Lytham Bridge Club"
1708th query was erroneous: got "ABERDEEN TRANSPORT CLUB", but expected "PITTODRIE BAR"
1710th query was erroneous: got "Cross Keys", but expected "The Paper Mills"
1718th query was erroneous: got "Barton Corn Exchange Club", but expected "The Old Mill"
1719th query was erroneous: got "Hednesford Town Football & Social Club", but expected "Littleworth Victory Working Mens Club"
1726th query was erroneous: got "Golf Club At Spital Dene And", but expected "Tynemouth Lodge Hotel"
1734th query was erroneous: got "Oak House Sports and Social Club", but expected "Victoria House Bar"
1736th query was erroneous: got "Bitter-Suite Micropub Ltd", but expected "Lichfield Conservative Club"
1744th query was erroneous: got "Barley Mow", but expected "Newbold R.F.Club"
1750th query was erroneous: got "Forrest Arms", but expected "The Alston Arms"
1754th query was erroneous: got "Halstead Masonic Hall", but expected "The Co-operative Food"
1759th query was erroneous: got "Keighley Playhouse", but expected "The Livery Rooms"
1768th query was erroneous: got "The Kings School Recreation Centre", but expected "Penny Theatre"
1772th query was erroneous: got "The Brewery Tap", but expected "Rumours"
1777th query was erroneous: got "The Greyhound", but expected "Unicorn Inn"
1781th query was erroneous: got "Shepshed Cricket Club", but expected "The Jolly Farmers"
1790th query was erroneous: got "CUBE BAR AND CLUBROOMS", but expected "CLUB DB LTD"
1796th query was erroneous: got "Crafty Crow", but expected "French 75"
1804th query was erroneous: got "Bulls Head", but expected "The Plough"
1810th query was erroneous: got "Bat & Ball Public House", but expected "The Prince Albert"
1811th query was erroneous: got "Head of Steam", but expected "Tilt"
1813th query was erroneous: got "The Grand Junction", but expected "The Wheatsheaf"
1815th query was erroneous: got "Heaven Gentlemens Club", but expected "The Yard Public House"
1817th query was erroneous: got "Newbiggin Central Club", but expected "Queens Head Hotel"
1820th query was erroneous: got "The King's Arms", but expected "The Crown Hotel"
1829th query was erroneous: got "Lobster Inn", but expected "Cleveland Hotel"
1834th query was erroneous: got "Ivy Leaf Club", but expected "Childers"
1847th query was erroneous: got "West Road Tap", but expected "The Plough"
1848th query was erroneous: got "Oakfield Park Social Club", but expected "The Bradby Club"
1853th query was erroneous: got "Nealies", but expected "Milford Social Club"
1855th query was erroneous: got "Antelope Hotel", but expected "King Charles Inn"
1868th query was erroneous: got "Glitzy Lady Ltd", but expected "Blyth & Tyne Hotel"
1871th query was erroneous: got "The Old Ship Inn", but expected "CELESTIAL"
1872th query was erroneous: got "Standard Bearer", but expected "Coventry Saracens R F C"
1881th query was erroneous: got "Bar Termini", but expected "Brewdog"
1884th query was erroneous: got "Bacchus Bar", but expected "Jolly Brewers"
1887th query was erroneous: got "Fish On The Green", but expected "The White Horse"
1894th query was erroneous: got "Brancaster 71 Club", but expected "The Ship Hotel"
1895th query was erroneous: got "Easington Lane W M C", but expected "Bonnie Pit Lad"
1900th query was erroneous: got "Boroughbridge Social Club", but expected "The Three Horse Shoes"
1909th query was erroneous: got "Davy's At St James's", but expected "Lockets"
1912th query was erroneous: got "Macclesfield Masonic Club", but expected "Chester Road Tavern"
1914th query was erroneous: got "SLATEFORD BOWLING CLUB", but expected "CROSS KEYS INN"
1919th query was erroneous: got "Old Edwardians R F C", but expected "Weddington Social Club"
1922th query was erroneous: got "Kingsthorpe Bowls Club", but expected "Whitehills Public House"
1924th query was erroneous: got "Barnsley Premier Leisure", but expected "Snydale Road Sports & Social Club"
1927th query was erroneous: got "Birtley Snooker Club", but expected "The Railway Hotel"
1943th query was erroneous: got "Queen Elizabeth Hostel", but expected "The Sands End"
1956th query was erroneous: got "Esher War Memorial Club", but expected "Hummings"
1958th query was erroneous: got "Moon Under Water", but expected "Holtwhites Sports & Social"
1959th query was erroneous: got "FERRANTI RECREATION CLUB", but expected "INVERLEITH RUGBY CLUB"
1960th query was erroneous: got "Forest Tavern The Maze", but expected "Lincolnshire Poacher"
1961th query was erroneous: got "Duke of Wellington", but expected "The Bank MicroPub"
1971th query was erroneous: got "R.A.F.A. Penguin Club", but expected "Blacksands Bar"
1974th query was erroneous: got "Albany Social Club", but expected "The Royal Oak"
1975th query was erroneous: got "Falstaff Hotel", but expected "The Bishops Finger"
1976th query was erroneous: got "Bacchus", but expected "Mushroom Bar"
1980th query was erroneous: got "The Three Tuns", but expected "The Bull Inn"
1984th query was erroneous: got "Bodega", but expected "Malt Dog"
1985th query was erroneous: got "Prince Albert Inn", but expected "Crown Hotel"
1986th query was erroneous: got "Mosborough Miners Welfare", but expected "Queens Hotel"
2003th query was erroneous: got "Allan Leonard Lewis VC (Amber Taverns Ltd)", but expected "Neath Masonic Hall"
2013th query was erroneous: got "Crown", but expected "Coastal Bar Kent (Ltd)"
2016th query was erroneous: got "Postern Gate", but expected "Warrington & District Society for Deaf"
2024th query was erroneous: got "Birkhill Inn", but expected "Birkhill Bowling Club."
2027th query was erroneous: got "The Priory Inn", but expected "The Parkville Hotel"
2034th query was erroneous: got "Moon On The Water", but expected "No 1 Refreshment Rooms"
2035th query was erroneous: got "Collycroft W M C", but expected "Miners Arms"
2038th query was erroneous: got "Bridge Inn", but expected "Flying Dutchman"
2039th query was erroneous: got "The Frog & Swan", but expected "The Salvation Army"
2041th query was erroneous: got "The Old Anchor", but expected "Kings Head & Bell"
2046th query was erroneous: got "Lost Society", but expected "The Fox & Hounds"
2048th query was erroneous: got "Ivy Leaf Club", but expected "The New Crown Public House"
2051th query was erroneous: got "Eston Institute & Working Mens Club", but expected "The Foundry North East Limited"
2056th query was erroneous: got "The Bell", but expected "New Inn"
2063th query was erroneous: got "The Gate Public House", but expected "The White Lion"
2072th query was erroneous: got "Kinghorn Bowling Club", but expected "Kinghorn Golf Club"
2073th query was erroneous: got "The clf art lounge", but expected "The clf art cafe"
2078th query was erroneous: got "South Brent Conservative Club", but expected "Packhorse"
2085th query was erroneous: got "Duke Of Cambridge", but expected "Bunga Bunga"
2090th query was erroneous: got "Kings Arms", but expected "The Harefield"
2096th query was erroneous: got "Yardley Ex Servicemens Club", but expected "New Inn"
2097th query was erroneous: got "World Headquarters", but expected "Bierex Smoke And Tap Bar"
2115th query was erroneous: got "Morpeth Conservative Club", but expected "The Electrical Wizard"
2116th query was erroneous: got "Greencroft Social Club", but expected "The Three Tuns"
2118th query was erroneous: got "The Rose & Crown", but expected "Sutton Residents Association"
2120th query was erroneous: got "The Plough Inn", but expected "Railway Staff Association Keith Club"
2121th query was erroneous: got "Platform 5", but expected "Malones"
2134th query was erroneous: got "Raikes Hall", but expected "Talbot Club"
2150th query was erroneous: got "The Fishermans Arms", but expected "The Pot House"
2152th query was erroneous: got "The mayflower", but expected "The brunel"
2161th query was erroneous: got "Stratfords Bar", but expected "TYNECASTLE ARMS"
2164th query was erroneous: got "Bowdon Lawn Tennis Club", but expected "The Stamford Arms"
2175th query was erroneous: got "Bunk", but expected "Tangs Kitchen"
2178th query was erroneous: got "Floritas Miami Bar And Tropical Gardens", but expected "The Boiler Shop"
2179th query was erroneous: got "Astley Arms", but expected "St Pauls Cricket Club (Stalybridge)"
2199th query was erroneous: got "Inn on the Green", but expected "Helen Arber Performing Arts"
2206th query was erroneous: got "Gravity", but expected "The Black Dog"
2213th query was erroneous: got "Sovereign Snooker", but expected "Elephant & Castle"
2227th query was erroneous: got "Miners Arms", but expected "Astley Labour Club"
2231th query was erroneous: got "Red Lion Public House", but expected "St Stephens Tavern"
2238th query was erroneous: got "Barnsley Wildcats", but expected "Belvedere"
2240th query was erroneous: got "Boater", but expected "Coeur De Lion Public House"
2256th query was erroneous: got "George & Dragon", but expected "The Last Post"
2259th query was erroneous: got "The Clock Inn", but expected "Carnfield Club"
2269th query was erroneous: got "The Bunkhouse", but expected "The Hanbury"
2272th query was erroneous: got "Blacksmiths Arms Ph", but expected "The Golden Lion Ph"
2276th query was erroneous: got "The Swan", but expected "The Queens Larder"
2296th query was erroneous: got "Maerdy Ex Servicemens Club", but expected "The Club House Maerdy Con"
2310th query was erroneous: got "Majors Arms", but expected "Mill Brow Snooker/Social Club"
2315th query was erroneous: got "The Saracen's Head", but expected "Royal Oak Public House"
2331th query was erroneous: got "Belushi's And St Christopher's", but expected "The Hammersmith Ram"
2337th query was erroneous: got "Polish White Eagle Club", but expected "United Services Club Ltd"
2349th query was erroneous: got "Hello Sailor", but expected "Mill Bay Inn"
2359th query was erroneous: got "Airdrie Bowling Club", but expected "West End Bar"
2365th query was erroneous: got "Hurricane Room", but expected "Kings Head"
2373th query was erroneous: got "Pissaro's Cafe Bar", but expected "The Prince Albert"
2375th query was erroneous: got "Kingsway Club", but expected "Kings Royal Hotel"
2376th query was erroneous: got "New Inn", but expected "Smugglers Den"
2392th query was erroneous: got "George & Dragon", but expected "The Bay Horse"
2395th query was erroneous: got "The Sportsman", but expected "The Sussex Arms"
2405th query was erroneous: got "The Harte Of Costessey", but expected "West End Cue Club"
2406th query was erroneous: got "Angel Inn", but expected "Mansfield Woodhouse Ex-Service"
2410th query was erroneous: got "Fanny By Gas Light", but expected "Loudoun Arms"
2417th query was erroneous: got "Peel Bar", but expected "Olivers"
2422th query was erroneous: got "West Melton WMC & Institute", but expected "Queens Hotel"
2423th query was erroneous: got "Nottingham Royal Navy Association Club Ltd", but expected "Lenton Liberal Club"
2431th query was erroneous: got "The Shooting Star", but expected "Clowns & Jesters Nightclub"
2432th query was erroneous: got "Knights Grange Sports Complex", but expected "Knights Grange Pub"
2437th query was erroneous: got "Easterford Lodge Masonic Hall", but expected "The Angel PH"
2438th query was erroneous: got "The Kenton", but expected "Mother Kellys Bottle Shop"
2442th query was erroneous: got "Fiddlers Green", but expected "Overdraught"
2444th query was erroneous: got "Malsters Arms", but expected "Globetrotters"
2454th query was erroneous: got "The Clachan", but expected "Barrachnie Inn"
2457th query was erroneous: got "Crook Town Cricket Club", but expected "Crook Masonic Hall"
2462th query was erroneous: got "BJ's Luxury Bingo Club", but expected "Hungry Horse - The Victoria Cross"
2465th query was erroneous: got "The Crow Inn", but expected "K Max Karaoke Bar"
2466th query was erroneous: got "The Southbank Bar", but expected "Trent Bridge Inn"
2467th query was erroneous: got "The Kings Head", but expected "Royal British Legion"
2468th query was erroneous: got "Diggle Band Club", but expected "The Gate Inn"
2482th query was erroneous: got "The Smoking Dog", but expected "Kings Arms Hotel"
2500th query was erroneous: got "The Brampton Halt", but expected "The Spencer Arms"
2501th query was erroneous: got "Station Hotel", but expected "The Green Tree"
2503th query was erroneous: got "Meltdown", but expected "Hemingford Arms Public House"
2506th query was erroneous: got "Rose And Crown", but expected "Dukes Head Hotel"
2513th query was erroneous: got "The Font Bar", but expected "The Cambridge"
2522th query was erroneous: got "The Berkeley Arms", but expected "The Crown"
2524th query was erroneous: got "Hopwood Arms", but expected "Thornham Cricket Club"
2531th query was erroneous: got "Branwell House Social & Sport Club", but expected "Great Northern Hotel (Bar Only)"
2535th query was erroneous: got "Bar 39 (Bar Only)", but expected "Nightrain"
2542th query was erroneous: got "FOX AND HOUNDS", but expected "STAG HOTEL"
2545th query was erroneous: got "ABERDEEN GRAMMAR SCHOOL FORMER PUPILS CLUB", but expected "GORDONIANS F.P. CLUB"
2552th query was erroneous: got "The Crown Hotel", but expected "The Flat Tops"
2564th query was erroneous: got "MacConnells Bar", but expected "The Station Bar"
2565th query was erroneous: got "Lion Inn", but expected "Horse and Groom"
2567th query was erroneous: got "Bar Republiq", but expected "FYEO"
2578th query was erroneous: got "Old Cock Kitchen", but expected "The Old Cock Inn"
2598th query was erroneous: got "Jenkins", but expected "Sherwood Manor"
2599th query was erroneous: got "Marquis of Granby", but expected "The Fat Walrus"
2600th query was erroneous: got "Coach And Horses", but expected "The Horseshoe"
2604th query was erroneous: got "The Miners Arms", but expected "Funtley Social Club"
2607th query was erroneous: got "Morris Street Club", but expected "The Even Swindon Working Mens Club & Institute Ltd"
2608th query was erroneous: got "Station Hotel", but expected "Masonic Lodge"
2611th query was erroneous: got "Rhinos", but expected "Bay Horse Hotel"
2613th query was erroneous: got "Malden Bowling Club", but expected "The Glasshouse"
2616th query was erroneous: got "The Carlton House Club - Olney", but expected "Olney Rugby Football Club"
2617th query was erroneous: got "Caledonian Bar", but expected "Invergordon Social & Rec Club"
2619th query was erroneous: got "Harlow Cricket Club", but expected "The Chequers Pub (Bar)"
2621th query was erroneous: got "Hook And Parrot", but expected "The George Hotel"
2629th query was erroneous: got "Distillers", but expected "Old Suffolk Punch"
2631th query was erroneous: got "Myddleton Arms Public House", but expected "The Smokehouse"
2632th query was erroneous: got "Brokers Wine Bar", but expected "The Counting House"
2633th query was erroneous: got "MontyÆs", but expected "The Mercat Bar & Kitchen"
2650th query was erroneous: got "Grosvenor Casinos Limited", but expected "John Walker Tavern"
2657th query was erroneous: got "Tap & T'Ales", but expected "The Grapes Inn"
2668th query was erroneous: got "Brown Trout", but expected "Bush Inn"
2684th query was erroneous: got "Coach & Horses", but expected "The Red Lantern"
2688th query was erroneous: got "Moon & Sixpence", but expected "Royal Oak"
2695th query was erroneous: got "Chapeltown W M C", but expected "Cue Ball Snooker"
2697th query was erroneous: got "Bottle & Cork", but expected "Ye Olde Foundry"
2708th query was erroneous: got "The Anchor 1774", but expected "Champagne Charlie's"
2712th query was erroneous: got "Gunmakers", but expected "The Cavendish"
2714th query was erroneous: got "Crown Inn", but expected "Pooley's"
2716th query was erroneous: got "Carlton Court Bar", but expected "The Stage Door"
2726th query was erroneous: got "Lundin Sports Club", but expected "Lundin Links Bowling Club"
2727th query was erroneous: got "Miners Arms", but expected "The Cricketers Inn"
2737th query was erroneous: got "Cross Keys", but expected "Wymondham Town Football Club"
2770th query was erroneous: got "Bugle Inn (wet Sales)", but expected "Martha Gunn"
2778th query was erroneous: got "New Inn", but expected "Wombourne Cricket Tennis Bowling & Social Club"
2781th query was erroneous: got "Harrington Arms", but expected "The White Lion - Wet Sales"
2783th query was erroneous: got "The Punch Bowl", but expected "Guppy's Enterprise Club"
2791th query was erroneous: got "The Factory Live Ltd", but expected "The Castle Ale House"
2792th query was erroneous: got "Victory Club", but expected "Wheatsheaf"
2800th query was erroneous: got "Stapenhill Football Club", but expected "The Crown"
2810th query was erroneous: got "Kingswinford Conservative Club", but expected "Swan Inn P H"
2812th query was erroneous: got "Comedy Lounge", but expected "Service Station"
2814th query was erroneous: got "Deanes House Hotel", but expected "Clock Face Public House"
2816th query was erroneous: got "Rising Sun", but expected "Goodwins Suite"
2821th query was erroneous: got "Toby Carvery", but expected "Nags Head"
2826th query was erroneous: got "How Do You Do", but expected "The Staith House"
2831th query was erroneous: got "The Duck And Tipple", but expected "Bakers Arms"
2836th query was erroneous: got "Boom Cafe Bar", but expected "Hull Deaf Centre"
2837th query was erroneous: got "The White Hart", but expected "The Three Cups"
2838th query was erroneous: got "The Slug & Lettuce", but expected "White Horse"
2844th query was erroneous: got "RAFA Club", but expected "Camden Arms"
2845th query was erroneous: got "Claret Wine Bar", but expected "The Prince Of Wales"
2854th query was erroneous: got "George Eliot Hotel", but expected "Popworld"
2855th query was erroneous: got "CLAUDE DU VALL", but expected "THEATRE CAFE BAR"
2857th query was erroneous: got "Harvest Moon", but expected "Royal British Legion Club"
2861th query was erroneous: got "The Middle Bell", but expected "RED LION"
2862th query was erroneous: got "South Shields Snooker Centre", but expected "South Shields Catholic Mens Club Ltd"
2866th query was erroneous: got "Gala Y M Social Club", but expected "Reivers Sports Bar Limited"
2876th query was erroneous: got "Gosport Conservative Club Ltd", but expected "Stoke Snooker Club"
2886th query was erroneous: got "Heriot's Cricket Club", but expected "The Inverleith"
2891th query was erroneous: got "Spotted Dog", but expected "The Inglemire"
2893th query was erroneous: got "The Green Man", but expected "Kupp"
2896th query was erroneous: got "The SalthouseNW", but expected "Harlequin Theatre"
2907th query was erroneous: got "The Cherry Orchard", but expected "Peacock Hotel"
2911th query was erroneous: got "The Dukes Head", but expected "The Cock Inn"
2929th query was erroneous: got "Peaky Blinders", but expected "Le Grog"
2938th query was erroneous: got "Royal Naval Association", but expected "Waterlooville Sports Bar"
2949th query was erroneous: got "Carlton Bingo", but expected "Downtown/Sinatras"
2956th query was erroneous: got "Blue Anchor", but expected "The Rutland"
2957th query was erroneous: got "Charisma Cocktail Bar", but expected "Minster Working Mens Club"
2962th query was erroneous: got "Doctor Browns", but expected "NOPS Club"
2971th query was erroneous: got "Thirsty", but expected "Fort St George"
2974th query was erroneous: got "New Inn", but expected "The Stable Bar"
2982th query was erroneous: got "Head Of Steam", but expected "Cumberland Arms"
2983th query was erroneous: got "Mucci's", but expected "Drapers Arms Bar & E1 Venue Bar"
2987th query was erroneous: got "Hogarths", but expected "BrewDog"
2988th query was erroneous: got "Barley Mow Hotel", but expected "The Coffee House"
2989th query was erroneous: got "Foresters Inn Ltd", but expected "Six Barrel Drafthouse Victoria"
3000th query was erroneous: got "Core", but expected "Enoteca Da Luca"
3001th query was erroneous: got "Elmbridge Arms", but expected "Weybridge Services & Social Club"
3005th query was erroneous: got "Bar At Oxley Park Golf Club Limited", but expected "Polish Catholic Club"
3016th query was erroneous: got "Beer hawk", but expected "Prince william henry"
3020th query was erroneous: got "The PavilionCommunity Sports & Social Club", but expected "The Wheatsheaf"
3023th query was erroneous: got "Nags Head", but expected "Bar Locks PH"
3027th query was erroneous: got "Bar 13", but expected "The Red Lion Public House"
3040th query was erroneous: got "Erith Veterans Club & Rotary Club Lunch Club", but expected "Cafe Vita At Erith Leisure Centre"
3043th query was erroneous: got "The Libertine", but expected "The Porterhouse"
3048th query was erroneous: got "The Boathouse", but expected "Northfield Country Club"
3055th query was erroneous: got "Basing House", but expected "Lion  and the Lamb"
3056th query was erroneous: got "Cross Keys", but expected "Coach and Horses"
3062th query was erroneous: got "Grantham Arms", but expected "The Anchor Inn"
3065th query was erroneous: got "The White Hart", but expected "Halstead Conservative Club"
3069th query was erroneous: got "Abbey Church Centre", but expected "Welsh Harp"
3070th query was erroneous: got "Black Bull", but expected "Otley Conservative Club"
3072th query was erroneous: got "Strafford Arms", but expected "P Bar Crusaders Sports Club"
3073th query was erroneous: got "Dog and Partridge", but expected "The Old Courts"
3080th query was erroneous: got "Limes Lounge", but expected "Club Chemistry"
3083th query was erroneous: got "Vintage Inn", but expected "Victoria Arms"
3089th query was erroneous: got "The Cock Inn", but expected "Rose And Crown"
3105th query was erroneous: got "Rotunda Tavern", but expected "The Victory Club"
3106th query was erroneous: got "Danderhall Miners Social Club", but expected "Edmonstone Inn"
3114th query was erroneous: got "City of London Distillery", but expected "All Bar One"
3121th query was erroneous: got "London Cocktail Club Sclater Street", but expected "Shoreditch House"
3122th query was erroneous: got "The Gun And Spitroast", but expected "Horsmonden Social Club"
3150th query was erroneous: got "George Fourth", but expected "The Gate Public House"
3153th query was erroneous: got "For Your Eyes Only", but expected "Artillery Arms Public House"
3166th query was erroneous: got "The Dandy Lion", but expected "Wike Horse"
3169th query was erroneous: got "WT's Sports Bar Ltd", but expected "Clarendon Arms"
3177th query was erroneous: got "Brymbo Conservative Club", but expected "The Miners Arms"
3182th query was erroneous: got "Charleston Bar", but expected "Kettledrum"
3202th query was erroneous: got "Wexham Park Golf Course", but expected "Golden Sands"
3205th query was erroneous: got "The Vault", but expected "The Storytellers"
3207th query was erroneous: got "Cloud 9 (Lincs) Ltd", but expected "The Jolly Brewer"
3209th query was erroneous: got "Greens Restaurant", but expected "The Kings Head"
3213th query was erroneous: got "The Corner", but expected "Ingatestone & Fryerning Community Association"
3219th query was erroneous: got "Greyhound Inn", but expected "Swaffham Conservative Club"
3225th query was erroneous: got "The Wheatsheaf", but expected "The Black Horse"
3230th query was erroneous: got "The Sportsman", but expected "The Alex"
3232th query was erroneous: got "Conservative Club", but expected "The New Entertainer"
3233th query was erroneous: got "The Irish Club", but expected "Hawthorne Hotel"
3234th query was erroneous: got "The Crown Inn", but expected "Cookhouse & Pub The Highwayman"
3256th query was erroneous: got "Fizz N Chips", but expected "The Bear Town Cock"
3264th query was erroneous: got "Grawen Arms", but expected "Rose & Crown"
3266th query was erroneous: got "The Plume of Feathers PH", but expected "The Old George"
3273th query was erroneous: got "27 Bar", but expected "310 Karaoke Lounge & Cafe"
3277th query was erroneous: got "O'Neills", but expected "The Old Gaol House"
3279th query was erroneous: got "Beerheadz", but expected "The Cutting Room"
3281th query was erroneous: got "Roman Quay", but expected "Lava Lounge Bar"
3292th query was erroneous: got "Royal British Legion Club Ltd", but expected "The Old Bell Gate"
3305th query was erroneous: got "Treehouse Restaurant", but expected "Marquis Of Granby"
3306th query was erroneous: got "Prospect Tavern", but expected "Beggar And Gentleman"
3312th query was erroneous: got "The Nelson Inn", but expected "Baker Street"
3313th query was erroneous: got "The Fountain Tavern", but expected "The Pawn"
3315th query was erroneous: got "Bar 31", but expected "JP's Bar"
3325th query was erroneous: got "Soyo", but expected "Onyx"
3337th query was erroneous: got "BBB", but expected "The Palace Hotel"
3344th query was erroneous: got "The Old Ship", but expected "The Jolly Sailor"
3349th query was erroneous: got "Karns Wine Bar", but expected "The New Plough"
3360th query was erroneous: got "Devonshire Arms", but expected "St Josephs Social Club"
3365th query was erroneous: got "Crown Inn", but expected "The Two Lifeboats"
3370th query was erroneous: got "The Duke Of Wellington", but expected "Loyal Order of Moose"
3377th query was erroneous: got "Red Lion", but expected "Shilton Vaults"
3381th query was erroneous: got "COOP MICROBAR", but expected "THE BARLEYCORN"
3393th query was erroneous: got "The Pod", but expected "The Ivy Bush Inn"
3405th query was erroneous: got "Du Vin Bouchers Limited", but expected "The Four Mary's"
3407th query was erroneous: got "Sandfield Social Club", but expected "White House Inn"
3411th query was erroneous: got "Jewel Of The Severn", but expected "The Atrium"
3419th query was erroneous: got "Jessie Mays", but expected "Etore's @ The Shandon"
3422th query was erroneous: got "Hand In Hand", but expected "The Sultan"
3424th query was erroneous: got "Seven Stars", but expected "Bradshaw Conservative Club"
3432th query was erroneous: got "Eagle Coaching Inn", but expected "The Gunners Bar"
3436th query was erroneous: got "Canal Bar & The Old Waggon and Horses", but expected "Elephant At The Market,The"
3440th query was erroneous: got "Harwood Arms", but expected "Broadway Bar And Grill"
3452th query was erroneous: got "White Swan", but expected "The White Swan"
3459th query was erroneous: got "The Lady Luck", but expected "The Black Griffin"
3461th query was erroneous: got "Wilford Farm Inn", but expected "The Tailors Arms"
3462th query was erroneous: got "Shoulder of Mutton", but expected "Blackheath Coronation Social Club"
3468th query was erroneous: got "Albion Inn (Bar Only)", but expected "Hogs Head (Bar Only)"
3479th query was erroneous: got "Sawbridgeworth Football Club", but expected "The White Horse"
3481th query was erroneous: got "Colonial Bar", but expected "The Star Inn"
3485th query was erroneous: got "Gate Clock PH (JD Wetherspoon PLC)", but expected "Olivers"
3505th query was erroneous: got "J D Wetherspoon The Star", but expected "Friends Hall"
3518th query was erroneous: got "BROCKENHURST FOOTBALL CLUB", but expected "THE HUNTSMAN OF BROCKENHURST"
3520th query was erroneous: got "Lodge Grange", but expected "Grange Golf Club"
3534th query was erroneous: got "Fair O'Blair", but expected "Dreadnought Inn"
3539th query was erroneous: got "Top Spot Snooker Club", but expected "Turnbridge Working Mens Club"
3544th query was erroneous: got "Kings Arms", but expected "Hospital Arms"
3551th query was erroneous: got "Clock Inn", but expected "Ritz Bar"
3558th query was erroneous: got "Bricklayers Arms", but expected "Crown Of Bromley"
3563th query was erroneous: got "Gomshall Village Sports and Social Club", but expected "The Compasses Inn"
3567th query was erroneous: got "Bully Wee Bar", but expected "West Of Scotland Bowling Club"
3570th query was erroneous: got "The Small Bar", but expected "The Village Inn"
3580th query was erroneous: got "PORTOBELLO LODGE NO 226", but expected "The Guild of Foresters"
3585th query was erroneous: got "Eston Institute & Working Mens Club", but expected "Queens Head"
3588th query was erroneous: got "Overstrand Conservative Club", but expected "Overstrand Court Hotel"
3590th query was erroneous: got "Caxton Arms", but expected "Duke Of Wellington"
3593th query was erroneous: got "Headington Bowls Club", but expected "The White Horse"
3598th query was erroneous: got "Planet Bar & Kitchen", but expected "Jeremiah's Tap Room"
3604th query was erroneous: got "The Beer House Chorlton (Ltd)", but expected "The Font"
3606th query was erroneous: got "Scarborough Yacht Club", but expected "Newcastle Packet"
3608th query was erroneous: got "The Flying Horse", but expected "Hudson's House"
3613th query was erroneous: got "3 Royal Anglian Regt", but expected "Crown Meadow"
3616th query was erroneous: got "Lincoln Labour Club & Institute Limited", but expected "Lincoln Jazz Cafe"
3619th query was erroneous: got "Boom Battle Bar", but expected "Woolpack Inn"
3621th query was erroneous: got "The Strath Tavern", but expected "Strathmiglo Bowling Club"
3622th query was erroneous: got "Georgic", but expected "The Butterfly And The Pig South"
3626th query was erroneous: got "Mold Alehouse", but expected "Masonic Hall (Mold) Company Ltd"
3640th query was erroneous: got "The Bull Inn", but expected "The Harrison"
3644th query was erroneous: got "Free Gardeners Arms", but expected "Dubmire W M Club"
3645th query was erroneous: got "Burgh Arms", but expected "Central Bar"
3646th query was erroneous: got "Sherborne St John Social Club", but expected "The Swan"
3651th query was erroneous: got "The Crowndale", but expected "Escape Bar & Restaurant"
3666th query was erroneous: got "Church Inn", but expected "Crown & Cushion"
3677th query was erroneous: got "The Red Lion", but expected "Bangers"
3680th query was erroneous: got "Free Trade Inn", but expected "The Tyne Bar"
3682th query was erroneous: got "Bridge Arms", but expected "The Corner Pocket"
3690th query was erroneous: got "Mecca Bingo", but expected "Station Hotel"
3691th query was erroneous: got "Head of Steam", but expected "The Royal Oak"
3696th query was erroneous: got "TRINITY HALL", but expected "HOLBURN BAR"
3705th query was erroneous: got "Louth Independent Conservative Club", but expected "The Pack Horse"
3713th query was erroneous: got "Eleusis Club", but expected "The Rose"
3717th query was erroneous: got "Back to the Buck", but expected "The Shed"
3727th query was erroneous: got "The Sloe Badger", but expected "The Ship"
3732th query was erroneous: got "THE ROYAL BINGO CLUB", but expected "GILMERTON BOWLING CLUB"
3735th query was erroneous: got "The Pipeworks Bar", but expected "Brunel Arms"
3737th query was erroneous: got "Chaplins", but expected "Ivy House"
3738th query was erroneous: got "Parkside Bowling Club", but expected "The Salisbury Arms"
3745th query was erroneous: got "Be at One", but expected "Steam Passage"
3760th query was erroneous: got "The Coach House Inn", but expected "Black Bull Hotel"
3761th query was erroneous: got "Weston Arms", but expected "Age UK Medway"
3762th query was erroneous: got "Blundell Park Hotel", but expected "New Imperial Club"
3766th query was erroneous: got "Artillery Arms Public House", but expected "The Whitecross Tap"
3768th query was erroneous: got "10 Cafe Bar", but expected "Canmore Bowling Club"
3769th query was erroneous: got "The Water Rat", but expected "Navigation Inn"
3772th query was erroneous: got "May Garland Inn", but expected "Horam Park Golf Course"
3774th query was erroneous: got "Hatfield Social Club", but expected "Eight Bells"
3778th query was erroneous: got "Millies Bar", but expected "The Red Lion Club"
3779th query was erroneous: got "Coorie In @ The Black Bull", but expected "Spur Hotel"
3781th query was erroneous: got "612 CLUB", but expected "WOODSIDE SPORTS COMPLEX"
3782th query was erroneous: got "Adam \\& Eve", but expected "The Shamrock"
3788th query was erroneous: got "Bullet Sports & Social Club", but expected "Grimethorpe W M C"
3792th query was erroneous: got "Kraftt", but expected "The Hen House"
3796th query was erroneous: got "Floodgate Ale House", but expected "Casa"
3797th query was erroneous: got "Dailly Bowling Club", but expected "Central Bar"
3806th query was erroneous: got "360 Champagne And Cocktails", but expected "Back Room"
3811th query was erroneous: got "Custom House", but expected "Connah's Quay Labour Party Social Club"
3832th query was erroneous: got "Komo", but expected "The Britannia"
3834th query was erroneous: got "Cold Harbour", but expected "Heart In Hand"
3838th query was erroneous: got "The Deal Cutter", but expected "Royal Naval Association"
3839th query was erroneous: got "Golden Fleece", but expected "The Hive"
3856th query was erroneous: got "The Shack 68", but expected "Twickenham District Masonic Council Ltd"
3867th query was erroneous: got "NORTHERN BOWLING CLUB", but expected "SMITHIES ALE HOUSE"
3868th query was erroneous: got "Orpington Conservative Club - Bar", but expected "Orpington Liberal Club"
3869th query was erroneous: got "Bar 50", but expected "The Retreat"
3871th query was erroneous: got "Taste of Cyprus in The Sun", but expected "The Sultan"
3880th query was erroneous: got "Hutton Cricket Club", but expected "St Stephens Church"
3882th query was erroneous: got "Middleton's Bar", but expected "FOUR IN HAND"
3900th query was erroneous: got "The Board Inn", but expected "Black Lion"
3916th query was erroneous: got "Prince Georges Club", but expected "The Edward Rayne"
3918th query was erroneous: got "Carpenters Arms", but expected "City Of Quebec Public Bar"
3921th query was erroneous: got "Abacus & Attica & B-Lo", but expected "Brooklyn Bar"
3927th query was erroneous: got "Royal British Legion", but expected "Beach Comber Club (Thornley Leisure Ltd)"
3935th query was erroneous: got "Dukes Head", but expected "The Winchester House Club"
3936th query was erroneous: got "Masonic/Volunteer Arms", but expected "Black Bull Inn"
3938th query was erroneous: got "Cinderford Miners Welfare Association", but expected "The Golden Lion"
3945th query was erroneous: got "The Kingshead", but expected "Royal Solent Yacht Club"
3949th query was erroneous: got "Sweyn Forkbeard", but expected "The Eight Jolly Brewers"
3966th query was erroneous: got "Black Bull", but expected "White Bull"
3967th query was erroneous: got "Carlton Club", but expected "Durham Ox"
3968th query was erroneous: got "Art School Cellars", but expected "Blackburne Arms"
3969th query was erroneous: got "Kirkley & Pakefield Community Sports & Social Club", but expected "The Carlton"
3970th query was erroneous: got "The Assembly", but expected "Lowerys Yard"
3971th query was erroneous: got "The Connaught Pub And Kitchen", but expected "Pocket Rocket"
3985th query was erroneous: got "Sandie's Bar", but expected "Coatbridge Indoor Bowling Club"
3989th query was erroneous: got "O'Briens", but expected "Prince Arthur"
4003th query was erroneous: got "Bowring Social Club", but expected "Red Lion Hotel"
4009th query was erroneous: got "Retro Bar", but expected "NB's"
4018th query was erroneous: got "The Shoulder of Mutton", but expected "The Black Bull"
4024th query was erroneous: got "The Ship Inn", but expected "Ye Olde George Inn"
4027th query was erroneous: got "Aristocrat", but expected "The Bricklayers Arms"
4032th query was erroneous: got "Victoria Inn", but expected "Hazelwood House Club"
4041th query was erroneous: got "Old Prince Of Wales", but expected "George Hotel"
4043th query was erroneous: got "The Chequers", but expected "The Common Room"
4056th query was erroneous: got "52 Canoes", but expected "Dragon Fly"
4074th query was erroneous: got "The Grocers (Micro Pub)", but expected "Cadishead Conservative Club"
4079th query was erroneous: got "The City Club", but expected "The Gatherers"
4100th query was erroneous: got "Pontardulais Workingmens Club", but expected "Wheatsheaf Hotel"
4103th query was erroneous: got "Aruba", but expected "The Clock Tower"
4104th query was erroneous: got "Fitness Pod At Middlesex University", but expected "The Claddagh Ring"
4120th query was erroneous: got "Bar Broadway", but expected "Infinity Bar"
4128th query was erroneous: got "Hope & Union", but expected "Che Bar"
4142th query was erroneous: got "Meadows Hotel", but expected "Maghull Town Hall"
4145th query was erroneous: got "Franklyn's Bar", but expected "New Alhambra Bar"
4158th query was erroneous: got "Black Bull Hotel", but expected "The Bridge"
4159th query was erroneous: got "Roman Quay", but expected "White Horse"
4163th query was erroneous: got "The globe tavern", but expected "The mudlark"
4167th query was erroneous: got "Jack's Tipple", but expected "Shoulder Of Mutton Inn"
4180th query was erroneous: got "Buzz Bingo", but expected "The Morecambe Hotel"
4187th query was erroneous: got "Bancroft Rugby Football Club", but expected "Monkhams Inn"
4193th query was erroneous: got "The Old Red Lion", but expected "Penderel's Oak"
4196th query was erroneous: got "Old England", but expected "The Piper"
4204th query was erroneous: got "Lodge St Bryde No 579", but expected "Angels Hotel"
4207th query was erroneous: got "Swan", but expected "The Byron"
4213th query was erroneous: got "Knights Of St. Columb Club", but expected "Millom Conservative Club"
4223th query was erroneous: got "Mark Moor Bowling Club", but expected "White Horse Inn"
4234th query was erroneous: got "Hope & Union", but expected "The Red Lion"
4236th query was erroneous: got "The Court House", but expected "The Civic"
4240th query was erroneous: got "Sulgrave Club", but expected "The Duchess Of Cambridge"
4241th query was erroneous: got "Central Bar", but expected "Peebles Rugby Football Club"
4243th query was erroneous: got "Be At One", but expected "Belushi's And St Christopher's"
4251th query was erroneous: got "Lamb Inn", but expected "Crown Inn"
4253th query was erroneous: got "Town Hall Tavern", but expected "The George"
4255th query was erroneous: got "Victoria Hotel", but expected "Tafarn Y Bont"
4256th query was erroneous: got "Brewed Boy Ltd", but expected "23 Bath Street"
4268th query was erroneous: got "Ealing Conservative Bowling Club", but expected "Eden Fitness"
4275th query was erroneous: got "Bell Inn", but expected "Rainbow Inn"
4277th query was erroneous: got "The Deck", but expected "Hop & Grape"
4278th query was erroneous: got "Royal British Legion", but expected "Parkview Bowling Club"
4284th query was erroneous: got "Dan McKay's", but expected "Lonsdale Bar"
4294th query was erroneous: got "Lots Road Pub & Dining room", but expected "Chelsea Ram PH"
4298th query was erroneous: got "Jolly Farmer", but expected "Manston Sports & Social Club"
4308th query was erroneous: got "The Fat Walrus", but expected "Marquis of Granby"
4311th query was erroneous: got "Arden Inn", but expected "Bold Street Social Club"
4327th query was erroneous: got "Overstrand Conservative Club", but expected "White Horse PH"
4330th query was erroneous: got "The Auld Mill", but expected "The Gluepot P.H."
4332th query was erroneous: got "Arvon Ales Ltd", but expected "The Temple Bar"
4339th query was erroneous: got "Royal British Legion Club", but expected "Ramsden Arms"
4345th query was erroneous: got "Aldersgate Welcome Inn", but expected "Young's Club"
4352th query was erroneous: got "McChuills", but expected "The 13th Note"
4358th query was erroneous: got "The Witchwood", but expected "Foresters Call"
4365th query was erroneous: got "Wheatsheaf Inn", but expected "Symington Bowling Club"
4383th query was erroneous: got "Bankside house", but expected "White hart"
4385th query was erroneous: got "The Broken Bridge", but expected "Golden Ball Public House"
4395th query was erroneous: got "Tubbs Pubb", but expected "The Spring Tavern"
4406th query was erroneous: got "Chipping Sodbury Rugby Club", but expected "The Beaufort Hunt"
4424th query was erroneous: got "United Services Club", but expected "Machen Rugby Club"
4425th query was erroneous: got "Dumfries Bowling Club", but expected "Waverley Bar"
4427th query was erroneous: got "The Brynymor Hotel", but expected "The Mill"
4437th query was erroneous: got "Slip Inn", but expected "Waggon Inn"
4440th query was erroneous: got "The Kings Arms", but expected "The Spotted Dog"
4441th query was erroneous: got "Hunters Arms", but expected "Kilburn Social Club"
4446th query was erroneous: got "Brown Bear", but expected "THOR'S Tipi Bar"
4452th query was erroneous: got "Merthyr Labour Club", but expected "Merthyr Borough Ex-Servicemen's Club"
4454th query was erroneous: got "Mr Pickwick", but expected "Milton Arms Public House"
4463th query was erroneous: got "Harvester Aylesbury", but expected "The Charter PH"
4467th query was erroneous: got "The Southern", but expected "The Dagda Bar"
4469th query was erroneous: got "Manchester United", but expected "The Bishop Blaize"
4479th query was erroneous: got "Kiss the Sky", but expected "Small Beer"
4484th query was erroneous: got "The Oyster Bed", but expected "Whitstable Rugby Football Club"
4485th query was erroneous: got "THE METROPOLITAN", but expected "LLANESCO SOCIAL CLUB"
4488th query was erroneous: got "Bear Inn", but expected "Gladstone Arms"
4499th query was erroneous: got "Bar Vino Ltd", but expected "Town Crier"
4501th query was erroneous: got "Admiral Sir John Borlase Warren", but expected "The Millipede Ale House"
4502th query was erroneous: got "Admiral Hawke", but expected "Sunbury Conservative Club"
4503th query was erroneous: got "Arundel Ex-service Mens Club", but expected "Manor Estate Social Club"
4508th query was erroneous: got "Abergavenny Conservative Club", but expected "The Bailey"
4510th query was erroneous: got "Distillers", but expected "Eventim Apollo"
4515th query was erroneous: got "Darfield Conservative Club", but expected "The Darfield"
4523th query was erroneous: got "Black Lion", but expected "The Plough Inn"
4526th query was erroneous: got "Blue Bell", but expected "Holly Hill Sports And Social Club"
4529th query was erroneous: got "Peacock Inn", but expected "The Tavern"
4539th query was erroneous: got "Wagon & Horses", but expected "The Crane"
4547th query was erroneous: got "Locomotion", but expected "Preston & Eaglescliffe Mens Club"
4548th query was erroneous: got "KNUTTON EX-SERVICEMANS CLUB", but expected "Greyhound Inn"
4555th query was erroneous: got "Old Five Bells", but expected "Queen Adelaide"
4557th query was erroneous: got "Catts Inn", but expected "The Kings Arms"
4559th query was erroneous: got "Porters Bar", but expected "BROADFIELDS"
4562th query was erroneous: got "The Red Lion", but expected "The Amsterdam Inn"
4568th query was erroneous: got "Dundas", but expected "Lodge Zetland 391"
4569th query was erroneous: got "Y Llew Coch - Mach", but expected "Skinners Arms"
4570th query was erroneous: got "Robin Hood", but expected "Oddfellows Arms"
4574th query was erroneous: got "Brooklyn Bar And Billiards", but expected "The Junction"
4579th query was erroneous: got "Pink", but expected "Gossip"
4594th query was erroneous: got "The Sharksfin", but expected "Wheelhouse"
4595th query was erroneous: got "The Blue Cow", but expected "The Angel Inn"
4596th query was erroneous: got "The Plough Inn", but expected "The Old Moray"
4605th query was erroneous: got "Chapel End Liberal Club", but expected "The Royal Oak"
4608th query was erroneous: got "The Masons Arms", but expected "Black Boy"
4611th query was erroneous: got "ARDMILLAN BOWLING CLUB", but expected "Athletic Arms"
4627th query was erroneous: got "The Malt", but expected "White Hart"
4628th query was erroneous: got "The Blue Post Public House", but expected "Genuine Liquorette"
4630th query was erroneous: got "Appledore Inn", but expected "Laceys Ale And Cider House"
4633th query was erroneous: got "Bamford Fieldhouse Cricket Club", but expected "Bamford Bowling Club"
4642th query was erroneous: got "Lourenzos", but expected "Alhambra Theatre"
4649th query was erroneous: got "O'Neills Ealing", but expected "The Riding Wine Company"
4652th query was erroneous: got "Princess of Wales", but expected "The Queens"
4655th query was erroneous: got "The White Horse", but expected "Whitwick Constitutional Club"
4657th query was erroneous: got "The Brittania", but expected "The Scruffy Duck PH"
4659th query was erroneous: got "The Swinley", but expected "Wigan Bowling Green Ltd"
4662th query was erroneous: got "The Hare Public House", but expected "The Case Is Altered Public House"
4663th query was erroneous: got "Cupar Arms", but expected "Westport Tavern"
4675th query was erroneous: got "Red Lion", but expected "Old Nicks Tavern"
4681th query was erroneous: got "Ringstead Village Social Club", but expected "The Axe And Compass"
4685th query was erroneous: got "Hunstanton Conservative Club", but expected "Hunstanton EBA Bowls Club"
4695th query was erroneous: got "The Edward Rayne", but expected "Prince Georges Club"
4696th query was erroneous: got "Heywood Civic Centre", but expected "Newmarket Hotel"
4698th query was erroneous: got "The Bridge House", but expected "Barley Mow"
4705th query was erroneous: got "Saltcoats Bowling Club", but expected "The Elms Bar"
4706th query was erroneous: got "Siddal Ex-Servicemens Club", but expected "Siddal Place Hotel"
4718th query was erroneous: got "Warwick Boat Club Ltd.", but expected "New Bowling Green"
4726th query was erroneous: got "Sailors And Soldiers Club", but expected "The Chequered Flag"
4766th query was erroneous: got "LODGE 1029 COLINTON AND CURRIE", but expected "THE WOODHALL ARMS"
4768th query was erroneous: got "Kimberworth Park", but expected "Haynook"
4775th query was erroneous: got "Formby Golf Club", but expected "Formby Artisans Golf Club"
4791th query was erroneous: got "Burns Tavern", but expected "Clansman"
4810th query was erroneous: got "Catering @ Kirklands Hotel", but expected "Outwood Working Mens Club"
4814th query was erroneous: got "Kirkburton Carlton WMC", but expected "George Inn"
4821th query was erroneous: got "Quart in a Pint Pot", but expected "The Princess of Wales"
4823th query was erroneous: got "Jokers", but expected "Ku Bar"
4834th query was erroneous: got "The Blue Anchor", but expected "The Pelham Arms"
4835th query was erroneous: got "Pier Hotel", but expected "The Ship PH"
4840th query was erroneous: got "The Glass House", but expected "Wig & Pen Public House"
4842th query was erroneous: got "Newsham Hotel", but expected "Willow Tree Inn"
4847th query was erroneous: got "Nailsea Micropub", but expected "The Coates House"
4848th query was erroneous: got "The Goat Inn", but expected "The Globe"
4851th query was erroneous: got "The Nags Head", but expected "The Plough"
4855th query was erroneous: got "London Trader", but expected "Old Hastings Club"
4859th query was erroneous: got "Lindley Masonic Hall", but expected "Marsh Liberal Club"
4878th query was erroneous: got "Onyx", but expected "Revolucion De Cuba"
4884th query was erroneous: got "Grow Hackney", but expected "Howling Hops"
4894th query was erroneous: got "Bovingdon Bowls Club", but expected "The Bell Inn"
4896th query was erroneous: got "Buckingham Arms Public House", but expected "Old Star Public House"
4903th query was erroneous: got "Frankies Wine Bar", but expected "Royal British Legion Club Ltd"
4914th query was erroneous: got "The Bell & Crown", but expected "Cosy Club"
4916th query was erroneous: got "The Argyle", but expected "The One Tun"
4919th query was erroneous: got "22 The Bar & Smokehouse", but expected "Northowram Community Sports and Activity Club"
4922th query was erroneous: got "Station Hotel", but expected "Albion Street Working Mens Club"
4928th query was erroneous: got "Old Bexley Ex Servicemans Club", but expected "Tanyard Lane Bar & Kitchen"
4937th query was erroneous: got "Flixton Ex Service Mens Club", but expected "Old Urmstonians & Stretfordian"
4947th query was erroneous: got "Eagle", but expected "Kings Arms"
4951th query was erroneous: got "Barley Mow", but expected "The Parcel Yard"
4966th query was erroneous: got "The Rep Public House", but expected "The Cricketers"
4971th query was erroneous: got "The Railway Club", but expected "Horse & Jockey"
4975th query was erroneous: got "Bar One", but expected "Arcadian Club"
4979th query was erroneous: got "H2O Bar & Lounge", but expected "Havana Blue"
4986th query was erroneous: got "The Saddle Inn", but expected "Bear And Billet"
4988th query was erroneous: got "Avenue Bar", but expected "TearAByte"
5008th query was erroneous: got "Lanchester Social Club", but expected "Black Bull Inn"
5029th query was erroneous: got "Aughton Village Hall", but expected "Aughton Lawn Tennis Club"
5037th query was erroneous: got "Flannellys", but expected "Coventry Caribbean Association"
5041th query was erroneous: got "CAPPELLO LOUNGE", but expected "OLD BULLS HEAD"
5048th query was erroneous: got "The George Inn", but expected "Ye Olde Smugglers Inne"
5061th query was erroneous: got "Bridgend Athletic RFC", but expected "Cabo Roche"
5066th query was erroneous: got "Argyle Bar", but expected "Bayview Club"
5067th query was erroneous: got "Saint James United Reformed Church", but expected "St Johns Centenary Hall"
5081th query was erroneous: got "Shepherds Port Bar", but expected "Snettisham Beach Sailing Club"
5083th query was erroneous: got "The Bull Inn", but expected "Cromwells Inn"
5098th query was erroneous: got "William The Fourth", but expected "Paradise By Way of Kensal Green"
5100th query was erroneous: got "Prince Of Wales", but expected "The Barrington Arms"
5108th query was erroneous: got "Bromley's", but expected "Old Crossleyans Rugby Union Football Club"
5110th query was erroneous: got "Golden Fleece", but expected "The Wheatsheaf"
5116th query was erroneous: got "Petts Wood Snooker Club", but expected "The Sovereign Of The Seas"
5120th query was erroneous: got "The Townhouse", but expected "Park Tavern"
5121th query was erroneous: got "Staffordshire Grill", but expected "The Swan Hotel"
5125th query was erroneous: got "The Engine Room", but expected "Bowling Green Hotel"
5127th query was erroneous: got "Castle Inn", but expected "The Punter"
5133th query was erroneous: got "The Tap And Spile", but expected "Xanders"
5137th query was erroneous: got "Dunoon Argyll Masonic Lodge No. 335", but expected "Commercial Bar"
5140th query was erroneous: got "Bar Encore", but expected "Towcester Mill Brewery Ltd"
5141th query was erroneous: got "Lodge the Bruce No 593", but expected "Friockheim Bowling Club"
5146th query was erroneous: got "White Hart Hotel", but expected "Seven Stars"
5154th query was erroneous: got "Tap 'n' Vent", but expected "Longridge Conservative Club"
5158th query was erroneous: got "The Ship At Conyer Limited", but expected "Swale Marina Club House"
5166th query was erroneous: got "Benton Conservative Club Ltd", but expected "Four Lane Ends Social Club"
5175th query was erroneous: got "Fenton Private Bowling Club", but expected "Fenton Cricket Club"
5188th query was erroneous: got "FAWLEY RBL SOCIAL CLUB LTD", but expected "NEW FOREST CHILD CARE CIC"
5189th query was erroneous: got "Barley Mow", but expected "R Bar"
5196th query was erroneous: got "The Kings Head Hotel", but expected "RAOB Club & Institute"
5197th query was erroneous: got "Royal British Legion Club", but expected "White Hart"
5208th query was erroneous: got "Tattersalls Tavern", but expected "Nag's Head Public House"
5211th query was erroneous: got "Charters", but expected "The Beehive"
5214th query was erroneous: got "The Claddagh Ring", but expected "The Greyhound"
5225th query was erroneous: got "Orocco Pier", but expected "LODGE ST MARGARET SOCIAL CLUB"
5227th query was erroneous: got "Shireoaks Inn", but expected "Worksop Cricket & Sports Club"
5230th query was erroneous: got "THE OLD GEORGE", but expected "CRICKETERS ARMS"
5231th query was erroneous: got "The Pennsylvanian", but expected "The Feathers Public House"
5233th query was erroneous: got "Masonic Hall", but expected "Lewis Bar"
5235th query was erroneous: got "Duke of York", but expected "Hop O'Clock"
5237th query was erroneous: got "Paul Kirner's Music Palace", but expected "Union Jack Ex Servicemens Club"
5243th query was erroneous: got "Limpsfield Chart Golf Club", but expected "Billys Bistro"
5247th query was erroneous: got "TAM O'SHANTER", but expected "The Brig"
5251th query was erroneous: got "Captain Kidd", but expected "Town of Ramsgate"
5254th query was erroneous: got "Tenpin Megabowl", but expected "The Grey Horse"
5255th query was erroneous: got "Sheuchan Arms", but expected "Commercial Inn"
5257th query was erroneous: got "Basingstoke Snooker Club / Academy", but expected "The Royal Oak"
5266th query was erroneous: got "Tap Room", but expected "The Regent"
5267th query was erroneous: got "Doncaster Tenpin", but expected "The Cheswold"
5271th query was erroneous: got "Hebburn Protestant Conservative Club", but expected "Hebburn Iona Club Ltd"
5272th query was erroneous: got "Against The Grain Beer Ltd", but expected "Elgin Bowling Club"
5274th query was erroneous: got "Hare and Hounds", but expected "The Griffin"
5276th query was erroneous: got "The Nelsons Arms", but expected "The Crown Inn"
5278th query was erroneous: got "Beer in Hand", but expected "Horse & Groom"
5284th query was erroneous: got "Cotswold Playhouse", but expected "Cross Hands Inn"
5285th query was erroneous: got "Cowcliffe Liberal Club", but expected "Shepherds Arms"
5292th query was erroneous: got "Anne Of Cleves", but expected "Noels Arms"
5305th query was erroneous: got "Soldiers Sailors Club (Bar Only)", but expected "The Goats Head (Bar Only)"
5316th query was erroneous: got "O'Shea's", but expected "Hibbert Arms"
5318th query was erroneous: got "Dog & Gun", but expected "Queen Victoria"
5320th query was erroneous: got "The Clock Public House", but expected "The Old Moseley Arms"
5323th query was erroneous: got "Half Moon Inn", but expected "The Boat Club"
5329th query was erroneous: got "The Lounge", but expected "The Picture Palace"
5337th query was erroneous: got "The Black Horse Inn", but expected "The George"
5338th query was erroneous: got "CROWN", but expected "ROYAL WELSH YACHT CLUB"
5347th query was erroneous: got "Alfred Tennyson", but expected "The Grenadier Public House"
5358th query was erroneous: got "The Boat", but expected "The Rising Sun"
5369th query was erroneous: got "Central Snooker", but expected "Red Lion Hotel"
5373th query was erroneous: got "Abbeydale Golf Club Ltd", but expected "Castle Inn"
5374th query was erroneous: got "The Royal Dyche", but expected "KSC 110 CLUB"
5376th query was erroneous: got "Crawcrook Social Club", but expected "Lambs Arms Inn"
5378th query was erroneous: got "The Colliery Tavern", but expected "The Crown Hotel"
5391th query was erroneous: got "Paddys Bar", but expected "O2 Academy"
5402th query was erroneous: got "Fraser's Bar", but expected "Twa Dugs"
5405th query was erroneous: got "The Little Windsor", but expected "The Lord Nelson"
5406th query was erroneous: got "Houldsworth Arms", but expected "Houldsworth Working Mens Club"
5407th query was erroneous: got "George IV Public House", but expected "All Bar One"
5414th query was erroneous: got "The Pimpernel", but expected "Crossways Inn (Bar)"
5420th query was erroneous: got "Northbar (Otley)", but expected "The Red Lion"
5425th query was erroneous: got "Newark Hall", but expected "The Crown Inn"
5429th query was erroneous: got "Rams Head", but expected "The Lord Mountbatten"
5436th query was erroneous: got "Ship Inn", but expected "Roscoe's Bar"
5437th query was erroneous: got "Westcombe Park Rugby Football Club -  Caterers", but expected "Chelsfield Lakes Golf Centre"
5438th query was erroneous: got "Saint Josephs Parish Centre", but expected "The Masons Arms"
5440th query was erroneous: got "GC Kitchen @ The Good Companions", but expected "Shakey's Kitchen - Shakespeare's Head"
5443th query was erroneous: got "Angel Vaults", but expected "Twisted Fabric"
5446th query was erroneous: got "The White Hart", but expected "Surrey Yeoman"
5448th query was erroneous: got "Fox and Goose", but expected "The Swinley"
5458th query was erroneous: got "Crown Tavern Bar", but expected "Mill Street Pub & Kitchen"
5460th query was erroneous: got "Coach & Horses", but expected "Joey's Bar"
5464th query was erroneous: got "The Bear", but expected "Market Vaults"
5472th query was erroneous: got "Sherwood Manor", but expected "The Crimson Tree"
5474th query was erroneous: got "Estuary Club", but expected "Belfair Bar"
5482th query was erroneous: got "WNSC (Shooting Club Kitchen)", but expected "Worcester Norton Sports Club"
5484th query was erroneous: got "Nelson & Railway Inn", but expected "Kimberley Institute Cricket Club"
5500th query was erroneous: got "Talacre Beach Club", but expected "Lighthouse Inn"
5504th query was erroneous: got "BJS Retail Limited @ Sass Cafe & Bar", but expected "Olea"
5506th query was erroneous: got "The Fox And Castle", but expected "The Old Windsor Club"
5511th query was erroneous: got "Industry Tap", but expected "Lord Nelson"
5512th query was erroneous: got "Bemerton Conservative Club", but expected "Salisbury & South Wilts Sports Club"
5514th query was erroneous: got "The Border Club", but expected "The Bridge"
5515th query was erroneous: got "Blair Hall (Orange Lodge Meeting Place) LOL228", but expected "Lodge Nisbet Social Club"
5519th query was erroneous: got "George Inn", but expected "Robertsbridge Club"
5520th query was erroneous: got "Bucks Head", but expected "Earl of Camden"
5527th query was erroneous: got "Bar Pina Ltd", but expected "Kelham Kitchen & Wine Bar"
5537th query was erroneous: got "The Sun Inn", but expected "The Crown Inn"
5545th query was erroneous: got "Merstham Cricket Club", but expected "Merstham Village Club"
5546th query was erroneous: got "Prince Alfred Public House", but expected "Phoenix"
5556th query was erroneous: got "White Horse Inn", but expected "Sweyn Forkbeard"
5557th query was erroneous: got "Cox's Cafe Bar", but expected "Dee Club"
5562th query was erroneous: got "New Cross Public House", but expected "Wrinkly Dog"
5564th query was erroneous: got "Garthland Social Club", but expected "Three Churches"
5565th query was erroneous: got "The Gamecock", but expected "The Shakespeare Inn"
5566th query was erroneous: got "Woodman", but expected "The Clubhouse"
5567th query was erroneous: got "Retro", but expected "Star Inn"
5570th query was erroneous: got "Ashington Royal British Legion", but expected "New Hirst & District Social Club"
5571th query was erroneous: got "Alexanders", but expected "The Castle Inn"
5574th query was erroneous: got "GARDENER'S ARMS", but expected "MECHANIC ARMS"
5588th query was erroneous: got "Beauport Caravan Park", but expected "Harrow, The"
5600th query was erroneous: got "The Turf Inn", but expected "290 Social Club"
5606th query was erroneous: got "Outwood Working Mens Club", but expected "Catering @ Kirklands Hotel"
5615th query was erroneous: got "Hop Kettle Tap & Brew", but expected "Swindon Rendezvous (The Tree)"
5617th query was erroneous: got "Brackley Band Supporters Club", but expected "The Manor"
5633th query was erroneous: got "Assembly Rooms", but expected "Farmers Inn"
5642th query was erroneous: got "The Three Horseshoes", but expected "Royal Air Force Association"
5644th query was erroneous: got "Benito Lounge", but expected "Electrik"
5651th query was erroneous: got "Fever And Zinc", but expected "Dog And Gun"
5652th query was erroneous: got "Caergwrle Social Club", but expected "Ye Olde Castle Inn"
5667th query was erroneous: got "Brew Dog", but expected "North Laine Brewhouse"
5680th query was erroneous: got "The Flat Tops", but expected "The Shack"
5685th query was erroneous: got "1320", but expected "De Vitos"
5690th query was erroneous: got "Birkenshaw Liberal Club", but expected "George IV"
5695th query was erroneous: got "Sadlers Bar and Smokehouse", but expected "The Alexandra"
5696th query was erroneous: got "Balham Bowls Club", but expected "Hagen & Hyde"
5698th query was erroneous: got "Collycroft W M C", but expected "The Mount Pleasant"
5705th query was erroneous: got "Newton Cricket Club", but expected "Matteo Events Catering At Oaklands Masonic Hall"
5706th query was erroneous: got "Upper Bolton Conservative Club (Bar Only)", but expected "The Manor House"
5709th query was erroneous: got "Castlepark Bowling Club", but expected "Preston Athletic Football Club"
5711th query was erroneous: got "Lodge of General Masons No 8", but expected "Canons Gait"
5716th query was erroneous: got "The Bank", but expected "Highland Laddie"
5726th query was erroneous: got "The Grapes", but expected "The Crown Inn"
5727th query was erroneous: got "E Casino", but expected "Masonic Hall"
5734th query was erroneous: got "Balls Brothers Shoe Lane", but expected "The White Swan"
5735th query was erroneous: got "Camblesforth Church", but expected "The New Inn"
5741th query was erroneous: got "Bar 31", but expected "Bar Central"
5745th query was erroneous: got "Warton Club", but expected "The Office at Warton"
5746th query was erroneous: got "Horse and Barge", but expected "Mackintosh's"
5748th query was erroneous: got "Southall Working Mens Club", but expected "The Underground Bar"
5754th query was erroneous: got "Army and Navy Hotel", but expected "Royal Consort"
5756th query was erroneous: got "Holly Bush", but expected "Somerville Arms"
5758th query was erroneous: got "The White House", but expected "Bridge Inn"
5760th query was erroneous: got "Crofters Arms", but expected "Ainsworth Arms"
5768th query was erroneous: got "The Windmill's End", but expected "Shoulder of Mutton"
5774th query was erroneous: got "The Wight Rock Bar", but expected "Royal British Legion & Ex Servicemens Club (Ryde) Ltd"
5777th query was erroneous: got "Burger & Bird Ltd", but expected "The Central Club"
5783th query was erroneous: got "South Coast Pub Co At The Roe Deer", but expected "Prince Of Wales PH"
5804th query was erroneous: got "Tiger", but expected "The Tiger"
5816th query was erroneous: got "Reindeer Inn", but expected "Stamford Golf Club"
5825th query was erroneous: got "Littleborough Conservative Club", but expected "Waterside Bar & Restaurant"
5827th query was erroneous: got "The Mission", but expected "Kings"
5840th query was erroneous: got "The White Swan", but expected "Kingston Arms"
5865th query was erroneous: got "Nags Head", but expected "Twisted Bunny"
5871th query was erroneous: got "Anchor Bar", but expected "Anna Thomson LTD"
5879th query was erroneous: got "The Slug And Lettuce", but expected "Fareham Masonic Club"
5884th query was erroneous: got "CORACLE TAVERN", but expected "THE SPREAD EAGLE"
5885th query was erroneous: got "Bonnyrigg Rose Social Club", but expected "Lodge Dalhousie-Bonnyrigg"
5890th query was erroneous: got "Londesborough Arms", but expected "The Griffin Inn"
5893th query was erroneous: got "BREAKNECK COMEDY CLUB", but expected "SALTOUN ARMS"
5898th query was erroneous: got "Dusty Miller", but expected "The Old Pond"
5899th query was erroneous: got "Albert Lawn Tennis Club", but expected "The Swan Hotel"
5901th query was erroneous: got "Brennan's Bar", but expected "The Vault"
5908th query was erroneous: got "Auld Hoose", but expected "Masonic Lodge"
5909th query was erroneous: got "Prego", but expected "The Oldy Club"
5910th query was erroneous: got "Flanagans of Battersea", but expected "The Mason's Arms"
5912th query was erroneous: got "Candlelight Function Venue", but expected "The Tommyfield"
5920th query was erroneous: got "Wolverton Town Bowls Club", but expected "Wolverton Sports Club"
5935th query was erroneous: got "Circus", but expected "Crown & Anchor"
5941th query was erroneous: got "Mighty Oak Tap Room", but expected "Carpenters Arms"
5943th query was erroneous: got "Oaka At The Mansion House", but expected "The royal british legion"
5944th query was erroneous: got "New Inn", but expected "THE BARLEY MOW"
5955th query was erroneous: got "The George and Dragon", but expected "The Queens Head"
5967th query was erroneous: got "Lake District Boat Club Limited", but expected "The Ship Inn"
5971th query was erroneous: got "Swan Inn", but expected "Fox and Goose Inn"
5973th query was erroneous: got "West Oxford Democrats Club Ltd", but expected "The Holly Bush"
5981th query was erroneous: got "Punch Bar & Tapas", but expected "Honley Socialist Club"
5982th query was erroneous: got "Pews Wine Bar", but expected "The Royal Oak"
6020th query was erroneous: got "Horseshoe Bar and Lounge", but expected "Robert Catering Ltd  (Black Bull Kitchen)"
6024th query was erroneous: got "Stone Street Club", but expected "Century Club"
6025th query was erroneous: got "Royal British Legion Club", but expected "Washington Hotel"
6032th query was erroneous: got "Alnwick Working Mens Club", but expected "The George Inn"
6047th query was erroneous: got "Dickens Inn", but expected "CLEVELEYS WORKING MENS CLUB"
6050th query was erroneous: got "Gorilla", but expected "O2 Ritz Manchester"
6052th query was erroneous: got "Muirhead Inn", but expected "Masonic Lodge Cadder Argyle No"
6057th query was erroneous: got "Windmill Inn", but expected "Woolpack"
6063th query was erroneous: got "Alpha Bar", but expected "McAndrews Bar"
6066th query was erroneous: got "Kilwinning Bowling Club", but expected "The Cornerhouse"
6068th query was erroneous: got "BEAR FITZROVIA", but expected "Rising Sun"
6090th query was erroneous: got "Millers Barn", but expected "The Nuthall Pub And Kitchen"
6091th query was erroneous: got "The Ram", but expected "Steins"
6092th query was erroneous: got "The Blue Sea Fish Bar", but expected "The Fiddlers Elbow"
6098th query was erroneous: got "SOFI'S BAR", but expected "The Old Dr Bells Baths"
6102th query was erroneous: got "Trent Valley House WMC", but expected "Prince of Wales"
6109th query was erroneous: got "County Bar", but expected "Lodge Clackmannan 1303"
6128th query was erroneous: got "Ivy Leaf Memorial Club", but expected "Queens Head"
6149th query was erroneous: got "Shakespeare's", but expected "The Fat Cat"
6151th query was erroneous: got "Crown Hotel", but expected "Mecca Bingo"
6165th query was erroneous: got "All Saints Parochial Centre And Club", but expected "Dodds Bar"
6171th query was erroneous: got "Atik", but expected "The Cross Foxes"
6175th query was erroneous: got "Drayton Arms", but expected "Hereford Arms (The)"
6176th query was erroneous: got "Lilicos", but expected "The Southgate"
6181th query was erroneous: got "My Festival Events Ltd", but expected "Golden Silver Suite"
6186th query was erroneous: got "The Travellers", but expected "King Henry"
6188th query was erroneous: got "Boston Social Pigeon Club", but expected "Blackfriars"
6190th query was erroneous: got "Bully Inn", but expected "Quarter Boolin' Club"
6197th query was erroneous: got "The Daleside Arms", but expected "Croxdale & Hett Working Mens Club & Institute"
6205th query was erroneous: got "The Black Bull", but expected "Wolsingham Constitutional Club & Institute"
6208th query was erroneous: got "Faber Fox", but expected "The Sparrowhawk"
6222th query was erroneous: got "Co-Op Sports and Social Club", but expected "Furness Rugby Club"
6224th query was erroneous: got "Sebright Arms", but expected "The Albion Pub"
6227th query was erroneous: got "Soundbar Skipton Ltd", but expected "Venue Sports & Music Bar"
6229th query was erroneous: got "Yums Fast Food @ The Frog", but expected "The Bulls Head Inn"
6230th query was erroneous: got "Hanham Community Centre", but expected "Jolly Sailor"
6243th query was erroneous: got "Lion", but expected "Rose And Crown"
6248th query was erroneous: got "The Attic Club", but expected "Roods Bar"
6256th query was erroneous: got "Springpark Bar", but expected "The Pinkston Bar"
6257th query was erroneous: got "Toby Carvery Festival Park", but expected "Stoke Tenpin"
6259th query was erroneous: got "Finchley United Services Club", but expected "Finchley Tavern"
6270th query was erroneous: got "Baresito", but expected "Quart Pot"
6275th query was erroneous: got "The Reed Hotel", but expected "The Baum"
6277th query was erroneous: got "Westminster Boating Base", but expected "The Grosvenor"
6279th query was erroneous: got "The Market Tavern", but expected "Queens Social Club"
6280th query was erroneous: got "Royal Exchange Public House", but expected "Monkey Puzzle Public House"
6298th query was erroneous: got "Chaplains", but expected "Union and K2"
6300th query was erroneous: got "Devon Arms Hotel - Bar Sales", but expected "Teign Brewery Inn"
6309th query was erroneous: got "Cram's Bar", but expected "Drysdale & Sons"
6318th query was erroneous: got "The Dove Freehouse and Kitchen", but expected "Off Broadway"
6320th query was erroneous: got "Fareham Working Mens Club", but expected "The Bird In Hand"
6328th query was erroneous: got "Otley Conservative Club", but expected "The Otley Tap House"
6331th query was erroneous: got "Moor beer company", but expected "The grange"
6334th query was erroneous: got "Shell-ter", but expected "Hill & Cakemore Ex Servicemans"
6335th query was erroneous: got "Budleigh Salterton Club", but expected "Salterton Arms"
6338th query was erroneous: got "Billingham Masonic Hall", but expected "Theatre Upstairs"
6342th query was erroneous: got "The Busy Bee", but expected "The Village Inn"
6346th query was erroneous: got "Charles Lamb Public House", but expected "York Public House"
6348th query was erroneous: got "G A S Bar & Bites", but expected "Chesterfield Ale House"
6352th query was erroneous: got "The Cherry Tree", but expected "The Oat Hill"
6360th query was erroneous: got "Be At One", but expected "The Victoria Inn"
6364th query was erroneous: got "Morts Wine Bar", but expected "The Regent"
6366th query was erroneous: got "Crossgates Bowling Club", but expected "The Middle Bar"
6370th query was erroneous: got "Banks Lounge Bar", but expected "The Buccaneer Public House"
6375th query was erroneous: got "Ryton Cricket Club", but expected "Ryton Masonic Hall"
6382th query was erroneous: got "The Peahen", but expected "The Snug Bar"
6386th query was erroneous: got "Gravesend Rugby Football Club (Bar)", but expected "Waterloo Tavern"
6393th query was erroneous: got "The Peacock Bar", but expected "Bradford Underground"
6404th query was erroneous: got "Du Vin Bouchers Limited", but expected "Platform 3"
6408th query was erroneous: got "All Bar One", but expected "Mooch Bar"
6416th query was erroneous: got "Cumbernauld St Andrews Lodge No 199", but expected "Cumbernauld Bowling Club"
6426th query was erroneous: got "COOPERS TAVERN", but expected "Devonshire Arms"
6429th query was erroneous: got "The Old Red Lion", but expected "George & Dragon"
6449th query was erroneous: got "Costello's Bar", but expected "Rustic"
6459th query was erroneous: got "The Old Ship", but expected "Queens Head"
6462th query was erroneous: got "The Butchers Arms", but expected "The Fleece Inn"
6467th query was erroneous: got "Denemouth Caravan Park", but expected "Parkdean Resorts Ltd"
6471th query was erroneous: got "Beer sandwich please", but expected "Brew by numbers"
6472th query was erroneous: got "The Mulberry Bush", but expected "Doggetts coat & badge"
6476th query was erroneous: got "Alexandra Hotel", but expected "British Queen"
6477th query was erroneous: got "The Kings Head", but expected "The Wynnstay Hotel"
6479th query was erroneous: got "By  The Way", but expected "Argyle Tavern"
6484th query was erroneous: got "The Lamb", but expected "Newtown Social Club"
6489th query was erroneous: got "Wagon & Horses", but expected "Lancaster Railway Club"
6490th query was erroneous: got "Henry's Cafe Bar Piccadilly", but expected "Running Footman Public House"
6509th query was erroneous: got "Bonsai Japanese Bar Bistro", but expected "The Pleasance EUSA"
6520th query was erroneous: got "Ring O'Bells", but expected "Leesa Vain Dance & Exercise Academy"
6533th query was erroneous: got "Bar 11", but expected "The Green Man"
6549th query was erroneous: got "Head Of Steam", but expected "Gibraltar Rock"
6553th query was erroneous: got "The Crooked Billet", but expected "Westside Lawn Tennis Club"
6555th query was erroneous: got "Academy Snooker Club", but expected "Boscombe Conservative Club"
6556th query was erroneous: got "Petite Maison", but expected "The Tap House"
6558th query was erroneous: got "Borough Kitchen", but expected "The Wine Barrel Group Ltd"
6568th query was erroneous: got "Freehold Tavern", but expected "Thorntree Inn"
6571th query was erroneous: got "Blarneys Free House", but expected "The New Inn"
6576th query was erroneous: got "Antwerp Arms Association @", but expected "Antwerp Arms"
6578th query was erroneous: got "Botwell Inn", but expected "Pub Punjabi"
6579th query was erroneous: got "Herd Steakhouse Ltd", but expected "The Loft, Holme House"
6581th query was erroneous: got "Old Star Public House", but expected "The Speaker Public House"
6587th query was erroneous: got "Bijou Club", but expected "City Suites Holdco Ltd"
6589th query was erroneous: got "The Carpenter's Arms", but expected "Trenton Lodge"
6592th query was erroneous: got "The Three Horse Shoes", but expected "Boroughbridge Social Club"
6594th query was erroneous: got "Rushden Town Cricket Club", but expected "Hayden Road Hatch"
6602th query was erroneous: got "West Moor And District Social Club", but expected "West Moor Community Centre Luncheon Club"
6612th query was erroneous: got "London Tavern", but expected "Ry's Bar and Grill"
6613th query was erroneous: got "The Harp Inn", but expected "New Inn"
6617th query was erroneous: got "Newtown National Club Ltd", but expected "Woolworths Sports Social Club"
6620th query was erroneous: got "Batch", but expected "The gowlett arms"
6630th query was erroneous: got "SILVERDALE CONSERVATIVE CLUB", but expected "THE SILVER BIRCH"
6639th query was erroneous: got "The Llangollen Hoptimist", but expected "Occasions"
6641th query was erroneous: got "The Wheatsheaf", but expected "The Walsall Arms"
6647th query was erroneous: got "Maidstone Bowls Club", but expected "Welcome Gym"
6649th query was erroneous: got "The Angel", but expected "Queens Head Hotel"
6655th query was erroneous: got "The Red Lion", but expected "Wooburn Working Mens Club"
6656th query was erroneous: got "Freehold Tavern", but expected "The Lamb Inn"
6660th query was erroneous: got "Barkingside Buzz Bingo", but expected "New Fairlop Oak Public House"
6667th query was erroneous: got "Butchers Arms", but expected "Ark Tavern"
6673th query was erroneous: got "Duckmanton Miners Welfare Club", but expected "The Duckmanton Hotel"
6674th query was erroneous: got "The Mortal Man", but expected "Queens Head Hotel"
6679th query was erroneous: got "The Old Times Public House", but expected "The Fat Cat Public House"
6680th query was erroneous: got "Friendship Inn", but expected "Lighthouse Inn"
6682th query was erroneous: got "Golden Pheasant", but expected "Rising Sun Bar"
6683th query was erroneous: got "The New Beehive Inn", but expected "Rose And Crown"
6694th query was erroneous: got "The Sportsman Inn", but expected "The Three Merry Lads"
6695th query was erroneous: got "Devonshire Arms", but expected "Shoulder of Mutton"
6706th query was erroneous: got "Sai La Vie", but expected "The Grange"
6708th query was erroneous: got "Perry Street Conservative Club", but expected "The Crown"
6711th query was erroneous: got "Head of Steam", but expected "Nelson"
6718th query was erroneous: got "The Friendship Inn", but expected "Boarshaw Working Mens Club"
6724th query was erroneous: got "Earl Derby", but expected "Coopers Arms"
6729th query was erroneous: got "The District Bar", but expected "The Louden Tavern"
6746th query was erroneous: got "Bar 24", but expected "The Old Swanne"
6751th query was erroneous: got "The Lounge", but expected "Winmarleigh House"
6752th query was erroneous: got "The Cardinals Hat", but expected "Lincoln Theatre Royal"
6753th query was erroneous: got "# Bar", but expected "Pre"
6758th query was erroneous: got "Bath Hotel", but expected "Harrisons 1854"
6762th query was erroneous: got "Arthur’s House Gin Kitchen and Cocktail Lounge", but expected "Willy's"
6766th query was erroneous: got "The Blue Bell", but expected "Fossgate Social"
6768th query was erroneous: got "R M A Tavern", but expected "Eastney Tavern"
6772th query was erroneous: got "The Greyfriars Bar Ltd", but expected "The Venue"
6773th query was erroneous: got "Flamborough Victoria Club & Institute", but expected "Rose and Crown"
6774th query was erroneous: got "Globe Inn", but expected "Rye R F C"
6775th query was erroneous: got "Golfers Arms Pubs & Bars Ltd", but expected "The Avenue"
6778th query was erroneous: got "Derwenthurst (Ryhope) Club Ltd", but expected "The Railway Inn"
6781th query was erroneous: got "Ruthin Conservative Club", but expected "Feathers Inn"
6782th query was erroneous: got "The Melrose", but expected "West Road Tap"
6790th query was erroneous: got "Bohemian Lounge Bar", but expected "Bridge Beers"
6791th query was erroneous: got "Krafty Kettle - Ground Floor", but expected "Phoenix Squash and Fitness Club"
6795th query was erroneous: got "The Railway Inn", but expected "Eight Bells"
6798th query was erroneous: got "Bulls Head", but expected "Cortonwood Miners Welfare"
6799th query was erroneous: got "Bonsai Japanese Bar Bistro", but expected "La Sal"
6803th query was erroneous: got "Club Horizon and The Granary", but expected "Crown Inn"
6805th query was erroneous: got "The Bridge", but expected "Penistone Royal British Legion"
6809th query was erroneous: got "The Lincoln Arms", but expected "Ye Olde White Horse"
6810th query was erroneous: got "Fox & Hounds", but expected "Melbourne Arms"
6814th query was erroneous: got "The Kings Head", but expected "Ye Shakespeare"
6815th query was erroneous: got "Cheers Bar", but expected "Angels Place"
6817th query was erroneous: got "Cherry", but expected "Wentworth Arms"
6822th query was erroneous: got "Origins", but expected "The Cross Keys"
6834th query was erroneous: got "The Bull Inn", but expected "The Dolphin Inn"
6850th query was erroneous: got "The Bulls Head", but expected "Callington Social Club"
6875th query was erroneous: got "Kirkintilloch Miners Welfare And Social Club", but expected "The Kirky Puffer"
6882th query was erroneous: got "RNA Uxbridge", but expected "Royal Naval Association"
6887th query was erroneous: got "Storm Queen", but expected "Quarter Gill"
6892th query was erroneous: got "The Bell", but expected "Leytonstone Tavern"
6906th query was erroneous: got "Slug And Lettuce", but expected "The Old Vine"
6907th query was erroneous: got "The Badger Hounds", but expected "The Brown Cow"
6912th query was erroneous: got "Stewart Bowling Club", but expected "Pocklington Rugby Union"
6927th query was erroneous: got "Leo's Bar", but expected "The Victoria"
6943th query was erroneous: got "Thirst Youth Cafe", but expected "The Port Jackson"
6950th query was erroneous: got "The Coal Face", but expected "The Volunteer Arms Licensed Coffee Bar"
6961th query was erroneous: got "The Blue Pig", but expected "Wolvey Bowling Club"
6963th query was erroneous: got "Whalley Range Cricket & Tennis Club", but expected "Whalley Range Amateur Football Club"
6967th query was erroneous: got "The Kings Arms", but expected "Rotherfield Sports Club North Street"
6969th query was erroneous: got "Boolers Cafe", but expected "Bar Yellow"
6984th query was erroneous: got "Dittons & Hinchley Wood RBL Club", but expected "The George Evelyn Pub & Gardens"
6985th query was erroneous: got "The Cricketers", but expected "The Old Ship"
6989th query was erroneous: got "Jolly Fisherman", but expected "The Oak"
6990th query was erroneous: got "Airlie Arms", but expected "Ferrari's"
6995th query was erroneous: got "Ingatestone & Fryerning Community Association", but expected "The Corner"
7001th query was erroneous: got "Bar 1898", but expected "Finnians"
7011th query was erroneous: got "Mill Volvo Tyne Theatre", but expected "Raffertys"
7013th query was erroneous: got "Gosport Pool Arena", but expected "The Fox"
7016th query was erroneous: got "Kings Arms", but expected "The Court House"
7025th query was erroneous: got "Barlestone St Giles Sports And Social Club", but expected "The Three Tuns"
7030th query was erroneous: got "The Pennsylvanian", but expected "Rickmansworth Conservative Club Ltd"
7039th query was erroneous: got "Jurnets", but expected "The Berstrete Gates"
7046th query was erroneous: got "The Selden Arms", but expected "The Corner House"
7064th query was erroneous: got "General Browning Club", but expected "The Duke Of Wellington"
7065th query was erroneous: got "Prince Bonaparte Public House", but expected "The Globe"
7068th query was erroneous: got "Barrio", but expected "Bar San Juan"
7080th query was erroneous: got "Legends", but expected "New Tavern"
7088th query was erroneous: got "The Antelope", but expected "Gordon Bennett bar & kitchen"
7092th query was erroneous: got "Bison Beer", but expected "Tisburys (Libation)"
7095th query was erroneous: got "The County Restaurant", but expected "The Royal Telegraph"
7113th query was erroneous: got "The Greenman", but expected "New Inn"
7117th query was erroneous: got "London Apprentice", but expected "Town Wharf"
7141th query was erroneous: got "Jesmond Arms", but expected "Southcoates Social Club"
7148th query was erroneous: got "Recreation Club", but expected "Sun Inn"
7152th query was erroneous: got "Birchwood Leisure & Tennis Centre", but expected "The Peacock"
7159th query was erroneous: got "The Crown", but expected "Royal British Legion"
7163th query was erroneous: got "Angels Gentlemens Club", but expected "The Billiard Hall"
7171th query was erroneous: got "Blue Anchor", but expected "Crowborough Tennis And Squash Club"
7175th query was erroneous: got "Flat, White Hart P H", but expected "Roydon Village Hall"
7181th query was erroneous: got "Bushey Bowling Club", but expected "Horse And Chains"
7186th query was erroneous: got "Chaloner Masonic Hall Association", but expected "Kings Arms Hotel"
7188th query was erroneous: got "Helsinki", but expected "The Soundhouse"
7191th query was erroneous: got "Roman Bank Bingo & Social Club", but expected "The Lumley"
7193th query was erroneous: got "Crown Inn P H", but expected "The Crabmill"
7202th query was erroneous: got "Goudhurst Club", but expected "The Vine"
7203th query was erroneous: got "Quart in a Pint Pot", but expected "Bowling Club"
7206th query was erroneous: got "The Boars Head", but expected "The Brown Cow"
7209th query was erroneous: got "Bradgate WMC", but expected "The Wilton"
7211th query was erroneous: got "Moo Moo Club Rooms", but expected "Will Adams PH"
7215th query was erroneous: got "Anchor", but expected "Joiners Arms"
7222th query was erroneous: got "The Grapes", but expected "Pogue Mahone"
7226th query was erroneous: got "Southport Football Club", but expected "Thatch & Thistle"
7230th query was erroneous: got "Buddies", but expected "Castaways"
7235th query was erroneous: got "The Wren's Nest", but expected "The Railway Medina"
7237th query was erroneous: got "Lincoln Labour Club & Institute Limited", but expected "Royal William"
7242th query was erroneous: got "The Sneyd Arms", but expected "Victory W.M.C & Institute Ltd"
7258th query was erroneous: got "Saith Seren", but expected "Wrexham & District War Memorial Club Ltd"
7264th query was erroneous: got "Astley Bridge Conservative Club", but expected "The Pineapple"
7267th query was erroneous: got "Falkirk Indoor Bowling Club", but expected "The Roman Bar"
7274th query was erroneous: got "Bar 147- Snooker Club", but expected "Manhattan Bar"
7277th query was erroneous: got "Railway Tavern", but expected "The Welcome Club"
7289th query was erroneous: got "Catherine Wheel, The", but expected "Newbury Conservative Club"
7295th query was erroneous: got "Anchor Inn", but expected "Petite Maison"
7297th query was erroneous: got "Chopwell Masonic Hall", but expected "The Central"
7303th query was erroneous: got "The Jugged Hare", but expected "Barbican Bars"
7309th query was erroneous: got "Dutton Arms", but expected "Yates Wine Lodge"
7314th query was erroneous: got "Alfred", but expected "Meanwood Conservative Club"
7316th query was erroneous: got "CUTTER'S WHARF", but expected "CHARACTER'S CAFE BAR"
7317th query was erroneous: got "The Sycamore", but expected "The Warrington Arms"
7318th query was erroneous: got "The Cutter Hotel", but expected "Weymouth Sailing Club"
7323th query was erroneous: got "Bricklayers Arms PH", but expected "The Half Moon"
7324th query was erroneous: got "The Ightham Club", but expected "The George And Dragon"
7329th query was erroneous: got "The Pack Horse Inn", but expected "Stanhope Masonic Club"
7334th query was erroneous: got "Egham Constitutional Club", but expected "Egham Band Social Club"
7338th query was erroneous: got "The Rose of York", but expected "The Roebuck"
7341th query was erroneous: got "Airdrie District Lol No 1", but expected "Harty's Function Suite"
7345th query was erroneous: got "Brechin Arms", but expected "City Royal Bar"
7347th query was erroneous: got "The Hasland Hotel", but expected "Hasland Hops Ltd (opening April)"
7352th query was erroneous: got "Jolly Brewmaster", but expected "Cheltenham Bridge Club"
7358th query was erroneous: got "Cartergate Social Club", but expected "National Reserve Club"
7359th query was erroneous: got "HOP INN", but expected "KNUTTON EX-SERVICEMANS CLUB"
7360th query was erroneous: got "Segton Inn", but expected "Cosy Corner"
7364th query was erroneous: got "Hare And Hounds", but expected "Old Anchor Inn"
7380th query was erroneous: got "The Carlton Club Low Fell Limited", but expected "Associates Club"
7383th query was erroneous: got "Rock Cafe", but expected "Queenies"
7398th query was erroneous: got "The Windmill Pub", but expected "Brighton Beer Dispensary"
7401th query was erroneous: got "Slug and Lettuce Public House", but expected "The George Public House"
7403th query was erroneous: got "Occidental Bar", but expected "Masonic Lodge Social Club"
7404th query was erroneous: got "Blaina Bowls Club Ltd", but expected "The Moose Hall"
7413th query was erroneous: got "Black Swan", but expected "White Swan"
7428th query was erroneous: got "Albert Arms", but expected "The Bear"
7436th query was erroneous: got "Bar Strada", but expected "Laigh Bent Sports Club"
7446th query was erroneous: got "Haslingden Trades Club", but expected "Irish Democratic Club"
7450th query was erroneous: got "Station Hotel", but expected "J D Wetherspoon Plc"
7454th query was erroneous: got "The Fitzgerald Arms", but expected "The Royal Oak"
7455th query was erroneous: got "Ivinghoe Golf Club", but expected "Rose And Crown"
7456th query was erroneous: got "Vine Hotel", but expected "The Waterfront"
7465th query was erroneous: got "Blast Furnace Inn", but expected "Lord Nelson"
7472th query was erroneous: got "Hartlepool Snooker and Social Club", but expected "Stranton Social Club"
7480th query was erroneous: got "Il Calabrese", but expected "The Kings Head"
7482th query was erroneous: got "Dimples", but expected "Lawrence Cloisters Trust Ltd"
7484th query was erroneous: got "The Peacock Inn", but expected "Lincoln Hospital Sports & Social Club"
7486th query was erroneous: got "Ye  Olde Pub Company Ltd", but expected "The Clapton Hart"
7492th query was erroneous: got "The Kings Arms", but expected "The Crown Inn"
7503th query was erroneous: got "Solent Students Union - Catering", but expected "The Edge Night Club"
7508th query was erroneous: got "Green Man", but expected "Reform Inn"
7509th query was erroneous: got "King Johns Tavern", but expected "Sam's Snooker and American Pool"
7510th query was erroneous: got "Sidcup Recreation Club", but expected "The Hoppers Hut"
7515th query was erroneous: got "Vale Tavern", but expected "Conqueror Alehouse"
7524th query was erroneous: got "Grantham Squash Club", but expected "The Farrier"
7531th query was erroneous: got "Brynmawr Social Club", but expected "The Royal Exchange"
7533th query was erroneous: got "Bar Vino Ltd", but expected "Club Bar And Grill @ Club Woodham"
7534th query was erroneous: got "Jimmy's Sports Bar", but expected "St James Wmc"
7540th query was erroneous: got "The Royal Oak", but expected "The Piccadilly Inn"
7549th query was erroneous: got "Bogarts", but expected "St Clair Tavern"
7565th query was erroneous: got "Elmton Road Social And Working Mens Club", but expected "Ours"
7568th query was erroneous: got "Barony Bar", but expected "Police Scotland Club"
7571th query was erroneous: got "MURRAYFIELD INDOOR SPORTS CLUB", but expected "ROSEBURN BAR"
7576th query was erroneous: got "West End Working Mens Club", but expected "Ukranian Social Club"
7580th query was erroneous: got "Birstall Irish Democratic League Club", but expected "The Princess Ballroom"
7587th query was erroneous: got "The King Arthur", but expected "The Station Inn"
7592th query was erroneous: got "Rose and Crown", but expected "The Bushel & Strike"
7595th query was erroneous: got "Enfield Town Conservative Club", but expected "The Old Wheatsheaf"
7596th query was erroneous: got "Life Nightclub", but expected "The George"
7597th query was erroneous: got "The Windsor", but expected "Joey Orrys"
7599th query was erroneous: got "Nation Of Shopkeepers", but expected "Players Bar"
7603th query was erroneous: got "The Woodlands Tavern", but expected "The Red Lion"
7607th query was erroneous: got "Boca Cafe Bar", but expected "The Tipsy Cow"
7614th query was erroneous: got "The Kings Arms", but expected "The Castle"
7615th query was erroneous: got "Blu Magic inside Oryan Cocktail Bar", but expected "The Midland"
7616th query was erroneous: got "The Lansdowne", but expected "The Pembroke Castle"
7628th query was erroneous: got "The Tiger Inn", but expected "Original Keys"
7629th query was erroneous: got "The White Swan", but expected "The White Hart"
7634th query was erroneous: got "The Spotted Cow", but expected "Hen & Chicken"
7645th query was erroneous: got "FYEO", but expected "Slug & Lettuce"
7654th query was erroneous: got "Boat And Horses", but expected "Riverside Bar"
7673th query was erroneous: got "Ancient Mariner", but expected "The George Payne"
7677th query was erroneous: got "Old House", but expected "Jeckyll & Hyde"
7682th query was erroneous: got "The Crossed Shuttle", but expected "Bojangles"
7685th query was erroneous: got "Whelan's free house", but expected "Surdoc social club ltd"
7686th query was erroneous: got "Bridge Wine Bar", but expected "Bread & Roses"
7694th query was erroneous: got "Merrie Monk", but expected "Manor Castle Inn"
7701th query was erroneous: got "Bar Noosh / The Club", but expected "Niche"
7711th query was erroneous: got "Wellington Tavern", but expected "The Time Piece"
7720th query was erroneous: got "Ironmaster", but expected "The Albion Inn"
7725th query was erroneous: got "Bike N Hounds", but expected "The Albion"
7733th query was erroneous: got "Cask And Glass Public House", but expected "Buckingham Arms Public House"
7734th query was erroneous: got "Bull Inn", but expected "The Last Post"
7736th query was erroneous: got "Godfrey Morgan", but expected "Hot Rocks"
7753th query was erroneous: got "Bamboo Door", but expected "The Leadmill"
7755th query was erroneous: got "Caversham Health & Fitness Club", but expected "Caversham Working Mens Club"
7756th query was erroneous: got "Kro Bar", but expected "532 Bar & Kitchen"
7767th query was erroneous: got "Beer Merchants Tap", but expected "Hurk Ltd, Beer and BBQ"
7775th query was erroneous: got "Sichuan Savour", but expected "St George Hotel"
7782th query was erroneous: got "Cambridgeshire Hunter", but expected "Hare & Hounds"
7791th query was erroneous: got "J D Wetherspoon Plc", but expected "The Bay Hop"
7793th query was erroneous: got "Apollo Bar & Venue", but expected "Indigo Alley"
7796th query was erroneous: got "The Hoop & Grapes", but expected "White Swan"
7800th query was erroneous: got "The Draft House", but expected "The Grove Bar And Restaurant"
7811th query was erroneous: got "Kay's Bar", but expected "THE WALLY DUG"
7823th query was erroneous: got "Brafield Working Mens Club", but expected "The Red Lion"
7824th query was erroneous: got "Cactus Cafe And Bar", but expected "Deniz's Social Club"
7844th query was erroneous: got "The Holy Hobo", but expected "The Carriage"
7847th query was erroneous: got "The La'l Nook", but expected "Kirkby Stephen Sports & Social Club"
7857th query was erroneous: got "The Old Cross", but expected "The Park Tavern"
7861th query was erroneous: got "The Earl Of Manvers", but expected "The Second Bridge Nightclub"
7870th query was erroneous: got "Arlington Hotel", but expected "Golden Lion"
7871th query was erroneous: got "Coco Momo", but expected "Gloucester Arms"
7875th query was erroneous: got "The Greasley Castle", but expected "The New Inn"
7877th query was erroneous: got "The Bridle Path", but expected "The One Eyed Stag"
7883th query was erroneous: got "Lumphinnans Bowling Club", but expected "Lumphinnans United AFC Clubhouse"
7885th query was erroneous: got "No 1 Grange Road", but expected "The Old Bell Inn"
7887th query was erroneous: got "Masonic Hall Co. Ltd - Catering for All Occasions", but expected "Hogarths"
7888th query was erroneous: got "Blackburn Leisure", but expected "Red Hawk"
7896th query was erroneous: got "Angels", but expected "The Duke Of Cambridge"
7908th query was erroneous: got "Arkwrights", but expected "Emmanuel Social  Club"
7913th query was erroneous: got "South Benfleet Social Club", but expected "Boyce Hill Golf & Country Club"
7918th query was erroneous: got "Innishmohr and Function Room", but expected "The Vulcan"
7930th query was erroneous: got "The Duke Of Sussex", but expected "The Stage Door Public House"
7940th query was erroneous: got "Ye Olde Star Inn", but expected "Bridlington Sports Centre"
7942th query was erroneous: got "Anchor Hotel", but expected "Crown Paints Sports & Social Club"
7943th query was erroneous: got "Langley's", but expected "Crown & Anchor"
7970th query was erroneous: got "Mariners Arms", but expected "The Ballarat"
7972th query was erroneous: got "H R Wine Bar", but expected "The Retreat"
7978th query was erroneous: got "Old House", but expected "R A O B Club"
7982th query was erroneous: got "Cashino", but expected "Harlow Playhouse Cafe Bar"
7991th query was erroneous: got "County Music Bar", but expected "Ritzys"
8014th query was erroneous: got "Ayr Railway Welfare Club", but expected "Horseshoe Bar"
8015th query was erroneous: got "The Ship Inn", but expected "Virgin Active"
8017th query was erroneous: got "The Crown Bar", but expected "Strathdeveron Bar"
8022th query was erroneous: got "The Royal Oak", but expected "The Manvers Arms"
8027th query was erroneous: got "Ilford Liberal Club", but expected "O'Neills"
8032th query was erroneous: got "Old Co op", but expected "Darton Liberal W M C"
8057th query was erroneous: got "The Anglers", but expected "The Tide End Cottage"
8058th query was erroneous: got "The Stock Pot", but expected "Tame Valley Tennis & Squash Club"
8064th query was erroneous: got "Prestwick Bowling Club", but expected "Prestwick Golf Club"
8065th query was erroneous: got "The Green Man", but expected "The Millstone Inn"
8067th query was erroneous: got "Abacus & Attica & B-Lo", but expected "The Rising Sun"
8072th query was erroneous: got "Tow Bar Club", but expected "Falcon Bar"
8075th query was erroneous: got "That Bar", but expected "The Twa Tams Ltd"
8090th query was erroneous: got "Beehive PH", but expected "The Plough"
8091th query was erroneous: got "Charlton Kings Club And Institute", but expected "The Royal Hotel"
8098th query was erroneous: got "Da Vinci's Bar & Lounge", but expected "The George Hotel"
8106th query was erroneous: got "Millers Bar", but expected "The Three Hats"
8112th query was erroneous: got "Cotham Arms", but expected "White Bear"
8118th query was erroneous: got "Kiss Nightclub", but expected "Carlton Bingo"
8121th query was erroneous: got "The Baglan Hotel", but expected "The New Inn Hotel"
8123th query was erroneous: got "Top House", but expected "Thurmaston Progressive Working Mens Club"
8133th query was erroneous: got "Larkins' Alehouse Ltd", but expected "Cramp Institute"
8143th query was erroneous: got "Joe's", but expected "The Lansdowne"
8150th query was erroneous: got "Old Post Office", but expected "Carnarvon Castle"
8152th query was erroneous: got "FLEETWOOD CRICKET AND SPORTS CLUB", but expected "Fleetwood RUFC Bar"
8159th query was erroneous: got "The George Inn", but expected "Masonic Hall"
8161th query was erroneous: got "British Legion", but expected "The Sun"
8167th query was erroneous: got "Gordon Bennett bar & kitchen", but expected "The Fox & Hounds"
8170th query was erroneous: got "Black Bull", but expected "Whittlesey Conservative Club"
8176th query was erroneous: got "Clarette", but expected "The Angel In The Fields Public House"
8179th query was erroneous: got "Thai Quarter", but expected "Toby Carvery (Horsforth)"
8180th query was erroneous: got "Puzzle Hall Inn", but expected "Sowerby Bridge Cricket Club"
8181th query was erroneous: got "Knights Snooker Club", but expected "Hornchurch Conservative Club"
8184th query was erroneous: got "The Albion Inn", but expected "Duke Of York Inn"
8192th query was erroneous: got "The Drabbet Smock", but expected "Haverhill Ex Service Mens Club"
8216th query was erroneous: got "Alfreds Bar & Grill", but expected "Celtic Club"
8222th query was erroneous: got "Green Man Inn", but expected "The Horsted Club"
8227th query was erroneous: got "The Greyhound Inn", but expected "The Wheatsheaf"
8247th query was erroneous: got "Newton Bar", but expected "Tavern Bar"
8252th query was erroneous: got "Ship & Pelican", but expected "Royal Oak"
8256th query was erroneous: got "The New Inn", but expected "Walton Arlfc"
8257th query was erroneous: got "Tollemache Inn", but expected "The Reindeer Inn"
8261th query was erroneous: got "Harwood Arms", but expected "Redback"
8262th query was erroneous: got "The New Conway", but expected "The Halfway"
8273th query was erroneous: got "The Winston Churchill", but expected "Leicester Street Community Club"
8282th query was erroneous: got "Harehills WMC", but expected "Harehills Labour Club"
8284th query was erroneous: got "The Vaults", but expected "The Vine Inn"
8293th query was erroneous: got "Golden Lion", but expected "The Jolly Abbot"
8294th query was erroneous: got "Spencer Arms", but expected "Putney Town Bowling Club"
8309th query was erroneous: got "Gin Temple", but expected "Door Eighteen"
8310th query was erroneous: got "Dixie's Bar", but expected "The Cosham Social Club"
8318th query was erroneous: got "Albert's Schloss", but expected "Slug and Lettuce"
8336th query was erroneous: got "Promenade Club Ltd", but expected "Storm Cellar"
8345th query was erroneous: got "The Showbar", but expected "Babylon"
8353th query was erroneous: got "Prince Of Wales", but expected "White Horse Inn"
8357th query was erroneous: got "The Hermitage", but expected "The Waiting Room"
8371th query was erroneous: got "Sweyn Forkbeard", but expected "Horse And Jockey Public House"
8376th query was erroneous: got "Aaron P Stone's Casino Rooms", but expected "Two Brewers Public House"
8381th query was erroneous: got "Clwb Llanrwst", but expected "Pen Y Bryn"
8382th query was erroneous: got "Stanley Street Sports & Social Club", but expected "Grafton Hotel"
8386th query was erroneous: got "Little Hulton Conservative Club", but expected "Cyn's Tavern"
8387th query was erroneous: got "The Warehouse", but expected "Wino Bar And Merchants"
8392th query was erroneous: got "St Pauls Cricket Club (Stalybridge)", but expected "The Forester"
8396th query was erroneous: got "Albion Ale House", but expected "Globe Inn"
8408th query was erroneous: got "Morton Lodge No 89", but expected "Captain Flints"
8416th query was erroneous: got "Aber Hotel", but expected "R A O B Social Club"
8421th query was erroneous: got "Talk Of The Town", but expected "Paignton Cricket Club"
8422th query was erroneous: got "King William IV", but expected "Hornblower Tavern"
8427th query was erroneous: got "Auld Shillelagh", but expected "The Prince"
8433th query was erroneous: got "The War Office", but expected "Motherwell Masonic Social Club"
8436th query was erroneous: got "Derby West End Bowls Club", but expected "The Georgian House Hotel"
8445th query was erroneous: got "The Bull", but expected "The Crown"
8448th query was erroneous: got "Crystal Palace", but expected "The Mount Public House"
8460th query was erroneous: got "The Kirky Puffer", but expected "Kirkintilloch Miners Welfare And Social Club"
8469th query was erroneous: got "Metal Monocle", but expected "Dog House Bar Leicester"
8480th query was erroneous: got "Alcester Unionist Club Ltd", but expected "Turks Head"
8491th query was erroneous: got "The Kings School Recreation Centre", but expected "The Westgate Inn"
8495th query was erroneous: got "Sai La Vie", but expected "Lyndon Social Club"
8497th query was erroneous: got "Belushi's", but expected "Be At One Limited"
8506th query was erroneous: got "A Pint Of Hops", but expected "The Windmill"
8509th query was erroneous: got "New Variety Club", but expected "Keighley Playhouse"
8527th query was erroneous: got "The Britannia Inn", but expected "Headington Bowls Club"
8528th query was erroneous: got "Hetton & District WMC", but expected "The Prince Of Wales"
8533th query was erroneous: got "Star of the East", but expected "Urban Bar/Jamboree"
8536th query was erroneous: got "Portobello Star Public House", but expected "The Castle"
8541th query was erroneous: got "Performances Birmingham Ltd", but expected "The Flapper"
8545th query was erroneous: got "The Chantry Centre", but expected "Dursley Bowls Club"
8549th query was erroneous: got "Lord of the Manor", but expected "The Seven Oaks"
8557th query was erroneous: got "Dewsbury Socialist Club", but expected "Woodman Inn"
8558th query was erroneous: got "The Anchor And Hope", but expected "The Huntsman Tavern"
8566th query was erroneous: got "Apollo Bar & Venue", but expected "Scarborough Arms"
8571th query was erroneous: got "The Dark Horse", but expected "Bath Brew House"
8572th query was erroneous: got "Quench", but expected "Mid Sussex Conservative Club"
8577th query was erroneous: got "Freshwater Conservative Club", but expected "The Vine Inn"
8582th query was erroneous: got "GC Kitchen @ The Good Companions", but expected "National Association Of Railway Clubs"
8585th query was erroneous: got "Bridge Bar", but expected "Garvies"
8590th query was erroneous: got "Afflecks & Brown", but expected "Peer Hat"
8593th query was erroneous: got "Black Cherry", but expected "West Midlands Tavern"
8603th query was erroneous: got "Akenside Traders", but expected "Slug And Lettuce"
8615th query was erroneous: got "Royal British Legion Scotland", but expected "65 Club"
8618th query was erroneous: got "Milton Social Club", but expected "Milton Ale Shades"
8620th query was erroneous: got "Higham Sports And Social Club", but expected "The Griffin"
8627th query was erroneous: got "Sidmouth Bowling Club", but expected "Sidmouth Rugby Club"
8629th query was erroneous: got "Crown Inn", but expected "Royal Oak"
8636th query was erroneous: got "The Dun Cow", but expected "Dunelm Club"
8637th query was erroneous: got "Old Bath Arms", but expected "Frome and District Club & Institute"
8642th query was erroneous: got "Independant Order Of Oddfellows", but expected "Melbourne Bar"
8648th query was erroneous: got "Grawen Arms", but expected "Cyfarthfa Arms"
8655th query was erroneous: got "Grand Union", but expected "Dover Castle"
8656th query was erroneous: got "Editors Tap", but expected "Knights Templar"
8657th query was erroneous: got "THE ELMS INN", but expected "Trent Rowing Club"
8659th query was erroneous: got "The Tailors Arms", but expected "Wilford Farm Inn"
8663th query was erroneous: got "Crown And Anchor", but expected "Cousins Professional Snooker Club"
8671th query was erroneous: got "Lindley Liberal Club", but expected "No 10 Bar and Kitchen"
8682th query was erroneous: got "The Londoner", but expected "The Crimson Star"
8688th query was erroneous: got "The Kings Arms", but expected "Stow Masonic Club"
8691th query was erroneous: got "George & Dragon", but expected "The Old Red Lion"
8692th query was erroneous: got "Greyhound & Punchbowl", but expected "The Swan"
8723th query was erroneous: got "Dew Drop Inn", but expected "The Anchor Inn"
8732th query was erroneous: got "Puzzles Lounge", but expected "The Stone Works"
8734th query was erroneous: got "Leigh Labour Club", but expected "Las Fierbinti"
8735th query was erroneous: got "The Wych Elm", but expected "Sankey's Tap House"
8736th query was erroneous: got "ABERDEEN SQUASH CLUB - RAQUETS", but expected "ABERDEENSHIRE CRICKET CLUB"
8743th query was erroneous: got "The Eagle", but expected "Elephant and Castle"
8750th query was erroneous: got "Bullcroft Main Colliery Officials", but expected "Carcroft Village Social Club Ltd"
8762th query was erroneous: got "Carnero Lounge", but expected "House of Holes Limited"
8763th query was erroneous: got "Beerbohm", but expected "WIP Bar Ltd"
8771th query was erroneous: got "Copnor Snooker Club", but expected "Harvest Home"
8775th query was erroneous: got "Bar Eleven", but expected "MaQueens"
8783th query was erroneous: got "Spotted Cow", but expected "The McOrville Inn"
8784th query was erroneous: got "Old Aylestone Social Club Ltd", but expected "The Black Horse"
8797th query was erroneous: got "Apples and Pears", but expected "KT Holding Ltd"
8801th query was erroneous: got "The horseshoe inn", but expected "The hide"
8803th query was erroneous: got "Golden Fleece", but expected "Hole in the Wall"
8805th query was erroneous: got "The Millipede Ale House", but expected "Larrys"
8810th query was erroneous: got "Weybridge Cricket Club", but expected "The Jolly Farmer (Bar Only)"
8823th query was erroneous: got "Alphabetti Thearte", but expected "Villa Victoria Inn"
8839th query was erroneous: got "The Airedale Bar at The Hogarth Health Club", but expected "The Raven"
8844th query was erroneous: got "PEN Y COB / WETHERSPOONS", but expected "THE MITRE"
8852th query was erroneous: got "The Star Inn", but expected "The Millers Arms"
8865th query was erroneous: got "Pinxton Welfare Social Club", but expected "The Headstocks"
8873th query was erroneous: got "The Abel Heywood", but expected "The Shakespeare"
8874th query was erroneous: got "The County Hotel", but expected "Cartergate Social Club"
8876th query was erroneous: got "Towcester Mill Brewery Ltd", but expected "The Brave Old Oak"
8882th query was erroneous: got "Ighten Mount Bowling Club", but expected "Dugdale Arms"
8883th query was erroneous: got "Robins Nest", but expected "Liberton Golf Club"
8888th query was erroneous: got "The Cuckoo's Nest", but expected "The Ginnel"
8890th query was erroneous: got "Document House", but expected "Globe, The"
8899th query was erroneous: got "Banker's Draft", but expected "Park Tavern"
8908th query was erroneous: got "Royal Oak", but expected "Corsham Town Football Club"
8911th query was erroneous: got "PORTOBELLO LODGE NO 226", but expected "The Skylark"
8912th query was erroneous: got "The Eagle and Child", but expected "The Gillygate"
8923th query was erroneous: got "The Greyhound Inn", but expected "The Pykkerell"
8926th query was erroneous: got "The White Swan", but expected "Hop Inn"
8937th query was erroneous: got "The Resting Hare Pub", but expected "Lord John Russell P.H."
8946th query was erroneous: got "Maryhill Club 90", but expected "Punch Bowl"
8953th query was erroneous: got "The Darnley Arms", but expected "The Cricketers"
8957th query was erroneous: got "Masons Arms", but expected "The Hermitage Inn"
8959th query was erroneous: got "Lifeboatmens Social Club", but expected "The Lowestoft Players Ltd"
8960th query was erroneous: got "St Albans Conservative Club", but expected "St Albans Bowling Club"
8964th query was erroneous: got "Popworld", but expected "Exmouth Conservative Club"
8965th query was erroneous: got "Station Hotel", but expected "Cram's Bar"
8966th query was erroneous: got "310 Karaoke Lounge & Cafe", but expected "Foresters Inn Ltd"
8970th query was erroneous: got "The Kraken", but expected "Lawburn Inn"
8985th query was erroneous: got "Riverside Bar", but expected "Boat And Horses"
8987th query was erroneous: got "Carousel Club", but expected "The Book In Hand Pub"
8994th query was erroneous: got "Merry Go Round/Wacky Warehouse", but expected "Jacksons Wharf"
8996th query was erroneous: got "Christinas Bistro Ltd", but expected "Harleys/Fury Murys"
8998th query was erroneous: got "Hatton Arms", but expected "Bluebell Public House"
8999th query was erroneous: got "Flower of Kent", but expected "The Royal George"
9012th query was erroneous: got "Burghley Arms", but expected "Pyramid Club"
9013th query was erroneous: got "Station Hotel", but expected "Crackenedge Hotel"
9015th query was erroneous: got "Cullingworth And District Conservative Club (Bar Only)", but expected "The George Hotel"
9017th query was erroneous: got "Carousel Lounge", but expected "The Bell Inn"
9019th query was erroneous: got "Boot Laces", but expected "31 Club"
9024th query was erroneous: got "Waterhead Sports & Social Club", but expected "Church Inn"
9028th query was erroneous: got "Durham City Workmens Club and Institute Ltd", but expected "Bar 33"
9037th query was erroneous: got "East Kent Arms", but expected "Chambers"
9041th query was erroneous: got "Christinas Bistro Ltd", but expected "Tam O'Shanter Public House"
9043th query was erroneous: got "Cromwells", but expected "The White Lady"
9047th query was erroneous: got "Lochavullin Bar", but expected "The Lorne"
9056th query was erroneous: got "Staindrop Masonic Hall", but expected "Wheatsheaf Inn"
9060th query was erroneous: got "Sandbrook Vaults", but expected "The Crown"
9077th query was erroneous: got "Crown Inn", but expected "The Robin Hood"
9078th query was erroneous: got "The Crosswall", but expected "Revolution"
9080th query was erroneous: got "Dug 'n' Duck", but expected "The Real MacKay"
9090th query was erroneous: got "Chandler's Ford Central Club", but expected "THE STEEL TANK ALE HOUSE"
9091th query was erroneous: got "Leinster Arms Public House", but expected "Cleveland Arms Public House"
9102th query was erroneous: got "The White Swan", but expected "Old Malt Shovel"
9105th query was erroneous: got "The White Swan", but expected "The Royal Oak"
9108th query was erroneous: got "The Kings Arms", but expected "The Old House"
9119th query was erroneous: got "Honiton Working Mens Club", but expected "The Vine Inn And Tea Room"
9123th query was erroneous: got "The Apollo", but expected "Royal Oak Inn"
9131th query was erroneous: got "Chiswick Old Fire Station", but expected "The George IV"
9136th query was erroneous: got "Strathmore Cricket Club", but expected "Strathmore Rugby Club"
9142th query was erroneous: got "Croppers Arms", but expected "Marsh United Bowling Club"
9145th query was erroneous: got "The George", but expected "The Stag"
9155th query was erroneous: got "The Maltshovel", but expected "The REC"
9159th query was erroneous: got "Hole In The Wall", but expected "Royal National Theatre"
9163th query was erroneous: got "The White Hart", but expected "The Green Dragon"
9168th query was erroneous: got "Mother’s Ruin", but expected "Walthamstow Conservative Club"
9170th query was erroneous: got "The Black Bush", but expected "Washington Union Club"
9184th query was erroneous: got "Brambles", but expected "The Premier"
9187th query was erroneous: got "Royal British Legion Club", but expected "Monmouth Conservative Club"
9219th query was erroneous: got "Amble Masonic Hall", but expected "Amble Bowling Club"
9230th query was erroneous: got "The New Inn", but expected "The Black Swan"
9234th query was erroneous: got "Queens Head Hotel", but expected "Vulcan Inn"
9236th query was erroneous: got "West Auckland Town Football Club", but expected "West Auckland WMC & Institute Ltd"
9237th query was erroneous: got "The Regent", but expected "Further North Bar"
9243th query was erroneous: got "Kings Arms", but expected "Two Brewers"
9245th query was erroneous: got "Bell Inn", but expected "Sun Inn"
9249th query was erroneous: got "Swindon Rendezvous (The Tree)", but expected "The Tuppenny"
9251th query was erroneous: got "Cross Keys Inn", but expected "Lambton Arms"
9253th query was erroneous: got "Hillingdon Canal Club", but expected "The Dolphin"
9258th query was erroneous: got "Billingham Social Club", but expected "The Village Crossing Bar"
9259th query was erroneous: got "Bell Inn", but expected "Horse And Groom"
9260th query was erroneous: got "White Horse & Griffin", but expected "The Ship Inn"
9261th query was erroneous: got "Wyvern Club", but expected "Urban Social Club"
9268th query was erroneous: got "Ashton Bowling & Social Club", but expected "Thurlby Club LMRCA"
9270th query was erroneous: got "Crosses Corner PH", but expected "The Queen Victoria"
9271th query was erroneous: got "Two Steeples", but expected "The Tap And Barrel"
9275th query was erroneous: got "The Rhyd Hall", but expected "Tredegar Orpheus Music Centre"
9277th query was erroneous: got "Grove Social Club", but expected "The Greyhound Public House"
9298th query was erroneous: got "Royal Oak", but expected "Winslow Hotel"
9310th query was erroneous: got "The white horse", but expected "The nags head"
9312th query was erroneous: got "Cumberland Arms P H", but expected "The Albion"
9315th query was erroneous: got "Bracebridge Heath Sports & Social Club", but expected "Blacksmiths Arms"
9316th query was erroneous: got "Grafton Hotel", but expected "Worksop Sea Cadets"
9317th query was erroneous: got "The Crossroads", but expected "Sacriston Workmens Club"
9322th query was erroneous: got "The 'Duck'", but expected "The Nest"
9326th query was erroneous: got "Compton Cross", but expected "Dog & Duck Public House"
9329th query was erroneous: got "The Grebe", but expected "Swan Inn"
9331th query was erroneous: got "J J Moons", but expected "The Little Taperia"
9335th query was erroneous: got "John Jacques", but expected "Portsmouth Rail Social Club"
9338th query was erroneous: got "Imperial Pub", but expected "New Flamingos"
9344th query was erroneous: got "JK's", but expected "The Crown Inn"
9362th query was erroneous: got "Spread Eagle", but expected "Sportsman"
9371th query was erroneous: got "The Lion", but expected "Waddesdon Bowls Club"
9372th query was erroneous: got "Appleby Masonic Club", but expected "Royal British Legion Club Appleby"
9375th query was erroneous: got "Catholic Social Club", but expected "The Sugar Loaf"
9381th query was erroneous: got "Halifax RUFC", but expected "Illingworth Sports Club"
9382th query was erroneous: got "No 2 Church Lane", but expected "The Rabbit"
9389th query was erroneous: got "The Star And Garter", but expected "Rushden Golf Club"
9391th query was erroneous: got "The Finkle", but expected "The Blackamoor Head Hotel"
9394th query was erroneous: got "NO.0  Masonic Social Club", but expected "Abbey Gates Bar"
9395th query was erroneous: got "Stranraer Football Club", but expected "Wigtownshire Rugby Football Club"
9397th query was erroneous: got "Charters", but expected "Gildenburgh Adults Mess Club"
9403th query was erroneous: got "Pontllanfraith Club", but expected "Plough Inn"
9404th query was erroneous: got "Rye Literary Institute", but expected "Union Inn"
9418th query was erroneous: got "Hill Top Club", but expected "The Legion"
9420th query was erroneous: got "Union Inn", but expected "Ypres Castle Inn"
9422th query was erroneous: got "Brighton Tavern", but expected "The Prince George (wet Sales)"
9424th query was erroneous: got "Fitzwilliam Arms", but expected "Cobcar Sports & Social"
9428th query was erroneous: got "The Bradley Hotel", but expected "R.A.O.B Club"
9432th query was erroneous: got "Leeds Grand Theatre And Opera House", but expected "The Picture House"
9437th query was erroneous: got "Potters Snooker Club", but expected "McGlones"
9456th query was erroneous: got "Railway Club", but expected "Bogarts"
9465th query was erroneous: got "Will Adams PH", but expected "The Napier Arms"
9466th query was erroneous: got "Ealing Squash & Fitness Centre", but expected "The Haven Arms"
9475th query was erroneous: got "The Magnet", but expected "Deal Town Football Supporters Club"
9476th query was erroneous: got "George And Horn", but expected "Kingsclere Bowling Club"
9492th query was erroneous: got "How Do You Do", but expected "The Salty Sea Dog"
9493th query was erroneous: got "Glenn Sports & Social Club", but expected "The Wishing Well"
9499th query was erroneous: got "PORTOBELLO LODGE NO 226", but expected "Espy"
9500th query was erroneous: got "DC4BARS Limited", but expected "Rose and Crown"
9502th query was erroneous: got "Chiswick Old Fire Station", but expected "The Crown"
9508th query was erroneous: got "Caskbar", but expected "Entwistle Hotel"
9510th query was erroneous: got "Three Graces", but expected "Stoneham(wet Sales)"
9513th query was erroneous: got "The Snipe", but expected "Duke Of Sussex"
9515th query was erroneous: got "Craghead Victory and Social Club", but expected "The Punch Bowl"
9522th query was erroneous: got "Grange Social Club", but expected "Inn On The Green"
9528th query was erroneous: got "The Prince Albert", but expected "Edgeley Conservative Club"
9534th query was erroneous: got "147 Sports Bar", but expected "Pudsey St Lawrence Cricket Club"
9536th query was erroneous: got "LODGE ST MARGARET SOCIAL CLUB", but expected "The Ferry Tap"
9544th query was erroneous: got "Cue Point Ltd (inside the Rose and Crown)", but expected "Rose and Crown"
9550th query was erroneous: got "Old Oyster House", but expected "Langstone Harbour Fishermens Association"
9554th query was erroneous: got "The Bear Inn", but expected "Rose & Crown"
9590th query was erroneous: got "Sandgate Hotel", but expected "Earl of Clarendon"
9591th query was erroneous: got "The Time Piece", but expected "West Riding"
9595th query was erroneous: got "The White Hart", but expected "M.V.D. Limited"
9600th query was erroneous: got "Billionaires", but expected "Kino Lounge"
9604th query was erroneous: got "BREAKNECK COMEDY CLUB", but expected "ARCHIBALD SIMPSON"
9609th query was erroneous: got "Cannick Tapps", but expected "The Banker"
9613th query was erroneous: got "Cricketers Pub", but expected "The Melrose"
9617th query was erroneous: got "Scholars", but expected "The Empire"
9622th query was erroneous: got "Cock Hotel", but expected "Masons Arms"
9626th query was erroneous: got "AITCHIES ALE HOUSE", but expected "MALONE'S"
9628th query was erroneous: got "Rule 7", but expected "The Iron Duke"
9631th query was erroneous: got "Joshua Brooks", but expected "The Salisbury"
9633th query was erroneous: got "Prince Of Wales Hotel", but expected "Masbrough Sports & Social Club"
9635th query was erroneous: got "The Vine Inn", but expected "The Vaults"
9638th query was erroneous: got "Three Horse Shoes Hotel", but expected "Barnard Castle Workingmens Club and Institute"
9642th query was erroneous: got "Chase", but expected "The Anvil Inn"
9661th query was erroneous: got "Surbiton Masonic Hall Limited", but expected "Coronation Hall"
9662th query was erroneous: got "Pride Of Paddington Public House", but expected "Mad Bishop & Bear"
9664th query was erroneous: got "Kings Arms Hotel", but expected "Jeffersons"
9668th query was erroneous: got "CRICKETERS ARMS", but expected "PORTHILL PARK CRICKET CLUB"
9670th query was erroneous: got "THE JUNCTION", but expected "Anglesey Arms"
9675th query was erroneous: got "The George", but expected "The Upsteps"
9677th query was erroneous: got "Chatteris Cricket Club", but expected "The Honest John"
9679th query was erroneous: got "Rushden Working Mens Club", but expected "The Wheatsheaf Rushden Ltd"
9681th query was erroneous: got "Burghley Arms", but expected "Red Lion Public House"
9686th query was erroneous: got "LODGE TRAFALGAR", but expected "STELLA MARIS CENTRE"
9689th query was erroneous: got "Bar and Beyond", but expected "OHM"
9690th query was erroneous: got "Willow Royd Masonic Cmtee Club", but expected "Greetland Cricket & Bowling Cl"
9691th query was erroneous: got "Flying Horse Public House", but expected "The Meeting Place"
9696th query was erroneous: got "The Packhorse", but expected "The Happy Man"
9698th query was erroneous: got "Dee Club", but expected "Cox's Cafe Bar"
9702th query was erroneous: got "Bar 20", but expected "Planet Of The Grapes"
9717th query was erroneous: got "Langley's", but expected "Phoenix"
9726th query was erroneous: got "South Street Arts Centre Bar", but expected "Ukrainian Social Club"
9735th query was erroneous: got "Alma", but expected "Shakers Bar"
9751th query was erroneous: got "Bishops Cleeve Football Club", but expected "Newlands Park Sports And Social Club"
9752th query was erroneous: got "Celadon Thai Restaurant", but expected "The Old Crown"
9756th query was erroneous: got "Bridgnorth Bowling Club", but expected "The Woodberry Inn"
9760th query was erroneous: got "The Plough Inn", but expected "Tilehurst Royal British Legion"
9761th query was erroneous: got "The Windmill", but expected "Zeitgeist @ The Jolly Gardeners"
9765th query was erroneous: got "The White Horse", but expected "Chequers Inn"
9781th query was erroneous: got "Banister Park", but expected "The Trojans Club"
9790th query was erroneous: got "The Angel", but expected "The Vine Inn"
9796th query was erroneous: got "Bradley & Colnebridge WMC", but expected "White Cross Inn"
9802th query was erroneous: got "The Royal Mortar", but expected "The British Grenadier"
9805th query was erroneous: got "The Otters Head", but expected "Glenrothes Rugby Club"
9810th query was erroneous: got "Surbiton Methodist Tennis Club", but expected "Surbiton Racket & Fitness Club"
9814th query was erroneous: got "Queenborough Yacht Club", but expected "The Admiral's Arm"
9820th query was erroneous: got "Alma", but expected "Harwich Town Sailing Club"
9826th query was erroneous: got "Stumps", but expected "Deoch An Dorus"
9828th query was erroneous: got "Red Lion Public House", but expected "The Cock Inn"
9847th query was erroneous: got "The Chancery", but expected "Beckenham Theatre"
9855th query was erroneous: got "Heriot's Cricket Club", but expected "Goldenacre Bowling Club"
9859th query was erroneous: got "Prince Albert", but expected "The Sun"
9870th query was erroneous: got "Basildon Snooker Centre", but expected "The Edge"
9878th query was erroneous: got "Beam and Brycg", but expected "Walton Arms"
9879th query was erroneous: got "Canterbury Tales", but expected "The Marlowe Theatre"
9880th query was erroneous: got "Earl Ferrers", but expected "The Rabbit Hole"
9883th query was erroneous: got "Original Oak", but expected "The Box"
9887th query was erroneous: got "Katie's", but expected "The Field"
9889th query was erroneous: got "Club K", but expected "The Bulstrode Pub"
9890th query was erroneous: got "Battersea Labour Club", but expected "Suburb SW11"
9892th query was erroneous: got "Black Horse", but expected "The British Queen"
9905th query was erroneous: got "Felixstowe Fire Station Social Club", but expected "Felixstowe Conservative Club Ltd"
9908th query was erroneous: got "Merlins Bar", but expected "Motherwell Bowling Club"
9910th query was erroneous: got "All Inn (HL)", but expected "Staveley Legionaires Club"
9914th query was erroneous: got "Park View W M Club", but expected "The Forts Arms"
9921th query was erroneous: got "Morley Conservative Club", but expected "The Royal"
9923th query was erroneous: got "Wheatsheaf Inn", but expected "Eight Bells Public House"
9925th query was erroneous: got "Barfly Club Ltd", but expected "The Anchor"
9927th query was erroneous: got "The Cambridge Brew House", but expected "Admiral Casino"
9930th query was erroneous: got "Codrington Arms", but expected "Yate Town Football Club"
9939th query was erroneous: got "Masque Haunt Public House", but expected "Britannia Public House"
9942th query was erroneous: got "Tadcaster Magnet Sports & Soc. Club", but expected "Fox & Hounds"
9944th query was erroneous: got "Emmanuel Community Church", but expected "The White Hart"
9945th query was erroneous: got "FRIENDSHIP INN (Public House)", but expected "The Railway Inn (Von's)"
9950th query was erroneous: got "Biddle Brothers", but expected "The Elderfield"
9954th query was erroneous: got "The Base", but expected "Elgins Lodge At Leven No 91"
9957th query was erroneous: got "Beith Masonic Club", but expected "Masonic Jacz"
9959th query was erroneous: got "The Stag and Pheasant", but expected "Malt Shovel (Hartshill) Ltd"
9963th query was erroneous: got "Ipswich And Suffolk Club", but expected "Cock And Pye Public House"
9973th query was erroneous: got "Marcia Inn", but expected "The Ebor Inn"
9975th query was erroneous: got "Downham Market Club", but expected "The Swan Hotel"
9977th query was erroneous: got "Shipwrights arms", but expected "The alexander hay"
9981th query was erroneous: got "Victoria Inn", but expected "Black Swan Inn"
9983th query was erroneous: got "The Railway Tavern", but expected "The Old Hammam and Spa"
9988th query was erroneous: got "Watermans Arms", but expected "Barley Mow (Bar Only)"
Loading dataset (46988 vectors of length 2) to the CPU took 0.16763949394226074
Transferring dataset to the GPU took 0.2200307846069336
Loading queries (10000 vectors of length 2) to the CPU took 0.003342866897583008
Transferring queries to the GPU took 0.00012993812561035156
Performing 10000 NN queries took 5.253862380981445
Number of erroneous queries: 1760
Transferring results to the CPU took 0.00014829635620117188
Data: /data/courses/2026_dat471_dit066/datasets/pubs/pubs.csv, Query: /data/courses/2026_dat471_dit066/datasets/pubs/pub_queries_big.txt, Batch size: 1
